# addr	region	size	name  (STT_OBJECT, plus absolute symbols landing in a GBA region)
0x02000000	ewram	0x0	EWRAM_START
0x02020000	ewram	0x4	gFlashTimerIntrFunc
0x02020004	ewram	0x1144	gSprites
0x02021148	ewram	0x80	sSpritePriorities
0x020211C8	ewram	0x1	gAffineAnimsDisabled
0x020211CC	ewram	0x2000	gBGTilemapBuffers
0x020231CC	ewram	0x100	gStringVar1
0x020232CC	ewram	0x100	gStringVar2
0x020233CC	ewram	0x100	gStringVar3
0x020234CC	ewram	0x100	gStringVar4
0x020238B4	ewram	0x1	gLinkTestDebugValuesEnabled
0x020238B5	ewram	0x1	gLinkTestDummyBool
0x020238B8	ewram	0x4	gFiller_20238B8
0x020238BC	ewram	0x4	dword_20238BC
0x020238C0	ewram	0x1	gLinkOpen
0x020238C4	ewram	0x1	sLinkSendTaskId
0x020238C5	ewram	0x1	sLinkReceiveTaskId
0x020238C6	ewram	0x1	gUnknown_020238C6
0x02024E88	ewram	0x1	sLearningMoveTableID
0x02024E8C	ewram	0x18	gCreatingSpriteTemplate
0x02024EA4	ewram	0x890	gSaveBlock2
0x02025734	ewram	0x3AC0	gSaveBlock1
0x020291F4	ewram	0x4D8	gLoadedSaveData
0x020296CC	ewram	0x34	gUnknown_020296CC
0x02029700	ewram	0xD8	gUnknown_02029700
0x020297D8	ewram	0x2	gUnknown_020297D8
0x020297DC	ewram	0x1	gUnknown_020297DC
0x020297E0	ewram	0x4	gUnknown_020297E0
0x020297E4	ewram	0x4	gUnknown_020297E4
0x020297E8	ewram	0x1	gUnknown_020297E8
0x020297EC	ewram	0x1	gDifferentSaveFile
0x020297ED	ewram	0x1	gUnknown_020297ED
0x020297F0	ewram	0x8	gLastUsedWarp
0x020297F8	ewram	0x8	gWarpDestination
0x02029800	ewram	0x8	gFixedDiveWarp
0x02029808	ewram	0x8	gFixedHoleWarp
0x02029810	ewram	0x4	gInitialPlayerAvatarState
0x02029814	ewram	0x2	sAmbientCrySpecies
0x02029816	ewram	0x1	sIsAmbientCryWaterMon
0x02029818	ewram	0x10	gLinkPlayerObjectEvents
0x02029828	ewram	0x5000	gBackupMapData
0x0202E828	ewram	0x1C	gMapHeader
0x0202E844	ewram	0xC	gCamera
0x0202E850	ewram	0x4	gMapConnectionFlags
0x0202E854	ewram	0x1	gUnusedBikeCameraAheadPanback
0x0202E858	ewram	0x24	gPlayerAvatar
0x0202E87C	ewram	0x30	gFieldMessageBoxWindow
0x0202E8AC	ewram	0x4	gRamScriptRetAddr
0x0202E8B0	ewram	0x4	gUnknown_0202E8B0
0x0202E8B4	ewram	0x2	sPauseCounter
0x0202E8B6	ewram	0x2	sMovingNpcId
0x0202E8B8	ewram	0x2	sMovingNpcMapBank
0x0202E8BA	ewram	0x2	sMovingNpcMapId
0x0202E8BC	ewram	0x2	sFieldEffectScriptId
0x0202E8C0	ewram	0x1	sWildEncounterImmunitySteps
0x0202E8C2	ewram	0x2	sPreviousPlayerMetatileBehavior
0x0202E8C4	ewram	0x2	gSpecialVar_0x8000
0x0202E8C6	ewram	0x2	gSpecialVar_0x8001
0x0202E8C8	ewram	0x2	gSpecialVar_0x8002
0x0202E8CA	ewram	0x2	gSpecialVar_0x8003
0x0202E8CC	ewram	0x2	gSpecialVar_0x8004
0x0202E8CE	ewram	0x2	gSpecialVar_0x8005
0x0202E8D0	ewram	0x2	gSpecialVar_0x8006
0x0202E8D2	ewram	0x2	gSpecialVar_0x8007
0x0202E8D4	ewram	0x2	gSpecialVar_0x8008
0x0202E8D6	ewram	0x2	gSpecialVar_0x8009
0x0202E8D8	ewram	0x2	gSpecialVar_0x800A
0x0202E8DA	ewram	0x2	gSpecialVar_0x800B
0x0202E8DC	ewram	0x2	gSpecialVar_Result
0x0202E8DE	ewram	0x2	gSpecialVar_LastTalked
0x0202E8E0	ewram	0x2	gSpecialVar_Facing
0x0202E8E2	ewram	0x10	gUnknown_0202E8E2
0x0202E8F4	ewram	0x1	gUnknown_0202E8F4
0x0202E8F5	ewram	0x1	gUnknown_0202E8F5
0x0202E8F6	ewram	0x1	gPartyMenuMessage_IsPrinting
0x0202E8F8	ewram	0x2	gUnknown_0202E8F8
0x0202E8FA	ewram	0x1	gPartyMenuType
0x0202E8FC	ewram	0x1	sStartMenuCursorPos
0x0202E8FD	ewram	0x1	sNumStartMenuActions
0x0202E8FE	ewram	0xA	sCurrentStartMenuActions
0x0202E908	ewram	0x30	gMenuWindow
0x0202E938	ewram	0x90	gFiller_202E908
0x0202E9C8	ewram	0x4	gMenuWindowPtr
0x0202E9CC	ewram	0x1	gMenuMultistepInitState
0x0202E9CE	ewram	0x2	gMenuTextTileOffset
0x0202E9D0	ewram	0x2	gMenuTextWindowTileOffset
0x0202E9D2	ewram	0x2	gMenuTextWindowContentTileOffset
0x0202E9D4	ewram	0x2	gMenuMessageBoxContentTileOffset
0x0202E9D8	ewram	0xF0	gTilesetAnimDmas
0x0202EAC8	ewram	0x400	gPlttBufferUnfaded
0x0202EEC8	ewram	0x400	gPlttBufferFaded
0x0202F2C8	ewram	0xC0	sPaletteStructs
0x0202F388	ewram	0xC	gPaletteFade
0x0202F394	ewram	0x4	gFiller_202F394
0x0202F398	ewram	0x4	sPlttBufferTransferPending
0x0202F39C	ewram	0x400	sPaletteDecompressionBuffer
0x0202F79C	ewram	0x4	gMPlay_PokemonCry
0x0202F7A0	ewram	0x1	gPokemonCryBGMDuckingCounter
0x0202F7A4	ewram	0x4	sBattleAnimScriptPtr
0x0202F7A8	ewram	0x4	gBattleAnimScriptRetAddr
0x0202F7AC	ewram	0x4	gAnimScriptCallback
0x0202F7B0	ewram	0x1	gAnimFramesToWait
0x0202F7B1	ewram	0x1	gAnimScriptActive
0x0202F7B2	ewram	0x1	gAnimVisualTaskCount
0x0202F7B3	ewram	0x1	gAnimSoundTaskCount
0x0202F7B4	ewram	0x4	gAnimDisableStructPtr
0x0202F7B8	ewram	0x4	gAnimMoveDmg
0x0202F7BC	ewram	0x2	gAnimMovePower
0x0202F7BE	ewram	0x1	gAnimFriendship
0x0202F7C0	ewram	0x2	gWeatherMoveAnim
0x0202F7C2	ewram	0x2	gMonAnimTaskIdArray
0x0202F7C4	ewram	0x1	gAnimMoveTurn
0x0202F7C5	ewram	0x1	sAnimBackgroundFadeState
0x0202F7C6	ewram	0x2	sAnimMoveIndex
0x0202F7C8	ewram	0x1	gBattleAnimAttacker
0x0202F7C9	ewram	0x1	gBattleAnimTarget
0x0202F7CA	ewram	0x8	gAnimSpeciesByBanks
0x0202F7D2	ewram	0x1	gUnknown_0202F7D2
0x0202F7D4	ewram	0x4	gUnknown_0202F7D4
0x0202F7D8	ewram	0xC	filler_0202F7D8
0x0202F7E4	ewram	0x1	gUnknown_0202F7E4
0x0202F7E8	ewram	0x750	gWeather
0x0202FF38	ewram	0x20	gFieldEffectPaletteGammaTypes
0x0202FF58	ewram	0x2	gUnknown_0202FF58
0x0202FF5C	ewram	0x2	sTrainerBattleMode
0x0202FF5E	ewram	0x2	gTrainerBattleOpponent
0x0202FF60	ewram	0x2	sTrainerObjectEventLocalId
0x0202FF64	ewram	0x4	sTrainerIntroSpeech
0x0202FF68	ewram	0x4	sTrainerDefeatSpeech
0x0202FF6C	ewram	0x4	sTrainerVictorySpeech
0x0202FF70	ewram	0x4	sTrainerCannotBattleSpeech
0x0202FF74	ewram	0x4	sTrainerBattleScriptRetAddr
0x0202FF78	ewram	0x4	sTrainerBattleEndScript
0x0202FF7C	ewram	0x1	gWildEncountersDisabled
0x0202FF80	ewram	0x4	sFeebasRngValue
0x0202FF84	ewram	0x20	gFieldEffectArguments
0x0202FFA4	ewram	0x1	sShouldStopWaveTask
0x0202FFA8	ewram	0x1	sPokeMenuCursorPos
0x0202FFA9	ewram	0x1	sPokeMenuOptionsNo
0x0202FFAA	ewram	0x8	sPokeMenuOptionsOrder
0x0202FFB4	ewram	0x4	gPokedexView
0x0202FFB8	ewram	0x2	sLastSelectedPokemon
0x0202FFBA	ewram	0x1	sPokeBallRotation
0x0202FFBC	ewram	0x4	sPokedexListItem
0x0202FFC0	ewram	0xE0	gTrainerCards
0x020300A0	ewram	0x83D0	gPokemonStorage
0x02038470	ewram	0x3	gBattlePartyCurrentOrder
0x02038473	ewram	0x1	gUnknown_02038473
0x02038474	ewram	0x1	gUnknown_02038474
0x02038478	ewram	0x4	gUnknown_02038478
0x0203847C	ewram	0x1	gUnknown_0203847C
0x0203847D	ewram	0x1	gUnknown_0203847D
0x0203847E	ewram	0x1	gUnknown_0203847E
0x0203847F	ewram	0x1	gUnknown_0203847F
0x02038480	ewram	0x64	gUnknown_02038480
0x020384E4	ewram	0x1	sBoxCursorArea
0x020384E5	ewram	0x1	sBoxCursorPosition
0x020384E6	ewram	0x1	gUnknown_020384E6
0x020384E7	ewram	0x1	gUnknown_020384E7
0x020384E8	ewram	0x1	gUnknown_020384E8
0x020384E9	ewram	0x1	gUnknown_020384E9
0x020384EA	ewram	0x1	gUnknown_020384EA
0x020384EC	ewram	0x4	gUnknown_020384EC
0x020384F0	ewram	0x1	gUnknown_020384F0
0x020384F4	ewram	0x4	gUnknown_020384F4
0x020384F8	ewram	0x40	gUnknown_020384F8
0x02038538	ewram	0x1	sTaskId
0x0203853C	ewram	0x4	gUnknown_0203853C
0x02038540	ewram	0x4	gUnknown_02038540
0x02038544	ewram	0xC	gUnknown_02038544
0x02038550	ewram	0x4	gUnknown_02038550
0x02038554	ewram	0x4	gUnknown_02038554
0x02038558	ewram	0x1	gUnknown_02038558
0x02038559	ewram	0x1	sCurrentBagPocket
0x0203855A	ewram	0x1	gUnknown_0203855A
0x0203855B	ewram	0x1	gUnknown_0203855B
0x0203855C	ewram	0x1	gUnknown_0203855C
0x0203855E	ewram	0x2	gSpecialVar_ItemId
0x02038560	ewram	0x1	gCurSelectedItemSlotIndex
0x02038561	ewram	0x1	gPokemonItemUseType
0x02038562	ewram	0x1	gUnknown_02038562
0x02038563	ewram	0x1	gUnknown_02038563
0x02038564	ewram	0x1	gUnknown_02038564
0x02038568	ewram	0x1	sPokeballSpriteId
0x0203856C	ewram	0x1	gUnknown_0203856C
0x02038570	ewram	0x100	gContestMons
0x02038670	ewram	0x8	gContestMonRound1Points
0x02038678	ewram	0x8	gContestMonTotalPoints
0x02038680	ewram	0x8	gContestMonAppealPointTotals
0x02038688	ewram	0x8	gContestMonRound2Points
0x02038690	ewram	0x4	gContestFinalStandings
0x02038694	ewram	0x1	gContestMonPartyIndex
0x02038695	ewram	0x1	gContestPlayerMonIndex
0x02038696	ewram	0x4	gContestantTurnOrder
0x0203869A	ewram	0x1	gIsLinkContest
0x0203869B	ewram	0x1	gContestLinkLeaderIndex
0x0203869C	ewram	0x2	gSpecialVar_ContestCategory
0x0203869E	ewram	0x2	gSpecialVar_ContestRank
0x020386A0	ewram	0x4	gMartTotalCost
0x020386A4	ewram	0x80	gMartViewportObjects
0x02038724	ewram	0xC	gMartPurchaseHistory
0x02038730	ewram	0x1	gMartPurchaseHistoryId
0x02038731	ewram	0x1	gUnknown_02038731
0x02038734	ewram	0x1	gUnknown_02038734
0x02038738	ewram	0x78	gDayCareMailRecord
0x020387B0	ewram	0x1	gUnknown_020387B0
0x020387B1	ewram	0x1	gUnknown_020387B1
0x020387B2	ewram	0x1	gUnknown_020387B2
0x020387B3	ewram	0x1	sDriverTestSelection
0x020387B4	ewram	0x24	sSoundTestParams
0x020387D8	ewram	0x1	gUnknown_020387D8
0x020387D9	ewram	0x1	gUnknown_020387D9
0x020387DC	ewram	0x1	gCurrentSecretBaseId
0x020387E0	ewram	0x2	gUnknown_020387E0
0x020387E2	ewram	0x2	gUnknown_020387E2
0x020387E4	ewram	0x1	gUnknown_020387E4
0x020387E8	ewram	0x1	sTVShowState
0x020387EC	ewram	0x4	gUnknown_020387EC
0x020387F0	ewram	0xE	gRotatingGate_GateSpriteIds
0x02038800	ewram	0x4	gRotatingGate_PuzzleConfig
0x02038804	ewram	0x1	gRotatingGate_PuzzleCount
0x02038808	ewram	0x1	gNumSafariBalls
0x0203880A	ewram	0x2	gSafariZoneStepCounter
0x0203880C	ewram	0xA0	gPokeblockFeeders
0x020388AC	ewram	0x1	gUnknown_020388AC
0x020388B0	ewram	0x4	gUnknown_020388B0
0x020388B4	ewram	0x2	gUnknown_020388B4
0x020388B8	ewram	0x4	sMenu
0x020388BC	ewram	0x2	gUnknown_020388BC
0x020388C0	ewram	0x4	gVerticalScrollIndicatorIds
0x020388C4	ewram	0x8	gUnknown_020388C4
0x020388CC	ewram	0x4	gRegionMap
0x020388D0	ewram	0x4	gUnknown_020388D0
0x020388D4	ewram	0x1	gUnknown_020388D4
0x020388D5	ewram	0x1	gUnknown_020388D5
0x020388D6	ewram	0x10	gUnknown_020388D6
0x020388E6	ewram	0xC	gUnknown_020388E6
0x020388F2	ewram	0x1	gUnknown_020388F2
0x020388F3	ewram	0x1	gUnknown_020388F3
0x020388F4	ewram	0x1	gUnknown_020388F4
0x020388F5	ewram	0x1	gUnknown_020388F5
0x020388F6	ewram	0x1	gUnknown_020388F6
0x020388F7	ewram	0x8	gUnknown_020388F7
0x02038900	ewram	0x8A4	gUnknown_02038900
0x020391A4	ewram	0x2	gUnknown_020391A4
0x020391A6	ewram	0x2	gUnknown_020391A6
0x020391A8	ewram	0x1	gUnknown_020391A8
0x020391A9	ewram	0x1	gUnknown_020391A9
0x020391AA	ewram	0x1	gUnknown_020391AA
0x020391AC	ewram	0x8	gUnknown_020391AC
0x020391B4	ewram	0x80	gUnknown_020391B4
0x02039234	ewram	0x1	gUnknown_02039234
0x02039238	ewram	0x4	gAIScriptPtr
0x0203923C	ewram	0x8	gPlayerFacingPosition
0x02039244	ewram	0x1	gUnknown_02039244
0x02039248	ewram	0x4	gUnknown_02039248
0x0203924C	ewram	0x1	gUnknown_0203924C
0x02039250	ewram	0x1	gBikeCyclingChallenge
0x02039251	ewram	0x1	gBikeCollisions
0x02039254	ewram	0x4	gBikeCyclingTimer
0x02039258	ewram	0x1	gUnknown_02039258
0x02039259	ewram	0x1	gPetalburgGymSlidingDoorIndex
0x0203925A	ewram	0x1	gUnknown_0203925A
0x0203925B	ewram	0x1	gUnknown_0203925B
0x0203925C	ewram	0x1	gUnknown_0203925C
0x02039260	ewram	0x2	gUnknown_02039260
0x02039262	ewram	0x2	gUnknown_02039262
0x02039264	ewram	0x2	gUnknown_02039264
0x02039266	ewram	0x2	gUnknown_02039266
0x02039268	ewram	0x2	gUnknown_02039268
0x0203926A	ewram	0x2	gUnknown_0203926A
0x0203926C	ewram	0x4	gAbilitiesPerBank
0x02039270	ewram	0x3	gSelectedOrderFromParty
0x02039274	ewram	0x4	sCableCarPtr
0x02039278	ewram	0x1	gUnknown_02039278
0x02039279	ewram	0x1	gUnknown_02039279
0x0203927A	ewram	0x1	gUnknown_0203927A
0x0203927B	ewram	0x1	gUnknown_0203927B
0x0203927C	ewram	0x1	gUnknown_0203927C
0x0203927D	ewram	0x1	gUnknown_0203927D
0x02039280	ewram	0x4	filler_02039280
0x02039284	ewram	0x4	gLastSaveSectorStatus
0x02039288	ewram	0x74	sMysteryEventScriptContext
0x020392FC	ewram	0x6	sLocationHistory
0x02039302	ewram	0x2	sRoamerLocation
0x02039304	ewram	0x4	gUnknown_02039304
0x02039308	ewram	0x4	gUnknown_02039308
0x0203930C	ewram	0x4	gUnknown_0203930C
0x02039310	ewram	0x1	gPokeblockMonID
0x02039312	ewram	0x2	gPokeblockGain
0x02039314	ewram	0x4	gPcItemMenuOptionOrder
0x02039318	ewram	0x2	gUnknown_02039318
0x0203931A	ewram	0x2	gUnknown_0203931A
0x0203931C	ewram	0x4	sHofFadePalettes
0x02039320	ewram	0x2	gUnknown_02039320
0x02039322	ewram	0x2	sSavedTaskId
0x02039324	ewram	0x1	gHasHallOfFameRecords
0x02039325	ewram	0x1	sUsedSpeedUp
0x02039328	ewram	0x2	sWinNumberDigit
0x0203932A	ewram	0x2	sOtIdDigit
0x0203932C	ewram	0x1	gUnknown_0203932C
0x0203932E	ewram	0xA	gUnknown_0203932E
0x02039338	ewram	0x1	gUnknown_02039338
0x0203933C	ewram	0x2	gSaveFailedType
0x0203933E	ewram	0x12	gSaveFailedClockInfo
0x02039350	ewram	0x8	sPokeblockFeedSpritePal
0x02039358	ewram	0x2	gUnknown_02039358
0x0203935A	ewram	0x2	gUnknown_0203935A
0x0203935C	ewram	0x2	gIntroCredits_MovingSceneryState
0x0203A360	ewram	0x20	gUnknown_0203A360
0x0203A380	ewram	0x50	gMenuCursorSubsprites
0x0203A3D0	ewram	0x1	gUnknown_0203A3D0
0x0203A3D1	ewram	0x1	gUnknown_0203A3D1
0x0203A3D2	ewram	0x1	gUnknown_0203A3D2
0x0203A3D3	ewram	0x1	gUnknown_0203A3D3
0x0203A3D4	ewram	0x1	gUnknown_0203A3D4
0x03000000	iwram	0x0	IWRAM_START
0x03000080	iwram	0x100	sSpriteTileRanges
0x03000180	iwram	0x180	sAffineAnimStates
0x03000300	iwram	0x20	sSpritePaletteTags
0x03000320	iwram	0x4	sMultistepLoadFont_Window
0x03000324	iwram	0x2	sMultistepLoadFont_StartOffset
0x03000326	iwram	0x2	sMultistepLoadFont_Index
0x03000328	iwram	0x30	sTempWindow
0x03000358	iwram	0x1	sWaitType
0x03000359	iwram	0x1	sLineLength
0x03000360	iwram	0x84	sGlyphBuffer
0x030003E8	iwram	0xC	sBlockSend
0x030003F8	iwram	0x30	sBlockRecv
0x03000428	iwram	0x4	sBlockSendDelayCounter
0x0300042C	iwram	0x4	sDummy1
0x03000430	iwram	0x1	sDummy2
0x03000434	iwram	0x4	sPlayerDataExchangeStatus
0x03000438	iwram	0x4	sErrorLinkStatus
0x0300043C	iwram	0x4	sErrorLastRecvQueueCount
0x03000440	iwram	0x4	sErrorLastSendQueueCount
0x03000444	iwram	0x4	sDummy3
0x03000448	iwram	0x1	sLinkTestLastBlockSendPos
0x0300044C	iwram	0x4	sLinkTestLastBlockRecvPos
0x03000450	iwram	0x1	sNumVBlanksWithoutSerialIntr
0x03000451	iwram	0x1	sSendBufferEmpty
0x03000452	iwram	0x2	sSendNonzeroCheck
0x03000454	iwram	0x2	sRecvNonzeroCheck
0x03000456	iwram	0x1	sChecksumAvailable
0x03000457	iwram	0x1	sHandshakePlayerCount
0x03000458	iwram	0x2	sErrorStatus
0x03000460	iwram	0xC	sRtc
0x0300046C	iwram	0x1	sProbeResult
0x0300046E	iwram	0x2	sSavedIme
0x03000470	iwram	0x68	gHatchedEggLevelUpMoves
0x030004D8	iwram	0x8	gHatchedEggFatherMoves
0x030004E0	iwram	0x8	gHatchedEggFinalMoves
0x030004E8	iwram	0x18	gHatchedEggEggMoves
0x03000500	iwram	0x8	gHatchedEggMotherMoves
0x03000508	iwram	0x8	gUnknown_03000508
0x03000510	iwram	0x10	gUnknown_03000510
0x03000520	iwram	0xC	gUnknown_03000520
0x0300052C	iwram	0x2	gUnknown_0300052C
0x0300052E	iwram	0x2	gUnknown_0300052E
0x03000530	iwram	0x18	gUnknown_03000530
0x03000548	iwram	0x14	gUnknown_03000548
0x0300055C	iwram	0x4	gUnknown_0300055C
0x03000560	iwram	0x1C	sBlenderDebug
0x0300057C	iwram	0x1	sPlayTimeCounterState
0x03000580	iwram	0x4	gUnknown_03000580
0x03000584	iwram	0x4	gUnknown_03000584
0x03000588	iwram	0x1	gUnknown_03000588
0x03000590	iwram	0x8	sFieldCameraOffset
0x03000598	iwram	0x2	sHorizontalCameraPan
0x0300059A	iwram	0x2	sVerticalCameraPan
0x0300059C	iwram	0x1	gUnknown_0300059C
0x030005A0	iwram	0x4	sFieldCameraPanningCallback
0x030005A4	iwram	0x1	sCurrentReflectionType
0x030005A6	iwram	0x2	sCurrentSpecialObjectPaletteTag
0x030005A8	iwram	0x1	sMessageBoxMode
0x030005AC	iwram	0x2	sTextWindowBaseTileNum
0x030005AE	iwram	0x2	sDialogueFrameBaseTileNum
0x030005B0	iwram	0x1	sGlobalScriptContextStatus
0x030005B8	iwram	0x74	sGlobalScriptContext
0x03000630	iwram	0x74	sImmediateScriptContext
0x030006A4	iwram	0x1	sLockFieldControls
0x030006A8	iwram	0x4	saveDialogCallback
0x030006AC	iwram	0x1	saveDialogTimer
0x030006AD	iwram	0x1	savingComplete
0x030006B0	iwram	0x10	gMenu
0x030006C0	iwram	0x1	gNumTilesetAnimDmas
0x030006C2	iwram	0x2	gTileset1AnimFrame
0x030006C4	iwram	0x2	gTileset1AnimLength
0x030006C6	iwram	0x2	gTileset2AnimFrame
0x030006C8	iwram	0x2	gTileset2AnimLength
0x030006CC	iwram	0x4	gTileset1AnimCallback
0x030006D0	iwram	0x4	gTileset2AnimCallback
0x030006D4	iwram	0x2	sCurrentMapMusic
0x030006D6	iwram	0x2	sNextMapMusic
0x030006D8	iwram	0x1	sMapMusicState
0x030006D9	iwram	0x1	sMapMusicFadeInSpeed
0x030006DA	iwram	0x2	sFanfareCounter
0x030006DC	iwram	0x4	sPaletteGammaTypes
0x030006E0	iwram	0x20	sActiveList
0x03000700	iwram	0x1	sPopupMenuSelection
0x03000701	iwram	0x1	sReturnLocation
0x03000704	iwram	0x4	sPopupMenuActionList
0x03000708	iwram	0x10	gMartInfo
0x03000718	iwram	0x1	gUnknown_03000718
0x0300071C	iwram	0x4	gUnknown_0300071C
0x03000720	iwram	0x1	gUnknown_03000720
0x03000721	iwram	0x1	gUnknown_03000721
0x03000722	iwram	0x1	gUnknown_03000722
0x03000724	iwram	0x4	filler_03000724
0x03000728	iwram	0x8	gUnknown_03000728
0x03000730	iwram	0xC	gUnknown_03000730
0x0300073C	iwram	0x4	filler_0300073c
0x03000740	iwram	0x1	gUnknown_03000740
0x03000744	iwram	0x4	gUnknown_03000744
0x03000748	iwram	0x1	gUnknown_03000748
0x0300074C	iwram	0x4	gUnknown_0300074C
0x03000750	iwram	0x1	sHoldState
0x03000752	iwram	0x2	sMosaicVal
0x03000754	iwram	0x2	sFrameCounter
0x03000756	iwram	0x1	sVarsInitialized
0x03000758	iwram	0x4	gUnknown_03000758
0x03000760	iwram	0x50	gUnknown_03000760
0x030007B0	iwram	0x4	sMoveTutorMenu
0x030007B4	iwram	0x1	gPcItemMenuOptionsNum
0x03000F28	iwram	0x1	sTimerNum
0x03000F2A	iwram	0x2	sTimerCount
0x03000F2C	iwram	0x4	sTimerReg
0x03000F30	iwram	0x2	sSavedIme
0x03000F34	iwram	0x2	sDummy
0x03000F36	iwram	0x1	sLocked
0x03000F38	iwram	0x14	thenan.3
0x03000F50	iwram	0x10	thenan.3
0x03000F60	iwram	0x800	SoundMainRAM_Buffer
0x03001760	iwram	0x4	gKeyRepeatStartDelay
0x03001764	iwram	0x4	gLinkTransferringData
0x03001770	iwram	0x440	gMain
0x03001BB0	iwram	0x4	gKeyRepeatContinueDelay
0x03001BB4	iwram	0x4	gSoftResetDisabled
0x03001BC0	iwram	0x38	gIntrTable
0x03001BF8	iwram	0x4	gLinkVSyncDisabled
0x03001C00	iwram	0x800	IntrMain_Buffer
0x03002400	iwram	0x4	gPcmDmaCounter
0x03002410	iwram	0x40	sSpriteOrder
0x03002450	iwram	0x80	sSpriteTileAllocBitmap
0x030024D0	iwram	0x4	gSpriteCoordOffsetX
0x030024D4	iwram	0x4	gOamLimit
0x030024D8	iwram	0x4	gReservedSpriteTileCount
0x030024DC	iwram	0x4	gSpriteCopyRequestCount
0x030024E0	iwram	0x300	sSpriteCopyRequests
0x030027E0	iwram	0x4	gSpriteCoordOffsetY
0x030027F0	iwram	0x100	gOamMatrices
0x030028F0	iwram	0x4	sShouldProcessSpriteCopyRequests
0x030028F4	iwram	0x4	gOamMatrixAllocBitmap
0x030028F8	iwram	0x4	gReservedSpritePaletteCount
0x03002900	iwram	0x10	gUnknownStringVar
0x03002910	iwram	0x8	word_3002910
0x03002918	iwram	0x4	gLinkDebugValue1
0x03002920	iwram	0x3C	localLinkPlayerBlock
0x0300295C	iwram	0x4	gLinkErrorOccurred
0x03002964	iwram	0x4	gLinkDebugValue2
0x0300296C	iwram	0x4	gLinkPlayerPending
0x03002970	iwram	0x70	gLinkPlayers
0x030029E0	iwram	0x4	gBlockReceived
0x030029E8	iwram	0x4	gLinkHeldKeys
0x030029EC	iwram	0x4	gLinkTimeOutCounter
0x03002A00	iwram	0x1C	localLinkPlayer
0x03002A20	iwram	0x40	gRecvCmds
0x03002A60	iwram	0x4	gLinkStatus
0x03002A64	iwram	0x4	gLinkDummyBool
0x03002A68	iwram	0x4	byte_3002A68
0x03002A70	iwram	0x100	gBlockSendBuffer
0x03002B70	iwram	0x4	u8_array_3002B70
0x03002B74	iwram	0x4	gLinkType
0x03002B78	iwram	0x4	u8_array_3002B78
0x03002B80	iwram	0x400	gBlockRecvBuffer
0x03002F80	iwram	0x4	gSuppressLinkErrorMessage
0x03002F84	iwram	0x4	gSavedLinkPlayerCount
0x03002F90	iwram	0x10	gSendCmd
0x03002FA0	iwram	0x4	gSavedMultiplayerId
0x03002FA4	iwram	0x4	gReceivedRemoteLinkPlayers
0x03002FB0	iwram	0x10	gLinkTestBGInfo
0x03002FC0	iwram	0x4	gLinkCallback
0x03002FD0	iwram	0x70	gSavedLinkPlayers
0x03003040	iwram	0x4	gShouldAdvanceLinkState
0x03003048	iwram	0x8	gLinkTestBlockChecksums
0x03003054	iwram	0x4	gBlockRequestType
0x03003060	iwram	0x4	gLastSendQueueCount
0x03003070	iwram	0xFC0	gLink
0x03004030	iwram	0x4	gLastRecvQueueCount
0x03004034	iwram	0x4	gLinkSavedIme
0x03004038	iwram	0x8	gLocalTime
0x03004040	iwram	0x170	gBattleBuffersTransferData
0x030041B0	iwram	0x4	gBattle_BG3_X
0x030041B4	iwram	0x4	gBattle_BG1_Y
0x030041B8	iwram	0x4	gBattle_BG3_Y
0x030041C0	iwram	0x10	gBattleTextBuff1
0x030041D0	iwram	0x30	gUnknown_030041D0
0x03004200	iwram	0x4	gBattle_WIN1H
0x03004210	iwram	0x30	gWindowTemplate_Contest_MoveDescription
0x03004240	iwram	0x4	gBattle_WIN0V
0x03004244	iwram	0x4	gBattle_WIN1V
0x03004250	iwram	0x30	gUnknown_03004250
0x03004280	iwram	0x4	gBattle_BG2_Y
0x03004284	iwram	0x4	gUnknown_03004284
0x03004288	iwram	0x4	gBattle_BG2_X
0x0300428C	iwram	0x4	gBattleEnvironment
0x03004290	iwram	0x10	gBattleTextBuff2
0x030042A0	iwram	0x4	gBattle_BG0_Y
0x030042A4	iwram	0x4	gBattle_BG0_X
0x030042B0	iwram	0x10	gBattleTextBuff3
0x030042C0	iwram	0x4	gBattle_BG1_X
0x030042C4	iwram	0x4	gBattle_WIN0H
0x030042D0	iwram	0x4	gPreBattleCallback1
0x030042D4	iwram	0x4	gBattleMainFunc
0x030042E0	iwram	0x44	gBattleResults
0x03004324	iwram	0x4	gLeveledUpInBattle
0x03004330	iwram	0x10	gBattlerControllerFuncs
0x03004340	iwram	0x4	gHealthboxSpriteIds
0x03004344	iwram	0x4	gUnknown_03004344
0x03004348	iwram	0x4	gUnknown_03004348
0x0300434C	iwram	0x4	gBattleControllerData
0x03004350	iwram	0x4	gPlayerPartyCount
0x03004360	iwram	0x258	gPlayerParty
0x030045B8	iwram	0x4	gEnemyPartyCount
0x030045C0	iwram	0x258	gEnemyParty
0x03004818	iwram	0x4	gRngValue
0x0300481C	iwram	0x4	gEggHatchData
0x03004820	iwram	0x4	gFlashMemoryPresent
0x03004824	iwram	0x4	gUnknown_03004824
0x03004828	iwram	0x4	gUnknown_03004828
0x03004830	iwram	0x4	gUnknown_03004830
0x03004834	iwram	0x4	gInGameOpponentsNo
0x03004840	iwram	0x14	gUnknown_03004840
0x03004854	iwram	0x4	gBerryBlenderData
0x03004858	iwram	0x4	word_3004858
0x0300485C	iwram	0x4	gFieldCallback
0x03004860	iwram	0x4	gUnknown_03004860
0x03004864	iwram	0x4	gFieldLinkPlayerCount
0x03004870	iwram	0xC	gBackupMapLayout
0x03004880	iwram	0x18	gFieldCamera
0x03004898	iwram	0x4	gTotalCameraPixelOffsetY
0x0300489C	iwram	0x4	gTotalCameraPixelOffsetX
0x030048A0	iwram	0x240	gObjectEvents
0x03004AE0	iwram	0x4	gSelectedObjectEvent
0x03004AE4	iwram	0x4	gPokemonItemUseCallback
0x03004AE8	iwram	0x4	gMenuCallback
0x03004AEC	iwram	0x4	gDisableMusic
0x03004AF0	iwram	0x4	gSoundAnimFramesToWait
0x03004B00	iwram	0x10	gBattleAnimArgs
0x03004B10	iwram	0x10	gAnimSpriteIndexArray
0x03004B20	iwram	0x280	gTasks
0x03004DA0	iwram	0x20	gUnknown_03004DA0
0x03004DC0	iwram	0x20	gScanlineEffect
0x03004DE0	iwram	0xF00	gScanlineEffectRegBuffers
0x03005CE0	iwram	0x4	gLastFieldPokeMenuOpened
0x03005CE4	iwram	0x4	gPostMenuFieldCallback
0x03005CE8	iwram	0x4	gUnusedPokedexU8
0x03005CEC	iwram	0x4	gPokedexVBlankCB
0x03005CF0	iwram	0x4	gUnknown_03005CF0
0x03005D00	iwram	0x4	gFieldItemUseCallback
0x03005D10	iwram	0x14	gBagPocketScrollStates
0x03005D24	iwram	0x4	gCurrentBagPocketItemSlots
0x03005D28	iwram	0x4	gContestRngValue
0x03005D2C	iwram	0x4	gUnknown_03005D2C
0x03005D30	iwram	0x4	gUnknown_03005D30
0x03005D34	iwram	0x4	gSoundTestCryNum
0x03005D38	iwram	0x4	gUnknown_03005D38
0x03005DA0	iwram	0x48	gUnknown_03005DA0
0x03005DE8	iwram	0x4	gCanvasColumnStart
0x03005DEC	iwram	0x4	gCanvasPixels
0x03005DF0	iwram	0x4	gCanvasRowEnd
0x03005DF4	iwram	0x4	gCanvasHeight
0x03005DF8	iwram	0x4	gCanvasColumnEnd
0x03005DFC	iwram	0x4	gCanvasRowStart
0x03005E00	iwram	0x4	gCanvasMonPersonality
0x03005E04	iwram	0x4	gCanvasWidth
0x03005E08	iwram	0x4	gCanvasPalette
0x03005E0C	iwram	0x4	gCanvasPaletteStart
0x03005E10	iwram	0x4	gContestMonPixels
0x03005E20	iwram	0x20	gImageProcessingContext
0x03005E40	iwram	0x4C	sCaptionBuffer
0x03005E8C	iwram	0x4	gContestPaintingWinner
0x03005E90	iwram	0x4	gContestPaintingMonPalette
0x03005E94	iwram	0x4	gCB2_AfterEvolution
0x03005E98	iwram	0x4	gDexCryScreenState
0x03005E9C	iwram	0x4	gFirstSaveSector
0x03005EA0	iwram	0x4	gPrevSaveCounter
0x03005EA4	iwram	0x4	gLastKnownGoodSector
0x03005EA8	iwram	0x4	gDamagedSaveSectors
0x03005EAC	iwram	0x4	gSaveCounter
0x03005EB0	iwram	0x4	gFastSaveSection
0x03005EB4	iwram	0x4	gUnknown_03005EB4
0x03005EB8	iwram	0x4	gSaveFileStatus
0x03005EBC	iwram	0x4	gGameContinueCallback
0x03005ED0	iwram	0x4	gIntroFrameCounter
0x03005EE0	iwram	0x2C	gMultibootProgramStruct
0x03005F0C	iwram	0x4	gUnknown_03005F0C
0x03005F10	iwram	0x4	gUnknown_03005F10
0x03005F14	iwram	0x4	gUnknown_03005F14
0x03005F20	iwram	0x4	gPokeblockFeedPokeSprite
0x03005F24	iwram	0x4	gPokeblockFeedMonSpecies
0x03005F28	iwram	0x4	gPokeblockMonNotFlipped
0x03005F2C	iwram	0x4	gPokeblockFeedMonSpriteID
0x03005F30	iwram	0x4	gPokeblockFeedMonNature
0x03005F34	iwram	0x4	gUnknown_03005F34
0x03005F38	iwram	0x4	gPokeblockFeedUnused0
0x03005F3C	iwram	0x4	gUnknown_03005F3C
0x03005F40	iwram	0x4	gUnknown_03005F40
0x03005F50	iwram	0x44	gPokeblockFeedPokeSpriteCopy
0x03005F94	iwram	0x4	gUnknown_03005F94
0x03005FA0	iwram	0x30	gUnknown_03005FA0
0x03005FD0	iwram	0xFB0	gSoundInfo
0x03006F80	iwram	0x68	gPokemonCrySongs
0x03006FF0	iwram	0x80	gPokemonCryMusicPlayers
0x03007070	iwram	0x90	gMPlayJumpTable
0x03007100	iwram	0x100	gCgbChans
0x03007200	iwram	0x140	gPokemonCryTracks
0x03007340	iwram	0x34	gPokemonCrySong
0x03007380	iwram	0x40	gMPlayInfo_BGM
0x030073C0	iwram	0x40	gMPlayInfo_SE1
0x03007400	iwram	0x40	gMPlayInfo_SE2
0x03007440	iwram	0x10	gMPlayMemAccArea
0x03007450	iwram	0x40	gMPlayInfo_SE3
0x03007490	iwram	0x4	gFlashTimeoutFlag
0x03007494	iwram	0x4	PollFlashStatus
0x03007498	iwram	0x4	WaitForFlashWrite
0x0300749C	iwram	0x4	ProgramFlashSector
0x030074A0	iwram	0x4	gFlash
0x030074A4	iwram	0x4	ProgramFlashByte
0x030074A8	iwram	0x4	gFlashNumRemainingBytes
0x030074AC	iwram	0x4	EraseFlashChip
0x030074B0	iwram	0x4	EraseFlashSector
0x030074B4	iwram	0x4	gFlashMaxTime
0x03007FF0	iwram	0x0	SOUND_INFO_PTR
0x03007FF8	iwram	0x0	INTR_CHECK
0x03007FFC	iwram	0x0	INTR_VECTOR
0x04000000	io	0x0	REG_BASE
0x04000004	io	0x0	REG_DISPSTAT
0x04000006	io	0x0	REG_VCOUNT
0x04000008	io	0x0	REG_BG0CNT
0x0400000A	io	0x0	REG_BG1CNT
0x0400000C	io	0x0	REG_BG2CNT
0x0400000E	io	0x0	REG_BG3CNT
0x04000010	io	0x0	REG_BG0HOFS
0x04000012	io	0x0	REG_BG0VOFS
0x04000014	io	0x0	REG_BG1HOFS
0x04000016	io	0x0	REG_BG1VOFS
0x04000018	io	0x0	REG_BG2HOFS
0x0400001A	io	0x0	REG_BG2VOFS
0x0400001C	io	0x0	REG_BG3HOFS
0x0400001E	io	0x0	REG_BG3VOFS
0x04000020	io	0x0	REG_BG2PA
0x04000022	io	0x0	REG_BG2PB
0x04000024	io	0x0	REG_BG2PC
0x04000026	io	0x0	REG_BG2PD
0x04000028	io	0x0	REG_BG2X_L
0x0400002A	io	0x0	REG_BG2X_H
0x0400002C	io	0x0	REG_BG2Y_L
0x0400002E	io	0x0	REG_BG2Y_H
0x04000030	io	0x0	REG_BG3PA
0x04000032	io	0x0	REG_BG3PB
0x04000034	io	0x0	REG_BG3PC
0x04000036	io	0x0	REG_BG3PD
0x04000038	io	0x0	REG_BG3X_L
0x0400003A	io	0x0	REG_BG3X_H
0x0400003C	io	0x0	REG_BG3Y_L
0x0400003E	io	0x0	REG_BG3Y_H
0x04000040	io	0x0	REG_WIN0H
0x04000042	io	0x0	REG_WIN1H
0x04000044	io	0x0	REG_WIN0V
0x04000046	io	0x0	REG_WIN1V
0x04000048	io	0x0	REG_WININ
0x0400004A	io	0x0	REG_WINOUT
0x0400004C	io	0x0	REG_MOSAIC
0x04000050	io	0x0	REG_BLDCNT
0x04000052	io	0x0	REG_BLDALPHA
0x04000054	io	0x0	REG_BLDY
0x04000060	io	0x0	REG_NR10
0x04000062	io	0x0	REG_NR11
0x04000063	io	0x0	REG_NR12
0x04000064	io	0x0	REG_NR13
0x04000065	io	0x0	REG_NR14
0x04000068	io	0x0	REG_NR21
0x04000069	io	0x0	REG_NR22
0x0400006C	io	0x0	REG_NR23
0x0400006D	io	0x0	REG_NR24
0x04000070	io	0x0	REG_NR30
0x04000072	io	0x0	REG_NR31
0x04000073	io	0x0	REG_NR32
0x04000074	io	0x0	REG_NR33
0x04000075	io	0x0	REG_NR34
0x04000078	io	0x0	REG_NR41
0x04000079	io	0x0	REG_NR42
0x0400007C	io	0x0	REG_NR43
0x0400007D	io	0x0	REG_NR44
0x04000080	io	0x0	REG_NR50
0x04000081	io	0x0	REG_NR51
0x04000082	io	0x0	REG_SOUNDCNT_H
0x04000084	io	0x0	REG_NR52
0x04000088	io	0x0	REG_SOUNDBIAS
0x04000090	io	0x0	REG_WAVE_RAM
0x04000092	io	0x0	REG_WAVE_RAM0_H
0x04000094	io	0x0	REG_WAVE_RAM1
0x04000096	io	0x0	REG_WAVE_RAM1_H
0x04000098	io	0x0	REG_WAVE_RAM2
0x0400009A	io	0x0	REG_WAVE_RAM2_H
0x0400009C	io	0x0	REG_WAVE_RAM3
0x0400009E	io	0x0	REG_WAVE_RAM3_H
0x040000A0	io	0x0	REG_FIFO
0x040000A2	io	0x0	REG_FIFO_A_H
0x040000A4	io	0x0	REG_FIFO_B
0x040000A6	io	0x0	REG_FIFO_B_H
0x040000B0	io	0x0	REG_DMA0
0x040000B2	io	0x0	REG_DMA0SAD_H
0x040000B4	io	0x0	REG_DMA0DAD
0x040000B6	io	0x0	REG_DMA0DAD_H
0x040000B8	io	0x0	REG_DMA0CNT
0x040000BA	io	0x0	REG_DMA0CNT_H
0x040000BC	io	0x0	REG_DMA1
0x040000BE	io	0x0	REG_DMA1SAD_H
0x040000C0	io	0x0	REG_DMA1DAD
0x040000C2	io	0x0	REG_DMA1DAD_H
0x040000C4	io	0x0	REG_DMA1CNT
0x040000C6	io	0x0	REG_DMA1CNT_H
0x040000C8	io	0x0	REG_DMA2
0x040000CA	io	0x0	REG_DMA2SAD_H
0x040000CC	io	0x0	REG_DMA2DAD
0x040000CE	io	0x0	REG_DMA2DAD_H
0x040000D0	io	0x0	REG_DMA2CNT
0x040000D2	io	0x0	REG_DMA2CNT_H
0x040000D4	io	0x0	REG_DMA3
0x040000D6	io	0x0	REG_DMA3SAD_H
0x040000D8	io	0x0	REG_DMA3DAD
0x040000DA	io	0x0	REG_DMA3DAD_H
0x040000DC	io	0x0	REG_DMA3CNT
0x040000DE	io	0x0	REG_DMA3CNT_H
0x04000100	io	0x0	REG_TM0CNT
0x04000102	io	0x0	REG_TM0CNT_H
0x04000104	io	0x0	REG_TM1CNT
0x04000106	io	0x0	REG_TM1CNT_H
0x04000108	io	0x0	REG_TM2CNT
0x0400010A	io	0x0	REG_TM2CNT_H
0x0400010C	io	0x0	REG_TM3CNT
0x0400010E	io	0x0	REG_TM3CNT_H
0x04000120	io	0x0	REG_SIODATA32
0x04000122	io	0x0	REG_SIOMULTI1
0x04000124	io	0x0	REG_SIOMULTI2
0x04000126	io	0x0	REG_SIOMULTI3
0x04000128	io	0x0	REG_SIOCNT
0x0400012A	io	0x0	REG_SIODATA8
0x04000130	io	0x0	REG_KEYINPUT
0x04000132	io	0x0	REG_KEYCNT
0x04000134	io	0x0	REG_RCNT
0x04000140	io	0x0	REG_JOYCNT
0x04000150	io	0x0	REG_JOY_RECV
0x04000152	io	0x0	REG_JOY_RECV_H
0x04000154	io	0x0	REG_JOY_TRANS
0x04000156	io	0x0	REG_JOY_TRANS_H
0x04000158	io	0x0	REG_JOYSTAT
0x04000200	io	0x0	REG_IE
0x04000202	io	0x0	REG_IF
0x04000204	io	0x0	REG_WAITCNT
0x04000208	io	0x0	REG_IME
0x05000000	palette	0x0	BG_PLTT
0x05000200	palette	0x0	OBJ_PLTT
0x06000000	vram	0x0	BG_VRAM
0x06010000	vram	0x0	OBJ_VRAM0
0x06014000	vram	0x0	OBJ_VRAM1
0x07000000	oam	0x0	OAM
0x08000000	rom	0x0	S_NIGHTMARE
0x081E27B4	rom	0x1	gGameVersion
0x081E27B5	rom	0x1	gGameLanguage
0x081E27B8	rom	0x11	BuildDateTime
0x081E27CC	rom	0x38	gIntrTableTemplate
0x081E2804	rom	0x25	sDmaOverErrorMsg
0x081E2829	rom	0x18	sUnknownData
0x081E2841	rom	0x18	sCenterToCornerVecTable
0x081E285C	rom	0x44	sDummySprite
0x081E28A0	rom	0x8	gDummyOamData
0x081E28A8	rom	0x4	sDummyAnim
0x081E28AC	rom	0x4	gDummySpriteAnimTable
0x081E28B0	rom	0x8	sDummyAffineAnim
0x081E28B8	rom	0x4	gDummySpriteAffineAnimTable
0x081E28BC	rom	0x18	gDummySpriteTemplate
0x081E28D4	rom	0x12	sOamBitmasks
0x081E28E8	rom	0x8	sAnimFuncs
0x081E28F0	rom	0x8	sAffineAnimFuncs
0x081E28F8	rom	0x10	sAnimCmdFuncs
0x081E2908	rom	0x10	sAffineAnimCmdFuncs
0x081E2918	rom	0x30	sOamDimensions
0x081E2950	rom	0x10	gBGControlRegs
0x081E2960	rom	0x10	gBGHOffsetRegs
0x081E2970	rom	0x10	gBGVOffsetRegs
0x081E2980	rom	0x8	gUnknown_081E29D8
0x081E2988	rom	0x8	gUnknown_081E29E0
0x081E2990	rom	0x8	gUnknown_081E29E8
0x081E2998	rom	0x1000	sFont0LatinGlyphs
0x081E3998	rom	0x800	sFont1LatinGlyphs
0x081E4198	rom	0xF00	sFont0JapaneseGlyphs
0x081E5098	rom	0x800	sFont1JapaneseGlyphs
0x081E5898	rom	0x600	sBrailleGlyphs
0x081E5E98	rom	0x100	sDownArrowTiles
0x081E5F98	rom	0x1EE	sFontType1Map
0x081E6186	rom	0x100	sFontType3Map
0x081E6286	rom	0xDC	sFont1Widths
0x081E6362	rom	0xDC	sFont4Widths
0x081E643E	rom	0xFE	sFont0Widths
0x081E653C	rom	0xFE	sFont3Widths
0x081E663A	rom	0x20	gUnknownPalette_81E6692
0x081E665A	rom	0x20	gFontDefaultPalette
0x081E667A	rom	0x8	sBlankTile
0x081E6684	rom	0x360	sGlyphMasks
0x081E69E4	rom	0x40	sGlyphShiftAmounts
0x081E6A24	rom	0xC	sPrintGlyphFuncs
0x081E6A30	rom	0x1C	sWriteGlyphTilemapFuncs
0x081E6A4C	rom	0x30	sDefaultWindow
0x081E6A7C	rom	0x5C	sExtCtrlCodeFuncs
0x081E6AD8	rom	0xA8	sFonts
0x081E6B80	rom	0x3	sTextSpeedDelays
0x081E6B83	rom	0x17	sExtCtrlCodeLengths
0x081E6B9C	rom	0x24	sShiftGlyphTileUnshadowedFuncs
0x081E6BC0	rom	0x24	sShiftGlyphTileShadowedFuncs
0x081E6BE4	rom	0x1C	gWindowTemplate_81E6C3C
0x081E6C00	rom	0x1C	gWindowTemplate_81E6C58
0x081E6C1C	rom	0x1C	gWindowTemplate_81E6C74
0x081E6C38	rom	0x1C	gWindowTemplate_81E6C90
0x081E6C54	rom	0x1C	gWindowTemplate_81E6CAC
0x081E6C70	rom	0x1C	gWindowTemplate_81E6CC8
0x081E6C8C	rom	0x1C	gMenuTextWindowTemplate
0x081E6CA8	rom	0x1C	gWindowTemplate_81E6D00
0x081E6CC4	rom	0x1C	gWindowTemplate_81E6D1C
0x081E6CE0	rom	0x1C	gWindowTemplate_81E6D38
0x081E6CFC	rom	0x1C	gWindowTemplate_81E6D54
0x081E6D18	rom	0x1C	gWindowTemplate_81E6D70
0x081E6D34	rom	0x1C	gWindowTemplate_81E6D8C
0x081E6D50	rom	0x1C	gWindowTemplate_81E6DA8
0x081E6D6C	rom	0x1C	gWindowTemplate_TrainerCard_Back_Values
0x081E6D88	rom	0x1C	gWindowTemplate_TrainerCard_Back_Labels
0x081E6DA4	rom	0x1C	gWindowTemplate_81E6DFC
0x081E6DC0	rom	0x1C	gWindowTemplate_81E6E18
0x081E6DDC	rom	0x1C	gWindowTemplate_81E6E34
0x081E6DF8	rom	0x1C	gWindowTemplate_81E6E50
0x081E6E14	rom	0x1C	gWindowTemplate_81E6E6C
0x081E6E30	rom	0x1C	gWindowTemplate_81E6E88
0x081E6E4C	rom	0x1C	gWindowTemplate_81E6EA4
0x081E6E68	rom	0x1C	gWindowTemplate_81E6EC0
0x081E6E84	rom	0x1C	gWindowTemplate_81E6EDC
0x081E6EA0	rom	0x1C	gWindowTemplate_81E6EF8
0x081E6EBC	rom	0x1C	gWindowTemplate_81E6F14
0x081E6ED8	rom	0x1C	gWindowTemplate_81E6F30
0x081E6EF4	rom	0x1C	gWindowTemplate_81E6F4C
0x081E6F10	rom	0x1C	gWindowTemplate_81E6F68
0x081E6F2C	rom	0x1C	gWindowTemplate_81E6F84
0x081E6F48	rom	0x1C	gWindowTemplate_81E6FA0
0x081E6F64	rom	0x1C	gWindowTemplate_81E6FBC
0x081E6F80	rom	0x1C	gWindowTemplate_81E6FD8
0x081E6F9C	rom	0x1C	gWindowTemplate_81E6FF4
0x081E6FB8	rom	0x1C	gWindowTemplate_81E7010
0x081E6FD4	rom	0x1C	gWindowTemplate_81E702C
0x081E6FF0	rom	0x1C	gWindowTemplate_81E7048
0x081E700C	rom	0x1C	gWindowTemplate_81E7064
0x081E7028	rom	0x1C	gWindowTemplate_81E7080
0x081E7044	rom	0x1C	gWindowTemplate_81E709C
0x081E7060	rom	0x1C	gWindowTemplate_81E70B8
0x081E707C	rom	0x1C	gWindowTemplate_81E70D4
0x081E7098	rom	0x1C	gWindowTemplate_81E70F0
0x081E70B4	rom	0x1C	gWindowTemplate_81E710C
0x081E70D0	rom	0x1C	gWindowTemplate_81E7128
0x081E70EC	rom	0x1C	gWindowTemplate_81E7144
0x081E7108	rom	0x1C	gWindowTemplate_ContestPainting
0x081E7124	rom	0x1C	gWindowTemplate_81E717C
0x081E7140	rom	0x1C	gWindowTemplate_81E7198
0x081E715C	rom	0x1C	gWindowTemplate_81E71B4
0x081E7178	rom	0x1C	gWindowTemplate_81E71D0
0x081E7194	rom	0x1C	gWindowTemplate_81E71EC
0x081E71B0	rom	0x1C	gWindowTemplate_81E7208
0x081E71CC	rom	0x1C	gWindowTemplate_81E7224
0x081E71E8	rom	0x1C	gMoveTutorMenuFramesWindowTemplate
0x081E7204	rom	0x1C	gWindowTemplate_81E725C
0x081E7220	rom	0x1C	gWindowTemplate_81E7278
0x081E723C	rom	0x1C	gWindowTemplate_81E7294
0x081E7258	rom	0x1	gEmptyString_81E72B0
0x081E7259	rom	0x2	gRightPointingTriangleString
0x081E725B	rom	0x10	sDigits
0x081E726C	rom	0x28	sPowersOfTen
0x081E72A0	rom	0x0	funcs.93
0x081E72D8	rom	0x20	sLinkTestDigitPalette
0x081E72F8	rom	0x220	sLinkTestDigitTiles
0x081E7518	rom	0x54	sDebugMessages
0x081E756C	rom	0x7	sColorCodes
0x081E7574	rom	0x28	sBlockRequestLookupTable
0x081E759C	rom	0x5	sTestString
0x081E75A4	rom	0xF	sMagic
0x081E75B3	rom	0x2	sEmptyString
0x081E75B8	rom	0xC	sRtcDummy
0x081E75C4	rom	0x30	sNumDaysInMonths
0x081E75F4	rom	0x40	gUnknown_081E764C
0x081E7634	rom	0x1A8	gBirchIntroShadowGfx
0x081E77DC	rom	0x128	gUnknown_081E7834
0x081E7904	rom	0x20	gUnknown_081E795C
0x081E7924	rom	0x20	gMainMenuPalette
0x081E7944	rom	0x10	gSpriteAffineAnim_81E799C
0x081E7954	rom	0x4	gSpriteAffineAnimTable_81E79AC
0x081E7958	rom	0x10	gUnknown_081E79B0
0x081E7968	rom	0x28	gMalePresetNames
0x081E7990	rom	0x28	gFemalePresetNames
0x081ECA80	rom	0xC	gTrainerBackPicCoords
0x081ECA8C	rom	0x18	gTrainerBackPicTable
0x081ECAA4	rom	0x18	gTrainerBackPicPaletteTable
0x081ECABC	rom	0x19C	gEnemyMonElevation
0x081ECC58	rom	0x10	gTrainerParty_Archie1
0x081ECC68	rom	0x10	gTrainerParty_Grunt1
0x081ECC78	rom	0x20	gTrainerParty_Grunt2
0x081ECC98	rom	0x10	gTrainerParty_Grunt3
0x081ECCA8	rom	0x8	gTrainerParty_Grunt4
0x081ECCB0	rom	0x10	gTrainerParty_Grunt5
0x081ECCC0	rom	0x8	gTrainerParty_Grunt6
0x081ECCC8	rom	0x18	gTrainerParty_Grunt7
0x081ECCE0	rom	0x8	gTrainerParty_Grunt8
0x081ECCE8	rom	0x8	gTrainerParty_Grunt9
0x081ECCF0	rom	0x10	gTrainerParty_Grunt10
0x081ECD00	rom	0x10	gTrainerParty_Grunt11
0x081ECD10	rom	0x10	gTrainerParty_Grunt12
0x081ECD20	rom	0x10	gTrainerParty_Grunt13
0x081ECD30	rom	0x10	gTrainerParty_Grunt14
0x081ECD40	rom	0x8	gTrainerParty_Grunt15
0x081ECD48	rom	0x10	gTrainerParty_Grunt16
0x081ECD58	rom	0x10	gTrainerParty_Grunt17
0x081ECD68	rom	0x18	gTrainerParty_Grunt18
0x081ECD80	rom	0x8	gTrainerParty_Grunt19
0x081ECD88	rom	0x10	gTrainerParty_Grunt20
0x081ECD98	rom	0x8	gTrainerParty_Grunt21
0x081ECDA0	rom	0x18	gTrainerParty_Grunt22
0x081ECDB8	rom	0x10	gTrainerParty_Grunt23
0x081ECDC8	rom	0x10	gTrainerParty_Grunt24
0x081ECDD8	rom	0x8	gTrainerParty_Grunt25
0x081ECDE0	rom	0x18	gTrainerParty_Grunt26
0x081ECDF8	rom	0x8	gTrainerParty_Grunt27
0x081ECE00	rom	0x10	gTrainerParty_Anonymous1
0x081ECE10	rom	0x18	gTrainerParty_Matt1
0x081ECE28	rom	0x18	gTrainerParty_Matt2
0x081ECE40	rom	0x10	gTrainerParty_Shelly1
0x081ECE50	rom	0x10	gTrainerParty_Shelly2
0x081ECE60	rom	0x18	gTrainerParty_Archie2
0x081ECE78	rom	0x18	gTrainerParty_Archie3
0x081ECE90	rom	0x8	gTrainerParty_Daisy
0x081ECE98	rom	0x10	gTrainerParty_Rose1
0x081ECEA8	rom	0x10	gTrainerParty_Lily
0x081ECEB8	rom	0x18	gTrainerParty_Violet
0x081ECED0	rom	0x10	gTrainerParty_Rose2
0x081ECEE0	rom	0x18	gTrainerParty_Rose3
0x081ECEF8	rom	0x18	gTrainerParty_Rose4
0x081ECF10	rom	0x18	gTrainerParty_Rose5
0x081ECF28	rom	0x10	gTrainerParty_Dusty1
0x081ECF38	rom	0x30	gTrainerParty_Chip
0x081ECF68	rom	0x20	gTrainerParty_Foster
0x081ECF88	rom	0x10	gTrainerParty_Dusty2
0x081ECF98	rom	0x10	gTrainerParty_Dusty3
0x081ECFA8	rom	0x10	gTrainerParty_Dusty4
0x081ECFB8	rom	0x10	gTrainerParty_Dusty5
0x081ECFC8	rom	0x10	gTrainerParty_GabbyAndTy1
0x081ECFD8	rom	0x10	gTrainerParty_GabbyAndTy2
0x081ECFE8	rom	0x10	gTrainerParty_GabbyAndTy3
0x081ECFF8	rom	0x10	gTrainerParty_GabbyAndTy4
0x081ED008	rom	0x10	gTrainerParty_GabbyAndTy5
0x081ED018	rom	0x20	gTrainerParty_GabbyAndTy6
0x081ED038	rom	0x10	gTrainerParty_Lola1
0x081ED048	rom	0x8	gTrainerParty_Carmen
0x081ED050	rom	0x8	gTrainerParty_Gwen
0x081ED058	rom	0x10	gTrainerParty_Lola2
0x081ED068	rom	0x10	gTrainerParty_Lola3
0x081ED078	rom	0x10	gTrainerParty_Lola4
0x081ED088	rom	0x10	gTrainerParty_Lola5
0x081ED098	rom	0x10	gTrainerParty_Ricky1
0x081ED0A8	rom	0x10	gTrainerParty_Simon
0x081ED0B8	rom	0x8	gTrainerParty_Charlie
0x081ED0C0	rom	0x10	gTrainerParty_Ricky2
0x081ED0D0	rom	0x10	gTrainerParty_Ricky3
0x081ED0E0	rom	0x10	gTrainerParty_Ricky4
0x081ED0F0	rom	0x10	gTrainerParty_Ricky5
0x081ED100	rom	0x8	gTrainerParty_Randall
0x081ED108	rom	0x8	gTrainerParty_Parker
0x081ED110	rom	0x8	gTrainerParty_George
0x081ED118	rom	0x8	gTrainerParty_Berke
0x081ED120	rom	0x50	gTrainerParty_Clyde
0x081ED170	rom	0x18	gTrainerParty_Vincent
0x081ED188	rom	0x10	gTrainerParty_Leroy
0x081ED198	rom	0x18	gTrainerParty_Wilton1
0x081ED1B0	rom	0x8	gTrainerParty_Edgar
0x081ED1B8	rom	0x10	gTrainerParty_Albert
0x081ED1C8	rom	0x18	gTrainerParty_Samuel
0x081ED1E0	rom	0x20	gTrainerParty_Vito
0x081ED200	rom	0x18	gTrainerParty_Owen
0x081ED218	rom	0x18	gTrainerParty_Wilton2
0x081ED230	rom	0x18	gTrainerParty_Wilton3
0x081ED248	rom	0x18	gTrainerParty_Wilton4
0x081ED260	rom	0x18	gTrainerParty_Wilton5
0x081ED278	rom	0x18	gTrainerParty_Warren
0x081ED290	rom	0x8	gTrainerParty_Mary
0x081ED298	rom	0x8	gTrainerParty_Lori
0x081ED2A0	rom	0x8	gTrainerParty_Jody
0x081ED2A8	rom	0x30	gTrainerParty_Wendy
0x081ED2D8	rom	0x10	gTrainerParty_Elaine
0x081ED2E8	rom	0x18	gTrainerParty_Brooke1
0x081ED300	rom	0x8	gTrainerParty_Jennifer
0x081ED308	rom	0x8	gTrainerParty_Hope
0x081ED310	rom	0x8	gTrainerParty_Shannon
0x081ED318	rom	0x18	gTrainerParty_Michelle
0x081ED330	rom	0x10	gTrainerParty_Caroline
0x081ED340	rom	0x10	gTrainerParty_Julie
0x081ED350	rom	0x18	gTrainerParty_Brooke2
0x081ED368	rom	0x18	gTrainerParty_Brooke3
0x081ED380	rom	0x18	gTrainerParty_Brooke4
0x081ED398	rom	0x18	gTrainerParty_Brooke5
0x081ED3B0	rom	0x8	gTrainerParty_Patricia
0x081ED3B8	rom	0x10	gTrainerParty_Kindra
0x081ED3C8	rom	0x10	gTrainerParty_Tammy
0x081ED3D8	rom	0x8	gTrainerParty_Valerie1
0x081ED3E0	rom	0x10	gTrainerParty_Tasha
0x081ED3F0	rom	0x8	gTrainerParty_Valerie2
0x081ED3F8	rom	0x10	gTrainerParty_Valerie3
0x081ED408	rom	0x10	gTrainerParty_Valerie4
0x081ED418	rom	0x18	gTrainerParty_Valerie5
0x081ED430	rom	0x8	gTrainerParty_Cindy1
0x081ED438	rom	0x8	gTrainerParty_Anonymous2
0x081ED440	rom	0x20	gTrainerParty_Brianna1
0x081ED460	rom	0x10	gTrainerParty_Cindy2
0x081ED470	rom	0x8	gTrainerParty_Brianna2
0x081ED478	rom	0x8	gTrainerParty_Anette
0x081ED480	rom	0x8	gTrainerParty_Cindy3
0x081ED488	rom	0x8	gTrainerParty_Cindy4
0x081ED490	rom	0x8	gTrainerParty_Cindy5
0x081ED498	rom	0x10	gTrainerParty_Cindy6
0x081ED4A8	rom	0x8	gTrainerParty_Melissa
0x081ED4B0	rom	0x8	gTrainerParty_Sheila
0x081ED4B8	rom	0x8	gTrainerParty_Shirley
0x081ED4C0	rom	0x20	gTrainerParty_Jessica1
0x081ED4E0	rom	0x10	gTrainerParty_Connie
0x081ED4F0	rom	0x8	gTrainerParty_Bridget
0x081ED4F8	rom	0x10	gTrainerParty_Olivia
0x081ED508	rom	0x18	gTrainerParty_Tiffany
0x081ED520	rom	0x20	gTrainerParty_Jessica2
0x081ED540	rom	0x20	gTrainerParty_Jessica3
0x081ED560	rom	0x20	gTrainerParty_Jessica4
0x081ED580	rom	0x20	gTrainerParty_Jessica5
0x081ED5A0	rom	0x8	gTrainerParty_Winston1
0x081ED5A8	rom	0x8	gTrainerParty_Anonymous3
0x081ED5B0	rom	0x8	gTrainerParty_Garret
0x081ED5B8	rom	0x8	gTrainerParty_Winston2
0x081ED5C0	rom	0x8	gTrainerParty_Winston3
0x081ED5C8	rom	0x8	gTrainerParty_Winston4
0x081ED5D0	rom	0x10	gTrainerParty_Winston5
0x081ED5E0	rom	0x8	gTrainerParty_Steve1
0x081ED5E8	rom	0x8	gTrainerParty_Chris
0x081ED5F0	rom	0x8	gTrainerParty_Mark
0x081ED5F8	rom	0x8	gTrainerParty_Kenn
0x081ED600	rom	0x8	gTrainerParty_Steve2
0x081ED608	rom	0x10	gTrainerParty_Steve3
0x081ED618	rom	0x10	gTrainerParty_Steve4
0x081ED628	rom	0x10	gTrainerParty_Steve5
0x081ED638	rom	0x8	gTrainerParty_Luis
0x081ED640	rom	0x18	gTrainerParty_Austin
0x081ED658	rom	0x10	gTrainerParty_Douglas
0x081ED668	rom	0x8	gTrainerParty_Darrin
0x081ED670	rom	0x8	gTrainerParty_Tony1
0x081ED678	rom	0x10	gTrainerParty_Jerome
0x081ED688	rom	0x8	gTrainerParty_Matthew
0x081ED690	rom	0x10	gTrainerParty_David
0x081ED6A0	rom	0x18	gTrainerParty_Spencer
0x081ED6B8	rom	0x8	gTrainerParty_Roland
0x081ED6C0	rom	0x10	gTrainerParty_Cody
0x081ED6D0	rom	0x8	gTrainerParty_Stan
0x081ED6D8	rom	0x8	gTrainerParty_Barry
0x081ED6E0	rom	0x18	gTrainerParty_Dean
0x081ED6F8	rom	0x10	gTrainerParty_Rodney
0x081ED708	rom	0x8	gTrainerParty_Richard
0x081ED710	rom	0x10	gTrainerParty_Herman
0x081ED720	rom	0x8	gTrainerParty_Anonymous4
0x081ED728	rom	0x8	gTrainerParty_Gilbert
0x081ED730	rom	0x10	gTrainerParty_Franklin
0x081ED740	rom	0x10	gTrainerParty_Danny
0x081ED750	rom	0x10	gTrainerParty_Jack
0x081ED760	rom	0x18	gTrainerParty_Dudley
0x081ED778	rom	0x10	gTrainerParty_Chad
0x081ED788	rom	0x8	gTrainerParty_Tony2
0x081ED790	rom	0x8	gTrainerParty_Tony3
0x081ED798	rom	0x10	gTrainerParty_Tony4
0x081ED7A8	rom	0x10	gTrainerParty_Tony5
0x081ED7B8	rom	0x8	gTrainerParty_Hideki
0x081ED7C0	rom	0x10	gTrainerParty_Hitoshi
0x081ED7D0	rom	0x18	gTrainerParty_Kiyo
0x081ED7E8	rom	0x10	gTrainerParty_Koichi
0x081ED7F8	rom	0x8	gTrainerParty_Nob1
0x081ED800	rom	0x8	gTrainerParty_Nob2
0x081ED808	rom	0x10	gTrainerParty_Nob3
0x081ED818	rom	0x18	gTrainerParty_Nob4
0x081ED830	rom	0x20	gTrainerParty_Nob5
0x081ED850	rom	0x10	gTrainerParty_Yuji
0x081ED860	rom	0x8	gTrainerParty_Daisuke
0x081ED868	rom	0x18	gTrainerParty_Atsushi
0x081ED880	rom	0x10	gTrainerParty_Kirk
0x081ED890	rom	0x8	gTrainerParty_Scott
0x081ED898	rom	0x10	gTrainerParty_Harvey
0x081ED8A8	rom	0x18	gTrainerParty_Shawn
0x081ED8C0	rom	0x18	gTrainerParty_Randy
0x081ED8D8	rom	0x18	gTrainerParty_Dalton1
0x081ED8F0	rom	0x18	gTrainerParty_Dalton2
0x081ED908	rom	0x18	gTrainerParty_Dalton3
0x081ED920	rom	0x18	gTrainerParty_Dalton4
0x081ED938	rom	0x18	gTrainerParty_Dalton5
0x081ED950	rom	0x18	gTrainerParty_Cole
0x081ED968	rom	0x8	gTrainerParty_Flint
0x081ED970	rom	0x10	gTrainerParty_Axle
0x081ED980	rom	0x8	gTrainerParty_Jake
0x081ED988	rom	0x10	gTrainerParty_Andy
0x081ED998	rom	0x10	gTrainerParty_Bernie1
0x081ED9A8	rom	0x10	gTrainerParty_Bernie2
0x081ED9B8	rom	0x10	gTrainerParty_Bernie3
0x081ED9C8	rom	0x10	gTrainerParty_Bernie4
0x081ED9D8	rom	0x10	gTrainerParty_Bernie5
0x081ED9E8	rom	0x10	gTrainerParty_Drew
0x081ED9F8	rom	0x30	gTrainerParty_Cliff
0x081EDA28	rom	0x10	gTrainerParty_Larry
0x081EDA38	rom	0x10	gTrainerParty_Shane
0x081EDA48	rom	0x8	gTrainerParty_Justin
0x081EDA50	rom	0x10	gTrainerParty_Ethan1
0x081EDA60	rom	0x10	gTrainerParty_Jeff
0x081EDA70	rom	0x8	gTrainerParty_Travis
0x081EDA78	rom	0x10	gTrainerParty_Ethan2
0x081EDA88	rom	0x10	gTrainerParty_Ethan3
0x081EDA98	rom	0x18	gTrainerParty_Ethan4
0x081EDAB0	rom	0x18	gTrainerParty_Ethan5
0x081EDAC8	rom	0x8	gTrainerParty_Brent
0x081EDAD0	rom	0x18	gTrainerParty_Donald
0x081EDAE8	rom	0x18	gTrainerParty_Taylor
0x081EDB00	rom	0x18	gTrainerParty_Brandon1
0x081EDB18	rom	0x18	gTrainerParty_Derek
0x081EDB30	rom	0x18	gTrainerParty_Brandon2
0x081EDB48	rom	0x18	gTrainerParty_Brandon3
0x081EDB60	rom	0x20	gTrainerParty_Brandon4
0x081EDB80	rom	0x28	gTrainerParty_Brandon5
0x081EDBA8	rom	0x10	gTrainerParty_Edward
0x081EDBB8	rom	0x8	gTrainerParty_Preston
0x081EDBC0	rom	0x10	gTrainerParty_Virgil
0x081EDBD0	rom	0x18	gTrainerParty_Fritz
0x081EDBE8	rom	0x10	gTrainerParty_William
0x081EDBF8	rom	0x10	gTrainerParty_Joshua
0x081EDC08	rom	0x10	gTrainerParty_Cameron1
0x081EDC18	rom	0x10	gTrainerParty_Cameron2
0x081EDC28	rom	0x10	gTrainerParty_Cameron3
0x081EDC38	rom	0x10	gTrainerParty_Cameron4
0x081EDC48	rom	0x10	gTrainerParty_Cameron5
0x081EDC58	rom	0x10	gTrainerParty_Jaclyn
0x081EDC68	rom	0x10	gTrainerParty_Hannah
0x081EDC78	rom	0x8	gTrainerParty_Samantha
0x081EDC80	rom	0x10	gTrainerParty_Maura
0x081EDC90	rom	0x8	gTrainerParty_Kayla
0x081EDC98	rom	0x18	gTrainerParty_Alexis
0x081EDCB0	rom	0x10	gTrainerParty_Jacki1
0x081EDCC0	rom	0x10	gTrainerParty_Jacki2
0x081EDCD0	rom	0x10	gTrainerParty_Jacki3
0x081EDCE0	rom	0x10	gTrainerParty_Jacki4
0x081EDCF0	rom	0x10	gTrainerParty_Jacki5
0x081EDD00	rom	0x8	gTrainerParty_Walter1
0x081EDD08	rom	0x10	gTrainerParty_Tucker
0x081EDD18	rom	0x8	gTrainerParty_Thomas
0x081EDD20	rom	0x8	gTrainerParty_Walter2
0x081EDD28	rom	0x20	gTrainerParty_Walter3
0x081EDD48	rom	0x20	gTrainerParty_Walter4
0x081EDD68	rom	0x30	gTrainerParty_Walter5
0x081EDD98	rom	0x50	gTrainerParty_Sidney
0x081EDDE8	rom	0x50	gTrainerParty_Phoebe
0x081EDE38	rom	0x50	gTrainerParty_Glacia
0x081EDE88	rom	0x50	gTrainerParty_Drake
0x081EDED8	rom	0x20	gTrainerParty_Roxanne
0x081EDEF8	rom	0x20	gTrainerParty_Brawly
0x081EDF18	rom	0x30	gTrainerParty_Wattson
0x081EDF48	rom	0x30	gTrainerParty_Flannery
0x081EDF78	rom	0x30	gTrainerParty_Norman
0x081EDFA8	rom	0x40	gTrainerParty_Winona
0x081EDFE8	rom	0x20	gTrainerParty_TateAndLiza
0x081EE008	rom	0x50	gTrainerParty_Wallace
0x081EE058	rom	0x8	gTrainerParty_Jerry1
0x081EE060	rom	0x8	gTrainerParty_Ted
0x081EE068	rom	0x18	gTrainerParty_Paul
0x081EE080	rom	0x10	gTrainerParty_Jerry2
0x081EE090	rom	0x10	gTrainerParty_Jerry3
0x081EE0A0	rom	0x10	gTrainerParty_Jerry4
0x081EE0B0	rom	0x18	gTrainerParty_Jerry5
0x081EE0C8	rom	0x10	gTrainerParty_Karen1
0x081EE0D8	rom	0x10	gTrainerParty_Georgia
0x081EE0E8	rom	0x10	gTrainerParty_Karen2
0x081EE0F8	rom	0x10	gTrainerParty_Karen3
0x081EE108	rom	0x10	gTrainerParty_Karen4
0x081EE118	rom	0x10	gTrainerParty_Karen5
0x081EE128	rom	0x20	gTrainerParty_KateAndJoy
0x081EE148	rom	0x20	gTrainerParty_AnnaAndMeg1
0x081EE168	rom	0x20	gTrainerParty_AnnaAndMeg2
0x081EE188	rom	0x20	gTrainerParty_AnnaAndMeg3
0x081EE1A8	rom	0x20	gTrainerParty_AnnaAndMeg4
0x081EE1C8	rom	0x20	gTrainerParty_AnnaAndMeg5
0x081EE1E8	rom	0x10	gTrainerParty_Victor
0x081EE1F8	rom	0x8	gTrainerParty_Miguel1
0x081EE200	rom	0x60	gTrainerParty_Colton
0x081EE260	rom	0x8	gTrainerParty_Miguel2
0x081EE268	rom	0x8	gTrainerParty_Miguel3
0x081EE270	rom	0x8	gTrainerParty_Miguel4
0x081EE278	rom	0x8	gTrainerParty_Miguel5
0x081EE280	rom	0x8	gTrainerParty_Victoria
0x081EE288	rom	0x8	gTrainerParty_Vanessa
0x081EE290	rom	0x18	gTrainerParty_Marissa
0x081EE2A8	rom	0x10	gTrainerParty_Isabel1
0x081EE2B8	rom	0x10	gTrainerParty_Isabel2
0x081EE2C8	rom	0x10	gTrainerParty_Isabel3
0x081EE2D8	rom	0x10	gTrainerParty_Isabel4
0x081EE2E8	rom	0x10	gTrainerParty_Isabel5
0x081EE2F8	rom	0x8	gTrainerParty_Timothy1
0x081EE300	rom	0x10	gTrainerParty_Timothy2
0x081EE310	rom	0x10	gTrainerParty_Timothy3
0x081EE320	rom	0x10	gTrainerParty_Timothy4
0x081EE330	rom	0x10	gTrainerParty_Timothy5
0x081EE340	rom	0x10	gTrainerParty_Vicky
0x081EE350	rom	0x10	gTrainerParty_Shelby1
0x081EE360	rom	0x10	gTrainerParty_Shelby2
0x081EE370	rom	0x10	gTrainerParty_Shelby3
0x081EE380	rom	0x10	gTrainerParty_Shelby4
0x081EE390	rom	0x10	gTrainerParty_Shelby5
0x081EE3A0	rom	0x8	gTrainerParty_Calvin1
0x081EE3A8	rom	0x10	gTrainerParty_Billy
0x081EE3B8	rom	0x30	gTrainerParty_Josh
0x081EE3E8	rom	0x8	gTrainerParty_Tommy
0x081EE3F0	rom	0x10	gTrainerParty_Joey
0x081EE400	rom	0x10	gTrainerParty_Ben
0x081EE410	rom	0x10	gTrainerParty_Anonymous5
0x081EE420	rom	0x10	gTrainerParty_Kevin
0x081EE430	rom	0x10	gTrainerParty_Neal
0x081EE440	rom	0x8	gTrainerParty_Dillon
0x081EE448	rom	0x8	gTrainerParty_Calvin2
0x081EE450	rom	0x10	gTrainerParty_Calvin3
0x081EE460	rom	0x10	gTrainerParty_Calvin4
0x081EE470	rom	0x18	gTrainerParty_Calvin5
0x081EE488	rom	0x10	gTrainerParty_Eddie
0x081EE498	rom	0x10	gTrainerParty_Allen
0x081EE4A8	rom	0x18	gTrainerParty_Timmy
0x081EE4C0	rom	0x60	gTrainerParty_Steven
0x081EE520	rom	0x18	gTrainerParty_Andrew
0x081EE538	rom	0x18	gTrainerParty_Ivan
0x081EE550	rom	0x20	gTrainerParty_Claude
0x081EE570	rom	0x18	gTrainerParty_Elliot1
0x081EE588	rom	0x8	gTrainerParty_Ned
0x081EE590	rom	0x20	gTrainerParty_Dale
0x081EE5B0	rom	0x8	gTrainerParty_Nolan
0x081EE5B8	rom	0x10	gTrainerParty_Barny
0x081EE5C8	rom	0x8	gTrainerParty_Wade
0x081EE5D0	rom	0x20	gTrainerParty_Carter
0x081EE5F0	rom	0x18	gTrainerParty_Elliot2
0x081EE608	rom	0x20	gTrainerParty_Elliot3
0x081EE628	rom	0x20	gTrainerParty_Elliot4
0x081EE648	rom	0x20	gTrainerParty_Elliot5
0x081EE668	rom	0x30	gTrainerParty_Ronald
0x081EE698	rom	0x18	gTrainerParty_Jacob
0x081EE6B0	rom	0x10	gTrainerParty_Anthony
0x081EE6C0	rom	0x8	gTrainerParty_Benjamin1
0x081EE6C8	rom	0x8	gTrainerParty_Benjamin2
0x081EE6D0	rom	0x8	gTrainerParty_Benjamin3
0x081EE6D8	rom	0x8	gTrainerParty_Benjamin4
0x081EE6E0	rom	0x8	gTrainerParty_Benjamin5
0x081EE6E8	rom	0x8	gTrainerParty_Abigail1
0x081EE6F0	rom	0x18	gTrainerParty_Jasmine
0x081EE708	rom	0x8	gTrainerParty_Abigail2
0x081EE710	rom	0x8	gTrainerParty_Abigail3
0x081EE718	rom	0x8	gTrainerParty_Abigail4
0x081EE720	rom	0x8	gTrainerParty_Abigail5
0x081EE728	rom	0x8	gTrainerParty_Dylan1
0x081EE730	rom	0x8	gTrainerParty_Dylan2
0x081EE738	rom	0x8	gTrainerParty_Dylan3
0x081EE740	rom	0x8	gTrainerParty_Dylan4
0x081EE748	rom	0x8	gTrainerParty_Dylan5
0x081EE750	rom	0x8	gTrainerParty_Maria1
0x081EE758	rom	0x8	gTrainerParty_Maria2
0x081EE760	rom	0x8	gTrainerParty_Maria3
0x081EE768	rom	0x8	gTrainerParty_Maria4
0x081EE770	rom	0x8	gTrainerParty_Maria5
0x081EE778	rom	0x20	gTrainerParty_Caleb
0x081EE798	rom	0x8	gTrainerParty_Anonymous6
0x081EE7A0	rom	0x8	gTrainerParty_Isaiah1
0x081EE7A8	rom	0x8	gTrainerParty_Anonymous7
0x081EE7B0	rom	0x10	gTrainerParty_Chase
0x081EE7C0	rom	0x8	gTrainerParty_Isaiah2
0x081EE7C8	rom	0x8	gTrainerParty_Isaiah3
0x081EE7D0	rom	0x8	gTrainerParty_Isaiah4
0x081EE7D8	rom	0x8	gTrainerParty_Isaiah5
0x081EE7E0	rom	0x18	gTrainerParty_Anonymous8
0x081EE7F8	rom	0x20	gTrainerParty_Connor
0x081EE818	rom	0x8	gTrainerParty_Anonymous9
0x081EE820	rom	0x8	gTrainerParty_Katelyn1
0x081EE828	rom	0x20	gTrainerParty_Allison
0x081EE848	rom	0x8	gTrainerParty_Katelyn2
0x081EE850	rom	0x8	gTrainerParty_Katelyn3
0x081EE858	rom	0x8	gTrainerParty_Katelyn4
0x081EE860	rom	0x8	gTrainerParty_Katelyn5
0x081EE868	rom	0x10	gTrainerParty_Nicolas1
0x081EE878	rom	0x10	gTrainerParty_Nicolas2
0x081EE888	rom	0x10	gTrainerParty_Nicolas3
0x081EE898	rom	0x18	gTrainerParty_Nicolas4
0x081EE8B0	rom	0x18	gTrainerParty_Nicolas5
0x081EE8C8	rom	0x8	gTrainerParty_Aaron
0x081EE8D0	rom	0x8	gTrainerParty_Perry
0x081EE8D8	rom	0x8	gTrainerParty_Hugh
0x081EE8E0	rom	0x18	gTrainerParty_Phil
0x081EE8F8	rom	0x8	gTrainerParty_Jared
0x081EE900	rom	0x20	gTrainerParty_Anonymous10
0x081EE920	rom	0x18	gTrainerParty_Tanner
0x081EE938	rom	0x18	gTrainerParty_Will
0x081EE950	rom	0x10	gTrainerParty_Colin
0x081EE960	rom	0x8	gTrainerParty_Robert1
0x081EE968	rom	0x18	gTrainerParty_Benny
0x081EE980	rom	0x10	gTrainerParty_Chester
0x081EE990	rom	0x10	gTrainerParty_Robert2
0x081EE9A0	rom	0x10	gTrainerParty_Robert3
0x081EE9B0	rom	0x10	gTrainerParty_Robert4
0x081EE9C0	rom	0x10	gTrainerParty_Robert5
0x081EE9D0	rom	0x20	gTrainerParty_Alex
0x081EE9F0	rom	0x10	gTrainerParty_Beck
0x081EEA00	rom	0x8	gTrainerParty_Yasu
0x081EEA08	rom	0x18	gTrainerParty_Takashi
0x081EEA20	rom	0x8	gTrainerParty_Makoto
0x081EEA28	rom	0x20	gTrainerParty_Hideo1
0x081EEA48	rom	0x40	gTrainerParty_Lao1
0x081EEA88	rom	0x10	gTrainerParty_Lung
0x081EEA98	rom	0x40	gTrainerParty_Lao2
0x081EEAD8	rom	0x40	gTrainerParty_Lao3
0x081EEB18	rom	0x40	gTrainerParty_Lao4
0x081EEB58	rom	0x40	gTrainerParty_Lao5
0x081EEB98	rom	0x18	gTrainerParty_Tessa
0x081EEBB0	rom	0x8	gTrainerParty_Laura
0x081EEBB8	rom	0x10	gTrainerParty_Cyndy1
0x081EEBC8	rom	0x8	gTrainerParty_Cora
0x081EEBD0	rom	0x8	gTrainerParty_Jill
0x081EEBD8	rom	0x10	gTrainerParty_Cyndy2
0x081EEBE8	rom	0x10	gTrainerParty_Cyndy3
0x081EEBF8	rom	0x10	gTrainerParty_Cyndy4
0x081EEC08	rom	0x10	gTrainerParty_Cyndy5
0x081EEC18	rom	0x10	gTrainerParty_Madeline1
0x081EEC28	rom	0x10	gTrainerParty_Clarissa
0x081EEC38	rom	0x8	gTrainerParty_Angelica
0x081EEC40	rom	0x10	gTrainerParty_Madeline2
0x081EEC50	rom	0x10	gTrainerParty_Madeline3
0x081EEC60	rom	0x20	gTrainerParty_Madeline4
0x081EEC80	rom	0x20	gTrainerParty_Madeline5
0x081EECA0	rom	0x10	gTrainerParty_Beverly
0x081EECB0	rom	0x8	gTrainerParty_Dawn
0x081EECB8	rom	0x8	gTrainerParty_Nicole
0x081EECC0	rom	0x8	gTrainerParty_Denise
0x081EECC8	rom	0x18	gTrainerParty_Beth
0x081EECE0	rom	0x10	gTrainerParty_Tara
0x081EECF0	rom	0x20	gTrainerParty_Missy
0x081EED10	rom	0x18	gTrainerParty_Alice
0x081EED28	rom	0x8	gTrainerParty_Jenny1
0x081EED30	rom	0x18	gTrainerParty_Grace
0x081EED48	rom	0x8	gTrainerParty_Tanya
0x081EED50	rom	0x10	gTrainerParty_Sharon
0x081EED60	rom	0x18	gTrainerParty_Nikki
0x081EED78	rom	0x8	gTrainerParty_Brenda
0x081EED80	rom	0x18	gTrainerParty_Katie
0x081EED98	rom	0x18	gTrainerParty_Susie
0x081EEDB0	rom	0x8	gTrainerParty_Kara
0x081EEDB8	rom	0x18	gTrainerParty_Dana
0x081EEDD0	rom	0x8	gTrainerParty_Erin
0x081EEDD8	rom	0x10	gTrainerParty_Debra
0x081EEDE8	rom	0x10	gTrainerParty_Linda
0x081EEDF8	rom	0x10	gTrainerParty_Kaylee
0x081EEE08	rom	0x18	gTrainerParty_Laurel
0x081EEE20	rom	0x8	gTrainerParty_Darcy
0x081EEE28	rom	0x8	gTrainerParty_Jenny2
0x081EEE30	rom	0x8	gTrainerParty_Jenny3
0x081EEE38	rom	0x10	gTrainerParty_Jenny4
0x081EEE48	rom	0x18	gTrainerParty_Jenny5
0x081EEE60	rom	0x20	gTrainerParty_Heidi
0x081EEE80	rom	0x10	gTrainerParty_Becky
0x081EEE90	rom	0x10	gTrainerParty_Carol
0x081EEEA0	rom	0x10	gTrainerParty_Nancy
0x081EEEB0	rom	0x10	gTrainerParty_Martha
0x081EEEC0	rom	0x18	gTrainerParty_Diana1
0x081EEED8	rom	0x10	gTrainerParty_Nina
0x081EEEE8	rom	0x10	gTrainerParty_Irene
0x081EEEF8	rom	0x18	gTrainerParty_Diana2
0x081EEF10	rom	0x18	gTrainerParty_Diana3
0x081EEF28	rom	0x18	gTrainerParty_Diana4
0x081EEF40	rom	0x18	gTrainerParty_Diana5
0x081EEF58	rom	0x10	gTrainerParty_AmyAndLiv1
0x081EEF68	rom	0x10	gTrainerParty_AmyAndLiv2
0x081EEF78	rom	0x10	gTrainerParty_GinaAndMia1
0x081EEF88	rom	0x10	gTrainerParty_MiuAndYuki
0x081EEF98	rom	0x10	gTrainerParty_AmyAndLiv3
0x081EEFA8	rom	0x20	gTrainerParty_GinaAndMia2
0x081EEFC8	rom	0x10	gTrainerParty_AmyAndLiv4
0x081EEFD8	rom	0x20	gTrainerParty_AmyAndLiv5
0x081EEFF8	rom	0x20	gTrainerParty_AmyAndLiv6
0x081EF018	rom	0x8	gTrainerParty_Huey
0x081EF020	rom	0x18	gTrainerParty_Edmond
0x081EF038	rom	0x18	gTrainerParty_Ernest1
0x081EF050	rom	0x18	gTrainerParty_Dwayne
0x081EF068	rom	0x10	gTrainerParty_Phillip
0x081EF078	rom	0x18	gTrainerParty_Leonard
0x081EF090	rom	0x10	gTrainerParty_Duncan
0x081EF0A0	rom	0x18	gTrainerParty_Ernest2
0x081EF0B8	rom	0x18	gTrainerParty_Ernest3
0x081EF0D0	rom	0x18	gTrainerParty_Ernest4
0x081EF0E8	rom	0x18	gTrainerParty_Ernest5
0x081EF100	rom	0x10	gTrainerParty_Anonymous11
0x081EF110	rom	0x18	gTrainerParty_Anonymous12
0x081EF128	rom	0x8	gTrainerParty_Anonymous13
0x081EF130	rom	0x8	gTrainerParty_Sonny
0x081EF138	rom	0x10	gTrainerParty_Donovan
0x081EF148	rom	0x18	gTrainerParty_Gerald
0x081EF160	rom	0x10	gTrainerParty_Kelvin
0x081EF170	rom	0x18	gTrainerParty_Kody
0x081EF188	rom	0x8	gTrainerParty_Tevin
0x081EF190	rom	0x10	gTrainerParty_Damon
0x081EF1A0	rom	0x8	gTrainerParty_Pablo
0x081EF1A8	rom	0x10	gTrainerParty_Edwin1
0x081EF1B8	rom	0x8	gTrainerParty_Hector1
0x081EF1C0	rom	0x8	gTrainerParty_Hector2
0x081EF1C8	rom	0x10	gTrainerParty_Edwin2
0x081EF1D8	rom	0x10	gTrainerParty_Edwin3
0x081EF1E8	rom	0x10	gTrainerParty_Edwin4
0x081EF1F8	rom	0x10	gTrainerParty_Edwin5
0x081EF208	rom	0x50	gTrainerParty_Wally1
0x081EF258	rom	0x8	gTrainerParty_Brendan1
0x081EF260	rom	0x18	gTrainerParty_Brendan2
0x081EF278	rom	0x18	gTrainerParty_Brendan3
0x081EF290	rom	0x8	gTrainerParty_Brendan4
0x081EF298	rom	0x18	gTrainerParty_Brendan5
0x081EF2B0	rom	0x18	gTrainerParty_Brendan6
0x081EF2C8	rom	0x8	gTrainerParty_Brendan7
0x081EF2D0	rom	0x18	gTrainerParty_Brendan8
0x081EF2E8	rom	0x18	gTrainerParty_Brendan9
0x081EF300	rom	0x8	gTrainerParty_May1
0x081EF308	rom	0x18	gTrainerParty_May2
0x081EF320	rom	0x18	gTrainerParty_May3
0x081EF338	rom	0x8	gTrainerParty_May4
0x081EF340	rom	0x18	gTrainerParty_May5
0x081EF358	rom	0x18	gTrainerParty_May6
0x081EF370	rom	0x8	gTrainerParty_May7
0x081EF378	rom	0x18	gTrainerParty_May8
0x081EF390	rom	0x18	gTrainerParty_May9
0x081EF3A8	rom	0x30	gTrainerParty_Isaac1
0x081EF3D8	rom	0x18	gTrainerParty_Riley
0x081EF3F0	rom	0x10	gTrainerParty_Aidan
0x081EF400	rom	0x30	gTrainerParty_Isaac2
0x081EF430	rom	0x30	gTrainerParty_Isaac3
0x081EF460	rom	0x30	gTrainerParty_Isaac4
0x081EF490	rom	0x30	gTrainerParty_Isaac5
0x081EF4C0	rom	0x30	gTrainerParty_Lydia1
0x081EF4F0	rom	0x10	gTrainerParty_Alexia
0x081EF500	rom	0x8	gTrainerParty_Danielle
0x081EF508	rom	0x30	gTrainerParty_Lydia2
0x081EF538	rom	0x30	gTrainerParty_Lydia3
0x081EF568	rom	0x30	gTrainerParty_Lydia4
0x081EF598	rom	0x30	gTrainerParty_Lydia5
0x081EF5C8	rom	0x8	gTrainerParty_Jackson1
0x081EF5D0	rom	0x18	gTrainerParty_Carlos
0x081EF5E8	rom	0x8	gTrainerParty_Sebastian
0x081EF5F0	rom	0x8	gTrainerParty_Jackson2
0x081EF5F8	rom	0x8	gTrainerParty_Jackson3
0x081EF600	rom	0x8	gTrainerParty_Jackson4
0x081EF608	rom	0x10	gTrainerParty_Jackson5
0x081EF618	rom	0x10	gTrainerParty_Catherine1
0x081EF628	rom	0x18	gTrainerParty_Jenna
0x081EF640	rom	0x10	gTrainerParty_Sophia
0x081EF650	rom	0x10	gTrainerParty_Catherine2
0x081EF660	rom	0x10	gTrainerParty_Catherine3
0x081EF670	rom	0x10	gTrainerParty_Catherine4
0x081EF680	rom	0x10	gTrainerParty_Catherine5
0x081EF690	rom	0x10	gTrainerParty_Maxie1
0x081EF6A0	rom	0x10	gTrainerParty_Grunt28
0x081EF6B0	rom	0x20	gTrainerParty_Grunt29
0x081EF6D0	rom	0x10	gTrainerParty_Grunt30
0x081EF6E0	rom	0x8	gTrainerParty_Grunt31
0x081EF6E8	rom	0x10	gTrainerParty_Grunt32
0x081EF6F8	rom	0x8	gTrainerParty_Grunt33
0x081EF700	rom	0x18	gTrainerParty_Grunt34
0x081EF718	rom	0x8	gTrainerParty_Grunt35
0x081EF720	rom	0x8	gTrainerParty_Grunt36
0x081EF728	rom	0x10	gTrainerParty_Grunt37
0x081EF738	rom	0x10	gTrainerParty_Grunt38
0x081EF748	rom	0x10	gTrainerParty_Grunt39
0x081EF758	rom	0x10	gTrainerParty_Grunt40
0x081EF768	rom	0x10	gTrainerParty_Grunt41
0x081EF778	rom	0x8	gTrainerParty_Grunt42
0x081EF780	rom	0x10	gTrainerParty_Grunt43
0x081EF790	rom	0x10	gTrainerParty_Grunt44
0x081EF7A0	rom	0x18	gTrainerParty_Grunt45
0x081EF7B8	rom	0x8	gTrainerParty_Grunt46
0x081EF7C0	rom	0x10	gTrainerParty_Grunt47
0x081EF7D0	rom	0x8	gTrainerParty_Grunt48
0x081EF7D8	rom	0x18	gTrainerParty_Grunt49
0x081EF7F0	rom	0x10	gTrainerParty_Grunt50
0x081EF800	rom	0x10	gTrainerParty_Grunt51
0x081EF810	rom	0x8	gTrainerParty_Grunt52
0x081EF818	rom	0x18	gTrainerParty_Grunt53
0x081EF830	rom	0x8	gTrainerParty_Grunt54
0x081EF838	rom	0x10	gTrainerParty_Anonymous14
0x081EF848	rom	0x10	gTrainerParty_Anonymous15
0x081EF858	rom	0x18	gTrainerParty_Tabitha1
0x081EF870	rom	0x18	gTrainerParty_Tabitha2
0x081EF888	rom	0x10	gTrainerParty_Anonymous16
0x081EF898	rom	0x10	gTrainerParty_Courtney1
0x081EF8A8	rom	0x10	gTrainerParty_Courtney2
0x081EF8B8	rom	0x18	gTrainerParty_Maxie2
0x081EF8D0	rom	0x18	gTrainerParty_Maxie3
0x081EF8E8	rom	0x10	gTrainerParty_Tiana
0x081EF8F8	rom	0x10	gTrainerParty_Haley1
0x081EF908	rom	0x8	gTrainerParty_Janice
0x081EF910	rom	0x18	gTrainerParty_Vivi
0x081EF928	rom	0x10	gTrainerParty_Haley2
0x081EF938	rom	0x10	gTrainerParty_Haley3
0x081EF948	rom	0x10	gTrainerParty_Haley4
0x081EF958	rom	0x18	gTrainerParty_Haley5
0x081EF970	rom	0x8	gTrainerParty_Sally
0x081EF978	rom	0x18	gTrainerParty_Robin
0x081EF990	rom	0x8	gTrainerParty_Andrea
0x081EF998	rom	0x10	gTrainerParty_Crissy
0x081EF9A8	rom	0x10	gTrainerParty_Rick
0x081EF9B8	rom	0x30	gTrainerParty_Lyle
0x081EF9E8	rom	0x18	gTrainerParty_Jose
0x081EFA00	rom	0x10	gTrainerParty_Doug
0x081EFA10	rom	0x10	gTrainerParty_Greg
0x081EFA20	rom	0x8	gTrainerParty_Kent
0x081EFA28	rom	0x8	gTrainerParty_James1
0x081EFA30	rom	0x8	gTrainerParty_James2
0x081EFA38	rom	0x10	gTrainerParty_James3
0x081EFA48	rom	0x18	gTrainerParty_James4
0x081EFA60	rom	0x20	gTrainerParty_James5
0x081EFA80	rom	0x10	gTrainerParty_Brice
0x081EFA90	rom	0x20	gTrainerParty_Trent1
0x081EFAB0	rom	0x10	gTrainerParty_Lenny
0x081EFAC0	rom	0x18	gTrainerParty_Lucas1
0x081EFAD8	rom	0x18	gTrainerParty_Alan
0x081EFAF0	rom	0x18	gTrainerParty_Clark
0x081EFB08	rom	0x10	gTrainerParty_Eric
0x081EFB18	rom	0x10	gTrainerParty_Lucas2
0x081EFB28	rom	0x20	gTrainerParty_Mike1
0x081EFB48	rom	0x18	gTrainerParty_Mike2
0x081EFB60	rom	0x20	gTrainerParty_Trent2
0x081EFB80	rom	0x20	gTrainerParty_Trent3
0x081EFBA0	rom	0x20	gTrainerParty_Trent4
0x081EFBC0	rom	0x20	gTrainerParty_Trent5
0x081EFBE0	rom	0x10	gTrainerParty_DezAndLuke
0x081EFBF0	rom	0x10	gTrainerParty_LeaAndJed
0x081EFC00	rom	0x10	gTrainerParty_LoisAndHal1
0x081EFC10	rom	0x10	gTrainerParty_LoisAndHal2
0x081EFC20	rom	0x10	gTrainerParty_LoisAndHal3
0x081EFC30	rom	0x10	gTrainerParty_LoisAndHal4
0x081EFC40	rom	0x10	gTrainerParty_LoisAndHal5
0x081EFC50	rom	0x8	gTrainerParty_Johanna
0x081EFC58	rom	0x10	gTrainerParty_Zane
0x081EFC68	rom	0x10	gTrainerParty_Vivian
0x081EFC78	rom	0x10	gTrainerParty_Sadie
0x081EFC88	rom	0x20	gTrainerParty_Hideo2
0x081EFCA8	rom	0x20	gTrainerParty_Keigo
0x081EFCC8	rom	0x30	gTrainerParty_Tsunao
0x081EFCF8	rom	0x10	gTrainerParty_Terrell
0x081EFD08	rom	0x8	gTrainerParty_Kylee
0x081EFD10	rom	0x8	gTrainerParty_Wally2
0x081EFD18	rom	0x50	gTrainerParty_Wally3
0x081EFD68	rom	0x50	gTrainerParty_Wally4
0x081EFDB8	rom	0x50	gTrainerParty_Wally5
0x081EFE08	rom	0x50	gTrainerParty_Wally6
0x081EFE58	rom	0x20	gTrainerParty_Brendan10
0x081EFE78	rom	0x20	gTrainerParty_Brendan11
0x081EFE98	rom	0x20	gTrainerParty_Brendan12
0x081EFEB8	rom	0x20	gTrainerParty_May10
0x081EFED8	rom	0x20	gTrainerParty_May11
0x081EFEF8	rom	0x20	gTrainerParty_May12
0x081EFF18	rom	0x20	gTrainerParty_Jonah
0x081EFF38	rom	0x18	gTrainerParty_Henry
0x081EFF50	rom	0x20	gTrainerParty_Roger
0x081EFF70	rom	0x10	gTrainerParty_Alexa
0x081EFF80	rom	0x18	gTrainerParty_Ruben
0x081EFF98	rom	0x10	gTrainerParty_Koji
0x081EFFA8	rom	0x20	gTrainerParty_Wayne
0x081EFFC8	rom	0x10	gTrainerParty_Byron
0x081EFFD8	rom	0x20	gTrainerParty_Reed
0x081EFFF8	rom	0x18	gTrainerParty_Tisha
0x081F0010	rom	0x10	gTrainerParty_ToriAndTia
0x081F0020	rom	0x20	gTrainerParty_KimAndIris
0x081F0040	rom	0x20	gTrainerParty_TyraAndIvy
0x081F0060	rom	0x20	gTrainerParty_MelAndPaul
0x081F0080	rom	0x20	gTrainerParty_JohnAndJay1
0x081F00A0	rom	0x20	gTrainerParty_JohnAndJay2
0x081F00C0	rom	0x20	gTrainerParty_JohnAndJay3
0x081F00E0	rom	0x20	gTrainerParty_JohnAndJay4
0x081F0100	rom	0x20	gTrainerParty_JohnAndJay5
0x081F0120	rom	0x10	gTrainerParty_ReliAndIan
0x081F0130	rom	0x10	gTrainerParty_RitaAndSam1
0x081F0140	rom	0x10	gTrainerParty_RitaAndSam2
0x081F0150	rom	0x10	gTrainerParty_RitaAndSam3
0x081F0160	rom	0x10	gTrainerParty_RitaAndSam4
0x081F0170	rom	0x10	gTrainerParty_RitaAndSam5
0x081F0180	rom	0x10	gTrainerParty_LisaAndRay
0x081F0190	rom	0x20	gTrainerParty_Eugene
0x081F01B0	rom	0x2F2	gTrainerClassNames
0x081F04A4	rom	0x6C70	gTrainers
0x081F7114	rom	0x11B4	gSpeciesNames
0x081F82C8	rom	0x1207	gMoveNames
0x081F94D0	rom	0x4	gUnknown_81F9528
0x081F94D4	rom	0x8	gOamData_81F952C
0x081F94DC	rom	0x8	gOamData_81F9534
0x081F94E4	rom	0x10	gSpriteAffineAnim_81F953C
0x081F94F4	rom	0x20	gSpriteAffineAnim_81F954C
0x081F9514	rom	0x8	gSpriteAffineAnimTable_81F956C
0x081F951C	rom	0x18	gSpriteTemplate_81F9574
0x081F9534	rom	0x18	gSpriteTemplate_81F958C
0x081F954C	rom	0x8	gUnknown_081F95A4
0x081F9554	rom	0xC8	sBattleEnvironmentTable
0x081FA6E4	rom	0x3E0	gBattleScriptingCommandsTable
0x081FAAC4	rom	0x34	gAccuracyStageRatios
0x081FAAF8	rom	0xA	sCriticalHitChance
0x081FAB04	rom	0xF0	sStatusFlagsForMoveEffects
0x081FABF4	rom	0x9C	gMoveEffectBS_Ptrs
0x081FAC90	rom	0x7	sUnreferencedBitMask1
0x081FAC97	rom	0x6	gLevelUpStatBoxStats
0x081FAC9E	rom	0x8	sProtectSuccessRates
0x081FACA6	rom	0x28	sMovesForbiddenToCopy
0x081FACCE	rom	0xC	sFlailHpScaleToPowerTable
0x081FACDA	rom	0x14	sNaturePowerMoves
0x081FACEE	rom	0x18	sWeightToDamageTable
0x081FAD06	rom	0x28	sPickupItems
0x081FAD2E	rom	0xA	sEnvironmentToType
0x081FAD38	rom	0x4	sBallCatchBonuses
0x081FAD3C	rom	0x4	gString_TurnJP
0x081FAD40	rom	0xE4	gPlayerBufferCommands
0x081FAE28	rom	0x9	gUnknown_081FAE80
0x081FAE31	rom	0x8	gUnknown_081FAE89
0x081FAE39	rom	0x10	gUnknown_081FAE91
0x081FAF04	rom	0xE4	gOpponentBufferCommands
0x081FAFE8	rom	0x8	sUnknownBytes
0x081FAFF0	rom	0xE4	gLinkOpponentBufferCommands
0x081FB0D4	rom	0x10A4	gBattleMoves
0x081FC178	rom	0x10	sCombinedMoves
0x081FC188	rom	0x336	gSpeciesToHoennPokedexNum
0x081FC4BE	rom	0x336	gSpeciesToNationalPokedexNum
0x081FC7F4	rom	0x336	gHoennToNationalOrder
0x081FCB2C	rom	0x90	gSpindaSpotGraphics
0x081FCBBC	rom	0x7	gItemEffect_Potion
0x081FCBC3	rom	0x6	gItemEffect_Antidote
0x081FCBC9	rom	0x6	gItemEffect_BurnHeal
0x081FCBCF	rom	0x6	gItemEffect_IceHeal
0x081FCBD5	rom	0x6	gItemEffect_Awakening
0x081FCBDB	rom	0x6	gItemEffect_ParalyzeHeal
0x081FCBE1	rom	0x7	gItemEffect_FullRestore
0x081FCBE8	rom	0x7	gItemEffect_MaxPotion
0x081FCBEF	rom	0x7	gItemEffect_HyperPotion
0x081FCBF6	rom	0x7	gItemEffect_SuperPotion
0x081FCBFD	rom	0x6	gItemEffect_FullHeal
0x081FCC03	rom	0x7	gItemEffect_Revive
0x081FCC0A	rom	0x7	gItemEffect_MaxRevive
0x081FCC11	rom	0x7	gItemEffect_FreshWater
0x081FCC18	rom	0x7	gItemEffect_SodaPop
0x081FCC1F	rom	0x7	gItemEffect_Lemonade
0x081FCC26	rom	0x7	gItemEffect_MoomooMilk
0x081FCC2D	rom	0xA	gItemEffect_EnergyPowder
0x081FCC37	rom	0xA	gItemEffect_EnergyRoot
0x081FCC41	rom	0x9	gItemEffect_HealPowder
0x081FCC4A	rom	0xA	gItemEffect_RevivalHerb
0x081FCC54	rom	0x7	gItemEffect_Ether
0x081FCC5B	rom	0x7	gItemEffect_MaxEther
0x081FCC62	rom	0x7	gItemEffect_Elixir
0x081FCC69	rom	0x7	gItemEffect_MaxElixir
0x081FCC70	rom	0x6	gItemEffect_LavaCookie
0x081FCC76	rom	0x6	gItemEffect_BlueFlute
0x081FCC7C	rom	0x6	gItemEffect_YellowFlute
0x081FCC82	rom	0x6	gItemEffect_RedFlute
0x081FCC88	rom	0x7	gItemEffect_BerryJuice
0x081FCC8F	rom	0x7	gItemEffect_SacredAsh
0x081FCC96	rom	0xA	gItemEffect_HPUp
0x081FCCA0	rom	0xA	gItemEffect_Protein
0x081FCCAA	rom	0xA	gItemEffect_Iron
0x081FCCB4	rom	0xA	gItemEffect_Carbos
0x081FCCBE	rom	0xA	gItemEffect_Calcium
0x081FCCC8	rom	0xA	gItemEffect_RareCandy
0x081FCCD2	rom	0x9	gItemEffect_PPUp
0x081FCCDB	rom	0xA	gItemEffect_Zinc
0x081FCCE5	rom	0x9	gItemEffect_PPMax
0x081FCCEE	rom	0x8	gItemEffect_GuardSpec
0x081FCCF6	rom	0x8	gItemEffect_DireHit
0x081FCCFE	rom	0x8	gItemEffect_XAttack
0x081FCD06	rom	0x8	gItemEffect_XDefend
0x081FCD0E	rom	0x8	gItemEffect_XSpeed
0x081FCD16	rom	0x8	gItemEffect_XAccuracy
0x081FCD1E	rom	0x8	gItemEffect_XSpecial
0x081FCD26	rom	0x6	gItemEffect_SunStone
0x081FCD2C	rom	0x6	gItemEffect_MoonStone
0x081FCD32	rom	0x6	gItemEffect_FireStone
0x081FCD38	rom	0x6	gItemEffect_ThunderStone
0x081FCD3E	rom	0x6	gItemEffect_WaterStone
0x081FCD44	rom	0x6	gItemEffect_LeafStone
0x081FCD4A	rom	0x6	gItemEffect_CheriBerry
0x081FCD50	rom	0x6	gItemEffect_ChestoBerry
0x081FCD56	rom	0x6	gItemEffect_PechaBerry
0x081FCD5C	rom	0x6	gItemEffect_RawstBerry
0x081FCD62	rom	0x6	gItemEffect_AspearBerry
0x081FCD68	rom	0x7	gItemEffect_LeppaBerry
0x081FCD6F	rom	0x7	gItemEffect_OranBerry
0x081FCD76	rom	0x6	gItemEffect_PersimBerry
0x081FCD7C	rom	0x6	gItemEffect_LumBerry
0x081FCD82	rom	0x7	gItemEffect_SitrusBerry
0x081FCD8C	rom	0x28C	gItemEffectTable
0x081FD018	rom	0x7D	gNatureStatTable
0x081FD098	rom	0xCE0	gTMHMLearnsets
0x081FDD78	rom	0x4D	gTrainerClassToPicIndex
0x081FDDC5	rom	0x4D	gTrainerClassToNameIndex
0x081FDE12	rom	0x10E	gSpeciesIdToCryId
0x081FDF20	rom	0xCA0	gExperienceTables
0x081FEBC0	rom	0x2D10	gBaseStats
0x082018D0	rom	0x18	gBulbasaurLevelUpLearnset
0x082018E8	rom	0x1C	gIvysaurLevelUpLearnset
0x08201904	rom	0x1E	gVenusaurLevelUpLearnset
0x08201922	rom	0x16	gCharmanderLevelUpLearnset
0x08201938	rom	0x18	gCharmeleonLevelUpLearnset
0x08201950	rom	0x1C	gCharizardLevelUpLearnset
0x0820196C	rom	0x18	gSquirtleLevelUpLearnset
0x08201984	rom	0x1C	gWartortleLevelUpLearnset
0x082019A0	rom	0x1E	gBlastoiseLevelUpLearnset
0x082019BE	rom	0x6	gCaterpieLevelUpLearnset
0x082019C4	rom	0x6	gMetapodLevelUpLearnset
0x082019CA	rom	0x18	gButterfreeLevelUpLearnset
0x082019E2	rom	0x6	gWeedleLevelUpLearnset
0x082019E8	rom	0x6	gKakunaLevelUpLearnset
0x082019EE	rom	0x14	gBeedrillLevelUpLearnset
0x08201A02	rom	0x14	gPidgeyLevelUpLearnset
0x08201A16	rom	0x18	gPidgeottoLevelUpLearnset
0x08201A2E	rom	0x1A	gPidgeotLevelUpLearnset
0x08201A48	rom	0x12	gRattataLevelUpLearnset
0x08201A5A	rom	0x14	gRaticateLevelUpLearnset
0x08201A6E	rom	0x14	gSpearowLevelUpLearnset
0x08201A82	rom	0x16	gFearowLevelUpLearnset
0x08201A98	rom	0x18	gEkansLevelUpLearnset
0x08201AB0	rom	0x1C	gArbokLevelUpLearnset
0x08201ACC	rom	0x18	gPikachuLevelUpLearnset
0x08201AE4	rom	0xA	gRaichuLevelUpLearnset
0x08201AEE	rom	0x14	gSandshrewLevelUpLearnset
0x08201B02	rom	0x18	gSandslashLevelUpLearnset
0x08201B1A	rom	0x16	gNidoranFLevelUpLearnset
0x08201B30	rom	0x16	gNidorinaLevelUpLearnset
0x08201B46	rom	0xC	gNidoqueenLevelUpLearnset
0x08201B52	rom	0x16	gNidoranMLevelUpLearnset
0x08201B68	rom	0x16	gNidorinoLevelUpLearnset
0x08201B7E	rom	0xC	gNidokingLevelUpLearnset
0x08201B8A	rom	0x1C	gClefairyLevelUpLearnset
0x08201BA6	rom	0xA	gClefableLevelUpLearnset
0x08201BB0	rom	0x18	gVulpixLevelUpLearnset
0x08201BC8	rom	0xC	gNinetalesLevelUpLearnset
0x08201BD4	rom	0x18	gJigglypuffLevelUpLearnset
0x08201BEC	rom	0xA	gWigglytuffLevelUpLearnset
0x08201BF6	rom	0x16	gZubatLevelUpLearnset
0x08201C0C	rom	0x1C	gGolbatLevelUpLearnset
0x08201C28	rom	0x12	gOddishLevelUpLearnset
0x08201C3A	rom	0x16	gGloomLevelUpLearnset
0x08201C50	rom	0xC	gVileplumeLevelUpLearnset
0x08201C5C	rom	0x14	gParasLevelUpLearnset
0x08201C70	rom	0x18	gParasectLevelUpLearnset
0x08201C88	rom	0x18	gVenonatLevelUpLearnset
0x08201CA0	rom	0x1E	gVenomothLevelUpLearnset
0x08201CBE	rom	0x14	gDiglettLevelUpLearnset
0x08201CD2	rom	0x1A	gDugtrioLevelUpLearnset
0x08201CEC	rom	0x14	gMeowthLevelUpLearnset
0x08201D00	rom	0x16	gPersianLevelUpLearnset
0x08201D16	rom	0x14	gPsyduckLevelUpLearnset
0x08201D2A	rom	0x18	gGolduckLevelUpLearnset
0x08201D42	rom	0x16	gMankeyLevelUpLearnset
0x08201D58	rom	0x1C	gPrimeapeLevelUpLearnset
0x08201D74	rom	0x16	gGrowlitheLevelUpLearnset
0x08201D8A	rom	0xC	gArcanineLevelUpLearnset
0x08201D96	rom	0x12	gPoliwagLevelUpLearnset
0x08201DA8	rom	0x16	gPoliwhirlLevelUpLearnset
0x08201DBE	rom	0xE	gPoliwrathLevelUpLearnset
0x08201DCC	rom	0x4	gAbraLevelUpLearnset
0x08201DD0	rom	0x1A	gKadabraLevelUpLearnset
0x08201DEA	rom	0x1A	gAlakazamLevelUpLearnset
0x08201E04	rom	0x1A	gMachopLevelUpLearnset
0x08201E1E	rom	0x1C	gMachokeLevelUpLearnset
0x08201E3A	rom	0x1C	gMachampLevelUpLearnset
0x08201E56	rom	0x16	gBellsproutLevelUpLearnset
0x08201E6C	rom	0x1A	gWeepinbellLevelUpLearnset
0x08201E86	rom	0xA	gVictreebelLevelUpLearnset
0x08201E90	rom	0x14	gTentacoolLevelUpLearnset
0x08201EA4	rom	0x18	gTentacruelLevelUpLearnset
0x08201EBC	rom	0x18	gGeodudeLevelUpLearnset
0x08201ED4	rom	0x1C	gGravelerLevelUpLearnset
0x08201EF0	rom	0x1C	gGolemLevelUpLearnset
0x08201F0C	rom	0x16	gPonytaLevelUpLearnset
0x08201F22	rom	0x1E	gRapidashLevelUpLearnset
0x08201F40	rom	0x16	gSlowpokeLevelUpLearnset
0x08201F56	rom	0x1A	gSlowbroLevelUpLearnset
0x08201F70	rom	0x18	gMagnemiteLevelUpLearnset
0x08201F88	rom	0x1C	gMagnetonLevelUpLearnset
0x08201FA4	rom	0x16	gFarfetchdLevelUpLearnset
0x08201FBA	rom	0x14	gDoduoLevelUpLearnset
0x08201FCE	rom	0x18	gDodrioLevelUpLearnset
0x08201FE6	rom	0x12	gSeelLevelUpLearnset
0x08201FF8	rom	0x1A	gDewgongLevelUpLearnset
0x08202012	rom	0x16	gGrimerLevelUpLearnset
0x08202028	rom	0x18	gMukLevelUpLearnset
0x08202040	rom	0x12	gShellderLevelUpLearnset
0x08202052	rom	0xE	gCloysterLevelUpLearnset
0x08202060	rom	0x14	gGastlyLevelUpLearnset
0x08202074	rom	0x18	gHaunterLevelUpLearnset
0x0820208C	rom	0x18	gGengarLevelUpLearnset
0x082020A4	rom	0x18	gOnixLevelUpLearnset
0x082020BC	rom	0x16	gDrowzeeLevelUpLearnset
0x082020D2	rom	0x1A	gHypnoLevelUpLearnset
0x082020EC	rom	0x14	gKrabbyLevelUpLearnset
0x08202100	rom	0x18	gKinglerLevelUpLearnset
0x08202118	rom	0x18	gVoltorbLevelUpLearnset
0x08202130	rom	0x1C	gElectrodeLevelUpLearnset
0x0820214C	rom	0x16	gExeggcuteLevelUpLearnset
0x08202162	rom	0xC	gExeggutorLevelUpLearnset
0x0820216E	rom	0x1A	gCuboneLevelUpLearnset
0x08202188	rom	0x20	gMarowakLevelUpLearnset
0x082021A8	rom	0x1C	gHitmonleeLevelUpLearnset
0x082021C4	rom	0x1A	gHitmonchanLevelUpLearnset
0x082021DE	rom	0x16	gLickitungLevelUpLearnset
0x082021F4	rom	0x16	gKoffingLevelUpLearnset
0x0820220A	rom	0x1A	gWeezingLevelUpLearnset
0x08202224	rom	0x16	gRhyhornLevelUpLearnset
0x0820223A	rom	0x1A	gRhydonLevelUpLearnset
0x08202254	rom	0x1A	gChanseyLevelUpLearnset
0x0820226E	rom	0x1A	gTangelaLevelUpLearnset
0x08202288	rom	0x16	gKangaskhanLevelUpLearnset
0x0820229E	rom	0x12	gHorseaLevelUpLearnset
0x082022B0	rom	0x18	gSeadraLevelUpLearnset
0x082022C8	rom	0x16	gGoldeenLevelUpLearnset
0x082022DE	rom	0x18	gSeakingLevelUpLearnset
0x082022F6	rom	0x1A	gStaryuLevelUpLearnset
0x08202310	rom	0xC	gStarmieLevelUpLearnset
0x0820231C	rom	0x20	gMrmimeLevelUpLearnset
0x0820233C	rom	0x18	gScytherLevelUpLearnset
0x08202354	rom	0x1C	gJynxLevelUpLearnset
0x08202370	rom	0x14	gElectabuzzLevelUpLearnset
0x08202384	rom	0x1A	gMagmarLevelUpLearnset
0x0820239E	rom	0x16	gPinsirLevelUpLearnset
0x082023B4	rom	0x14	gTaurosLevelUpLearnset
0x082023C8	rom	0x8	gMagikarpLevelUpLearnset
0x082023D0	rom	0x14	gGyaradosLevelUpLearnset
0x082023E4	rom	0x1A	gLaprasLevelUpLearnset
0x082023FE	rom	0x4	gDittoLevelUpLearnset
0x08202402	rom	0x14	gEeveeLevelUpLearnset
0x08202416	rom	0x18	gVaporeonLevelUpLearnset
0x0820242E	rom	0x18	gJolteonLevelUpLearnset
0x08202446	rom	0x18	gFlareonLevelUpLearnset
0x0820245E	rom	0x18	gPorygonLevelUpLearnset
0x08202476	rom	0x16	gOmanyteLevelUpLearnset
0x0820248C	rom	0x1A	gOmastarLevelUpLearnset
0x082024A6	rom	0x16	gKabutoLevelUpLearnset
0x082024BC	rom	0x1A	gKabutopsLevelUpLearnset
0x082024D6	rom	0x12	gAerodactylLevelUpLearnset
0x082024E8	rom	0x1C	gSnorlaxLevelUpLearnset
0x08202504	rom	0x14	gArticunoLevelUpLearnset
0x08202518	rom	0x14	gZapdosLevelUpLearnset
0x0820252C	rom	0x14	gMoltresLevelUpLearnset
0x08202540	rom	0x16	gDratiniLevelUpLearnset
0x08202556	rom	0x1A	gDragonairLevelUpLearnset
0x08202570	rom	0x1C	gDragoniteLevelUpLearnset
0x0820258C	rom	0x18	gMewtwoLevelUpLearnset
0x082025A4	rom	0xE	gMewLevelUpLearnset
0x082025B2	rom	0x16	gChikoritaLevelUpLearnset
0x082025C8	rom	0x1A	gBayleefLevelUpLearnset
0x082025E2	rom	0x1A	gMeganiumLevelUpLearnset
0x082025FC	rom	0x12	gCyndaquilLevelUpLearnset
0x0820260E	rom	0x14	gQuilavaLevelUpLearnset
0x08202622	rom	0x16	gTyphlosionLevelUpLearnset
0x08202638	rom	0x14	gTotodileLevelUpLearnset
0x0820264C	rom	0x16	gCroconawLevelUpLearnset
0x08202662	rom	0x18	gFeraligatrLevelUpLearnset
0x0820267A	rom	0x14	gSentretLevelUpLearnset
0x0820268E	rom	0x18	gFurretLevelUpLearnset
0x082026A6	rom	0x14	gHoothootLevelUpLearnset
0x082026BA	rom	0x18	gNoctowlLevelUpLearnset
0x082026D2	rom	0x16	gLedybaLevelUpLearnset
0x082026E8	rom	0x18	gLedianLevelUpLearnset
0x08202700	rom	0x16	gSpinarakLevelUpLearnset
0x08202716	rom	0x1A	gAriadosLevelUpLearnset
0x08202730	rom	0x1C	gCrobatLevelUpLearnset
0x0820274C	rom	0x16	gChinchouLevelUpLearnset
0x08202762	rom	0x18	gLanturnLevelUpLearnset
0x0820277A	rom	0xC	gPichuLevelUpLearnset
0x08202786	rom	0xC	gCleffaLevelUpLearnset
0x08202792	rom	0xC	gIgglybuffLevelUpLearnset
0x0820279E	rom	0x16	gTogepiLevelUpLearnset
0x082027B4	rom	0x16	gTogeticLevelUpLearnset
0x082027CA	rom	0x12	gNatuLevelUpLearnset
0x082027DC	rom	0x12	gXatuLevelUpLearnset
0x082027EE	rom	0x10	gMareepLevelUpLearnset
0x082027FE	rom	0x12	gFlaaffyLevelUpLearnset
0x08202810	rom	0x16	gAmpharosLevelUpLearnset
0x08202826	rom	0xE	gBellossomLevelUpLearnset
0x08202834	rom	0x14	gMarillLevelUpLearnset
0x08202848	rom	0x1A	gAzumarillLevelUpLearnset
0x08202862	rom	0x14	gSudowoodoLevelUpLearnset
0x08202876	rom	0xE	gPolitoedLevelUpLearnset
0x08202884	rom	0x16	gHoppipLevelUpLearnset
0x0820289A	rom	0x1C	gSkiploomLevelUpLearnset
0x082028B6	rom	0x1C	gJumpluffLevelUpLearnset
0x082028D2	rom	0x16	gAipomLevelUpLearnset
0x082028E8	rom	0x12	gSunkernLevelUpLearnset
0x082028FA	rom	0x14	gSunfloraLevelUpLearnset
0x0820290E	rom	0x16	gYanmaLevelUpLearnset
0x08202924	rom	0x16	gWooperLevelUpLearnset
0x0820293A	rom	0x16	gQuagsireLevelUpLearnset
0x08202950	rom	0x18	gEspeonLevelUpLearnset
0x08202968	rom	0x18	gUmbreonLevelUpLearnset
0x08202980	rom	0x12	gMurkrowLevelUpLearnset
0x08202992	rom	0x16	gSlowkingLevelUpLearnset
0x082029A8	rom	0x16	gMisdreavusLevelUpLearnset
0x082029BE	rom	0x4	gUnownLevelUpLearnset
0x082029C2	rom	0xA	gWobbuffetLevelUpLearnset
0x082029CC	rom	0x16	gGirafarigLevelUpLearnset
0x082029E2	rom	0x14	gPinecoLevelUpLearnset
0x082029F6	rom	0x16	gForretressLevelUpLearnset
0x08202A0C	rom	0x14	gDunsparceLevelUpLearnset
0x08202A20	rom	0x12	gGligarLevelUpLearnset
0x08202A32	rom	0x18	gSteelixLevelUpLearnset
0x08202A4A	rom	0x16	gSnubbullLevelUpLearnset
0x08202A60	rom	0x16	gGranbullLevelUpLearnset
0x08202A76	rom	0x14	gQwilfishLevelUpLearnset
0x08202A8A	rom	0x18	gScizorLevelUpLearnset
0x08202AA2	rom	0x10	gShuckleLevelUpLearnset
0x08202AB2	rom	0x16	gHeracrossLevelUpLearnset
0x08202AC8	rom	0x1A	gSneaselLevelUpLearnset
0x08202AE2	rom	0x16	gTeddiursaLevelUpLearnset
0x08202AF8	rom	0x1A	gUrsaringLevelUpLearnset
0x08202B12	rom	0x14	gSlugmaLevelUpLearnset
0x08202B26	rom	0x18	gMagcargoLevelUpLearnset
0x08202B3E	rom	0x12	gSwinubLevelUpLearnset
0x08202B50	rom	0x18	gPiloswineLevelUpLearnset
0x08202B68	rom	0x16	gCorsolaLevelUpLearnset
0x08202B7E	rom	0x12	gRemoraidLevelUpLearnset
0x08202B90	rom	0x14	gOctilleryLevelUpLearnset
0x08202BA4	rom	0x4	gDelibirdLevelUpLearnset
0x08202BA8	rom	0x14	gMantineLevelUpLearnset
0x08202BBC	rom	0x16	gSkarmoryLevelUpLearnset
0x08202BD2	rom	0x16	gHoundourLevelUpLearnset
0x08202BE8	rom	0x18	gHoundoomLevelUpLearnset
0x08202C00	rom	0x18	gKingdraLevelUpLearnset
0x08202C18	rom	0x14	gPhanpyLevelUpLearnset
0x08202C2C	rom	0x14	gDonphanLevelUpLearnset
0x08202C40	rom	0x18	gPorygon2LevelUpLearnset
0x08202C58	rom	0x14	gStantlerLevelUpLearnset
0x08202C6C	rom	0x16	gSmeargleLevelUpLearnset
0x08202C82	rom	0x4	gTyrogueLevelUpLearnset
0x08202C86	rom	0x18	gHitmontopLevelUpLearnset
0x08202C9E	rom	0x18	gSmoochumLevelUpLearnset
0x08202CB6	rom	0x12	gElekidLevelUpLearnset
0x08202CC8	rom	0x14	gMagbyLevelUpLearnset
0x08202CDC	rom	0x14	gMiltankLevelUpLearnset
0x08202CF0	rom	0x1A	gBlisseyLevelUpLearnset
0x08202D0A	rom	0x16	gRaikouLevelUpLearnset
0x08202D20	rom	0x16	gEnteiLevelUpLearnset
0x08202D36	rom	0x16	gSuicuneLevelUpLearnset
0x08202D4C	rom	0x16	gLarvitarLevelUpLearnset
0x08202D62	rom	0x1A	gPupitarLevelUpLearnset
0x08202D7C	rom	0x1A	gTyranitarLevelUpLearnset
0x08202D96	rom	0x16	gLugiaLevelUpLearnset
0x08202DAC	rom	0x16	gHoOhLevelUpLearnset
0x08202DC2	rom	0x14	gCelebiLevelUpLearnset
0x08202DD6	rom	0x4	gSpecies252LevelUpLearnset
0x08202DDA	rom	0x4	gSpecies253LevelUpLearnset
0x08202DDE	rom	0x4	gSpecies254LevelUpLearnset
0x08202DE2	rom	0x4	gSpecies255LevelUpLearnset
0x08202DE6	rom	0x4	gSpecies256LevelUpLearnset
0x08202DEA	rom	0x4	gSpecies257LevelUpLearnset
0x08202DEE	rom	0x4	gSpecies258LevelUpLearnset
0x08202DF2	rom	0x4	gSpecies259LevelUpLearnset
0x08202DF6	rom	0x4	gSpecies260LevelUpLearnset
0x08202DFA	rom	0x4	gSpecies261LevelUpLearnset
0x08202DFE	rom	0x4	gSpecies262LevelUpLearnset
0x08202E02	rom	0x4	gSpecies263LevelUpLearnset
0x08202E06	rom	0x4	gSpecies264LevelUpLearnset
0x08202E0A	rom	0x4	gSpecies265LevelUpLearnset
0x08202E0E	rom	0x4	gSpecies266LevelUpLearnset
0x08202E12	rom	0x4	gSpecies267LevelUpLearnset
0x08202E16	rom	0x4	gSpecies268LevelUpLearnset
0x08202E1A	rom	0x4	gSpecies269LevelUpLearnset
0x08202E1E	rom	0x4	gSpecies270LevelUpLearnset
0x08202E22	rom	0x4	gSpecies271LevelUpLearnset
0x08202E26	rom	0x4	gSpecies272LevelUpLearnset
0x08202E2A	rom	0x4	gSpecies273LevelUpLearnset
0x08202E2E	rom	0x4	gSpecies274LevelUpLearnset
0x08202E32	rom	0x4	gSpecies275LevelUpLearnset
0x08202E36	rom	0x4	gSpecies276LevelUpLearnset
0x08202E3A	rom	0x18	gTreeckoLevelUpLearnset
0x08202E52	rom	0x1E	gGrovyleLevelUpLearnset
0x08202E70	rom	0x1E	gSceptileLevelUpLearnset
0x08202E8E	rom	0x18	gTorchicLevelUpLearnset
0x08202EA6	rom	0x1E	gCombuskenLevelUpLearnset
0x08202EC4	rom	0x22	gBlazikenLevelUpLearnset
0x08202EE6	rom	0x1A	gMudkipLevelUpLearnset
0x08202F00	rom	0x20	gMarshtompLevelUpLearnset
0x08202F20	rom	0x20	gSwampertLevelUpLearnset
0x08202F40	rom	0x1A	gPoochyenaLevelUpLearnset
0x08202F5A	rom	0x20	gMightyenaLevelUpLearnset
0x08202F7A	rom	0x1A	gZigzagoonLevelUpLearnset
0x08202F94	rom	0x1E	gLinooneLevelUpLearnset
0x08202FB2	rom	0x8	gWurmpleLevelUpLearnset
0x08202FBA	rom	0x6	gSilcoonLevelUpLearnset
0x08202FC0	rom	0x16	gBeautiflyLevelUpLearnset
0x08202FD6	rom	0x6	gCascoonLevelUpLearnset
0x08202FDC	rom	0x16	gDustoxLevelUpLearnset
0x08202FF2	rom	0x10	gLotadLevelUpLearnset
0x08203002	rom	0x16	gLombreLevelUpLearnset
0x08203018	rom	0xA	gLudicoloLevelUpLearnset
0x08203022	rom	0x10	gSeedotLevelUpLearnset
0x08203032	rom	0x16	gNuzleafLevelUpLearnset
0x08203048	rom	0xA	gShiftryLevelUpLearnset
0x08203052	rom	0x16	gNincadaLevelUpLearnset
0x08203068	rom	0x20	gNinjaskLevelUpLearnset
0x08203088	rom	0x16	gShedinjaLevelUpLearnset
0x0820309E	rom	0x14	gTaillowLevelUpLearnset
0x082030B2	rom	0x18	gSwellowLevelUpLearnset
0x082030CA	rom	0x16	gShroomishLevelUpLearnset
0x082030E0	rom	0x1E	gBreloomLevelUpLearnset
0x082030FE	rom	0x18	gSpindaLevelUpLearnset
0x08203116	rom	0x12	gWingullLevelUpLearnset
0x08203128	rom	0x1C	gPelipperLevelUpLearnset
0x08203144	rom	0x12	gSurskitLevelUpLearnset
0x08203156	rom	0x1A	gMasquerainLevelUpLearnset
0x08203170	rom	0x1A	gWailmerLevelUpLearnset
0x0820318A	rom	0x20	gWailordLevelUpLearnset
0x082031AA	rom	0x1A	gSkittyLevelUpLearnset
0x082031C4	rom	0xA	gDelcattyLevelUpLearnset
0x082031CE	rom	0x1C	gKecleonLevelUpLearnset
0x082031EA	rom	0x18	gBaltoyLevelUpLearnset
0x08203202	rom	0x20	gClaydolLevelUpLearnset
0x08203222	rom	0x16	gNosepassLevelUpLearnset
0x08203238	rom	0x1A	gTorkoalLevelUpLearnset
0x08203252	rom	0x1C	gSableyeLevelUpLearnset
0x0820326E	rom	0x18	gBarboachLevelUpLearnset
0x08203286	rom	0x1E	gWhiscashLevelUpLearnset
0x082032A4	rom	0x14	gLuvdiscLevelUpLearnset
0x082032B8	rom	0x18	gCorphishLevelUpLearnset
0x082032D0	rom	0x1E	gCrawdauntLevelUpLearnset
0x082032EE	rom	0x8	gFeebasLevelUpLearnset
0x082032F6	rom	0x18	gMiloticLevelUpLearnset
0x0820330E	rom	0x16	gCarvanhaLevelUpLearnset
0x08203324	rom	0x1E	gSharpedoLevelUpLearnset
0x08203342	rom	0x12	gTrapinchLevelUpLearnset
0x08203354	rom	0x1A	gVibravaLevelUpLearnset
0x0820336E	rom	0x1A	gFlygonLevelUpLearnset
0x08203388	rom	0x1C	gMakuhitaLevelUpLearnset
0x082033A4	rom	0x20	gHariyamaLevelUpLearnset
0x082033C4	rom	0x18	gElectrikeLevelUpLearnset
0x082033DC	rom	0x1E	gManectricLevelUpLearnset
0x082033FA	rom	0x16	gNumelLevelUpLearnset
0x08203410	rom	0x1C	gCameruptLevelUpLearnset
0x0820342C	rom	0x1A	gSphealLevelUpLearnset
0x08203446	rom	0x1C	gSealeoLevelUpLearnset
0x08203462	rom	0x1C	gWalreinLevelUpLearnset
0x0820347E	rom	0x1C	gCacneaLevelUpLearnset
0x0820349A	rom	0x20	gCacturneLevelUpLearnset
0x082034BA	rom	0x18	gSnoruntLevelUpLearnset
0x082034D2	rom	0x1E	gGlalieLevelUpLearnset
0x082034F0	rom	0x16	gLunatoneLevelUpLearnset
0x08203506	rom	0x16	gSolrockLevelUpLearnset
0x0820351C	rom	0xE	gAzurillLevelUpLearnset
0x0820352A	rom	0x18	gSpoinkLevelUpLearnset
0x08203542	rom	0x1E	gGrumpigLevelUpLearnset
0x08203560	rom	0x18	gPlusleLevelUpLearnset
0x08203578	rom	0x18	gMinunLevelUpLearnset
0x08203590	rom	0x1A	gMawileLevelUpLearnset
0x082035AA	rom	0x18	gMedititeLevelUpLearnset
0x082035C2	rom	0x24	gMedichamLevelUpLearnset
0x082035E6	rom	0x18	gSwabluLevelUpLearnset
0x082035FE	rom	0x20	gAltariaLevelUpLearnset
0x0820361E	rom	0x10	gWynautLevelUpLearnset
0x0820362E	rom	0x18	gDuskullLevelUpLearnset
0x08203646	rom	0x1E	gDusclopsLevelUpLearnset
0x08203664	rom	0x20	gRoseliaLevelUpLearnset
0x08203684	rom	0x14	gSlakothLevelUpLearnset
0x08203698	rom	0x1A	gVigorothLevelUpLearnset
0x082036B2	rom	0x1A	gSlakingLevelUpLearnset
0x082036CC	rom	0x18	gGulpinLevelUpLearnset
0x082036E4	rom	0x20	gSwalotLevelUpLearnset
0x08203704	rom	0x18	gTropiusLevelUpLearnset
0x0820371C	rom	0x18	gWhismurLevelUpLearnset
0x08203734	rom	0x1E	gLoudredLevelUpLearnset
0x08203752	rom	0x20	gExploudLevelUpLearnset
0x08203772	rom	0xA	gClamperlLevelUpLearnset
0x0820377C	rom	0x12	gHuntailLevelUpLearnset
0x0820378E	rom	0x12	gGorebyssLevelUpLearnset
0x082037A0	rom	0x18	gAbsolLevelUpLearnset
0x082037B8	rom	0x16	gShuppetLevelUpLearnset
0x082037CE	rom	0x1C	gBanetteLevelUpLearnset
0x082037EA	rom	0x16	gSeviperLevelUpLearnset
0x08203800	rom	0x18	gZangooseLevelUpLearnset
0x08203818	rom	0x18	gRelicanthLevelUpLearnset
0x08203830	rom	0x1A	gAronLevelUpLearnset
0x0820384A	rom	0x20	gLaironLevelUpLearnset
0x0820386A	rom	0x20	gAggronLevelUpLearnset
0x0820388A	rom	0x12	gCastformLevelUpLearnset
0x0820389C	rom	0x16	gVolbeatLevelUpLearnset
0x082038B2	rom	0x16	gIllumiseLevelUpLearnset
0x082038C8	rom	0x16	gLileepLevelUpLearnset
0x082038DE	rom	0x1C	gCradilyLevelUpLearnset
0x082038FA	rom	0x16	gAnorithLevelUpLearnset
0x08203910	rom	0x1C	gArmaldoLevelUpLearnset
0x0820392C	rom	0x16	gRaltsLevelUpLearnset
0x08203942	rom	0x1C	gKirliaLevelUpLearnset
0x0820395E	rom	0x1C	gGardevoirLevelUpLearnset
0x0820397A	rom	0x18	gBagonLevelUpLearnset
0x08203992	rom	0x20	gShelgonLevelUpLearnset
0x082039B2	rom	0x22	gSalamenceLevelUpLearnset
0x082039D4	rom	0x4	gBeldumLevelUpLearnset
0x082039D8	rom	0x16	gMetangLevelUpLearnset
0x082039EE	rom	0x1C	gMetagrossLevelUpLearnset
0x08203A0A	rom	0x14	gRegirockLevelUpLearnset
0x08203A1E	rom	0x14	gRegiceLevelUpLearnset
0x08203A32	rom	0x16	gRegisteelLevelUpLearnset
0x08203A48	rom	0x18	gKyogreLevelUpLearnset
0x08203A60	rom	0x18	gGroudonLevelUpLearnset
0x08203A78	rom	0x18	gRayquazaLevelUpLearnset
0x08203A90	rom	0x18	gLatiasLevelUpLearnset
0x08203AA8	rom	0x18	gLatiosLevelUpLearnset
0x08203AC0	rom	0x1A	gJirachiLevelUpLearnset
0x08203ADA	rom	0x1A	gDeoxysLevelUpLearnset
0x08203AF4	rom	0x1A	gChimechoLevelUpLearnset
0x08203B10	rom	0x4060	gEvolutionTable
0x08207B70	rom	0x670	gLevelUpLearnsets
0x082081E0	rom	0x4	gPPUpReadMasks
0x082081E4	rom	0x4	gPPUpWriteMasks
0x082081E8	rom	0x4	gPPUpValues
0x082081EC	rom	0x1A	gStatStageRatios
0x08208206	rom	0x5	unknownGameFreakAbbrev_820825E
0x0820820B	rom	0x22	gHoldEffectToType
0x08208230	rom	0x60	gSpriteTemplate_8208288
0x08208290	rom	0xA	gSecretBaseTrainerClasses
0x0820829A	rom	0x6	sGetMonDataEVConstants
0x082082A0	rom	0x6	gUnknown_082082F8
0x082082A6	rom	0x1B	sFriendshipEventDeltas
0x082082C2	rom	0x12	gHMMoves
0x082082D4	rom	0x16	gJapaneseNidoranNames
0x082082EC	rom	0x280	gSineTable
0x0820856C	rom	0x168	gSineDegreeTable
0x082086D4	rom	0x80	gBitTable
0x08208754	rom	0x18	gInvisibleSpriteTemplate
0x0820876C	rom	0x18	gSpriteDimensions
0x08208784	rom	0x200	gCrc16Table
0x08208984	rom	0x800	gMiscBlank_Gfx
0x08209184	rom	0x8E6	gEggMoves
0x08209A6C	rom	0x10	sCompatibilityMessages
0x08209A7C	rom	0x4	sJapaneseEggNickname
0x08209A80	rom	0x20	sEggPalette
0x08209AA0	rom	0x800	sEggHatchTiles
0x0820A2A0	rom	0x80	sEggShardTiles
0x0820A320	rom	0x8	sOamData_820A378
0x0820A328	rom	0x8	sSpriteAnim_820A380
0x0820A330	rom	0x8	sSpriteAnim_820A388
0x0820A338	rom	0x8	sSpriteAnim_820A390
0x0820A340	rom	0x8	sSpriteAnim_820A398
0x0820A348	rom	0x10	sSpriteAnimTable_820A3A0
0x0820A358	rom	0x8	sUnknown_0820A3B0
0x0820A360	rom	0x8	sUnknown_0820A3B8
0x0820A368	rom	0x8	sUnknown_0820A3C0
0x0820A370	rom	0x18	sSpriteTemplate_820A3C8
0x0820A388	rom	0x8	sOamData_820A3E0
0x0820A390	rom	0x8	sSpriteAnim_820A3E8
0x0820A398	rom	0x8	sSpriteAnim_820A3F0
0x0820A3A0	rom	0x8	sSpriteAnim_820A3F8
0x0820A3A8	rom	0x8	sSpriteAnim_820A400
0x0820A3B0	rom	0x10	sSpriteAnimTable_820A408
0x0820A3C0	rom	0x18	sSpriteTemplate_820A418
0x0820A3D8	rom	0x4C	sEggShardVelocities
0x0820A424	rom	0x8	gUnknown_0820A47C
0x0820A42C	rom	0x8	gUnknown_0820A484
0x0820A434	rom	0x10	gUnknown_0820A48C
0x0820A444	rom	0x10	gUnknown_0820A49C
0x0820A454	rom	0x8	gUnknown_0820A4AC
0x0820A45C	rom	0x20	gUnknown_0820A4B4
0x0820A47C	rom	0x10	gUnknown_0820A4D4
0x0820A48C	rom	0x8	gOamData_820A4E4
0x0820A494	rom	0x30	gSpriteTemplates_820A4EC
0x0820A4C4	rom	0x30	gSpriteTemplates_820A51C
0x0820A4F4	rom	0x18	gSpriteTemplate_820A54C
0x0820A50C	rom	0x8	gOamData_820A564
0x0820A514	rom	0x60	gSpriteTemplates_820A56C
0x0820A574	rom	0x28	gSubspriteTable_820A5CC
0x0820A59C	rom	0x28	gSubspriteTable_820A5F4
0x0820A5C4	rom	0x10	gSubspriteTable_820A61C
0x0820A5D4	rom	0x10	gSubspriteTable_820A62C
0x0820A5E4	rom	0x10	gSubspriteTable_820A63C
0x0820A5F4	rom	0x18	gSubspriteTable_820A64C
0x0820A60C	rom	0x20	gSubspriteTables_unreferenced
0x0820A62C	rom	0x10	gSubspriteTables_820A684
0x0820A63C	rom	0x20	gSubspriteTable_820A694
0x0820A65C	rom	0x30	gSubspriteTable_820A6B4
0x0820A68C	rom	0x8	gSubspriteTables_820A6E4
0x0820A694	rom	0x8	gSubspriteTables_820A6EC
0x0820A69C	rom	0x60	gUnusedDakuten
0x0820A6FC	rom	0x10	gUnknown_0820A754
0x0820A70C	rom	0x10	gUnknown_0820A764
0x0820A71C	rom	0x10	gUnknown_0820A774
0x0820A72C	rom	0x10	gUnknown_0820A784
0x0820A73C	rom	0x8	gOamData_820A794
0x0820A744	rom	0x8	gOamData_820A79C
0x0820A74C	rom	0x30	gSpriteTemplate_820A7A4
0x0820A77C	rom	0x30	gSpriteTemplate_820A7D4
0x0820A7AC	rom	0x8	gUnknown_0820A804
0x0820A7B4	rom	0x8	gUnknown_0820A80C
0x0820A7BC	rom	0x8	gUnknown_0820A814
0x0820A7C4	rom	0x1E	gUnknown_0820A81C
0x0820A7E4	rom	0xC	gUnknown_0820A83C
0x0820A7F0	rom	0xC	gUnknown_0820A848
0x0820A7FC	rom	0x8	gUnknown_0820A854
0x0820A804	rom	0x8	gUnknown_0820A85C
0x0820A80C	rom	0x16	sEmptyWhiteText_GrayHighlight
0x0820A824	rom	0x18	gUnknown_0820A87C
0x0820A83C	rom	0x8	gUnknown_0820A894
0x0820A844	rom	0x14	gUnknown_0820A89C
0x0820A858	rom	0x4	gUnknown_0820A8B0
0x0820A85C	rom	0x28	gUnknown_0820A8B4
0x0820A884	rom	0x28	gUnknown_0820A8DC
0x0820A8AC	rom	0x28	gUnknown_0820A904
0x0820A8D4	rom	0x60	sBallSpriteSheets
0x0820A934	rom	0x60	sBallSpritePalettes
0x0820A994	rom	0x8	sBallOamData
0x0820A99C	rom	0x8	sBallAnimSeq3
0x0820A9A4	rom	0x8	sBallAnimSeq5
0x0820A9AC	rom	0x8	sBallAnimSeq4
0x0820A9B4	rom	0x8	sBallAnimSeq6
0x0820A9BC	rom	0x8	sBallAnimSeq0
0x0820A9C4	rom	0xC	sBallAnimSeq1
0x0820A9D0	rom	0xC	sBallAnimSeq2
0x0820A9DC	rom	0x1C	sBallAnimSequences
0x0820A9F8	rom	0x10	sBallAffineAnimSeq0
0x0820AA08	rom	0x10	sBallAffineAnimSeq1
0x0820AA18	rom	0x10	sBallAffineAnimSeq2
0x0820AA28	rom	0x10	sBallAffineAnimSeq3
0x0820AA38	rom	0x10	sBallAffineAnimSeq4
0x0820AA48	rom	0x14	sBallAffineAnimSequences
0x0820AA5C	rom	0x120	gBallSpriteTemplates
0x0820AB7C	rom	0x1C	unref_data_820ABD4
0x0820AB98	rom	0x1FE	gTradeMovesBoxTilemap
0x0820AD96	rom	0x1FE	gTradePartyBoxTilemap
0x0820AF94	rom	0x800	gTradeStripesBG2Tilemap
0x0820B794	rom	0x800	gTradeStripesBG3Tilemap
0x0820BF94	rom	0x8	gOamData_820BFEC
0x0820BF9C	rom	0x8	gSpriteAnim_820BFF4
0x0820BFA4	rom	0x8	gSpriteAnim_820BFFC
0x0820BFAC	rom	0x8	gSpriteAnim_820C004
0x0820BFB4	rom	0x8	gSpriteAnim_820C00C
0x0820BFBC	rom	0x8	gSpriteAnim_820C014
0x0820BFC4	rom	0x8	gSpriteAnim_820C01C
0x0820BFCC	rom	0x18	gSpriteAnimTable_820C024
0x0820BFE4	rom	0x20	TradeScreenTextPalette
0x0820C004	rom	0x20	UnrefTradeScreenTextPalette
0x0820C024	rom	0x68	gUnknown_0820C07C
0x0820C08C	rom	0x8	gSpritePalette_TradeScreenText
0x0820C094	rom	0x18	gSpriteTemplate_820C0EC
0x0820C0AC	rom	0x8	gOamData_820C104
0x0820C0B4	rom	0x8	gSpriteAnim_820C10C
0x0820C0BC	rom	0x8	gSpriteAnim_820C114
0x0820C0C4	rom	0x8	gSpriteAnimTable_820C11C
0x0820C0CC	rom	0x8	gUnknown_0820C124
0x0820C0D4	rom	0x8	gUnknown_0820C12C
0x0820C0DC	rom	0x18	gSpriteTemplate_820C134
0x0820C0F4	rom	0x18	gUnknown_0820C14C
0x0820C10C	rom	0x138	gTradeNextSelectedMonTable
0x0820C244	rom	0x1A	gTradeMonSpriteCoords
0x0820C25E	rom	0x18	gTradeLevelDisplayCoords
0x0820C276	rom	0x18	gTradeMonBoxCoords
0x0820C28E	rom	0x8	gTradeUnknownSpriteCoords
0x0820C298	rom	0x18	gUnknown_0820C2F0
0x0820C2B0	rom	0x18	gTradeMessageWindowRects
0x0820C2C8	rom	0x10	gUnknown_0820C320
0x0820C2D8	rom	0x4	gUnknown_0820C330
0x0820C2DC	rom	0x8	gUnknown_0820C334
0x0820C2E4	rom	0x1	gOtherText_Terminator
0x0820C2E5	rom	0x2	gOtherText_MaleSymbol3
0x0820C2E7	rom	0x2	gOtherText_FemaleSymbol3
0x0820C2E9	rom	0x2	gOtherText_GenderlessSymbol
0x0820C2EC	rom	0x4	unref_data_820C344
0x0820C2F0	rom	0x68	unref_strings_820C348
0x0820C358	rom	0x5	gUnknown_0820C3B0
0x0820C35D	rom	0xE	unref_string_0820C3B5
0x0820C36B	rom	0xE	unref_string_0820C3C3
0x0820C379	rom	0x6	gUnknown_0820C3D1
0x0820C380	rom	0x20	gTradeBallPalette
0x0820C3A0	rom	0x600	gTradeBallTiles
0x0820C9A0	rom	0xA0	gUnknown_0820C9F8
0x0820CA40	rom	0x1000	gUnknown_0820CA98
0x0820DA40	rom	0x300	gUnknown_0820CA98_2
0x0820DD40	rom	0x1A00	gUnknown_0820DD98
0x0820F740	rom	0x1000	gUnknown_0820F798
0x08210740	rom	0x1000	gUnknown_08210798
0x08211740	rom	0x800	gUnknown_08211798
0x08211F40	rom	0x100	gUnknown_08211F98
0x08212040	rom	0x20	unused_08212098
0x08212060	rom	0x20	gTradeCableEndPalette
0x08212080	rom	0x20	unused_082120D8
0x082120A0	rom	0x20	nullpal_082120F8
0x082120C0	rom	0x20	gTradeGlowPalette
0x082120E0	rom	0x200	gTradeGlow1Tiles
0x082122E0	rom	0x200	gTradeGlow2Tiles
0x082124E0	rom	0x200	gTradeCableEndTiles
0x082126E0	rom	0x1000	gTradeGBAScreenTiles
0x082136E0	rom	0x2040	gUnknown_08213738
0x08215720	rom	0x100	gUnknown_08215778
0x08215820	rom	0x8	gOamData_8215878
0x08215828	rom	0x3C	gSpriteAnim_8215880
0x08215864	rom	0x3C	gSpriteAnim_82158BC
0x082158A0	rom	0x8	gSpriteAnimTable_82158F8
0x082158A8	rom	0x10	gSpriteAffineAnim_8215900
0x082158B8	rom	0x10	gSpriteAffineAnim_8215910
0x082158C8	rom	0x20	gSpriteAffineAnim_8215920
0x082158E8	rom	0xC	gSpriteAffineAnimTable_8215940
0x082158F4	rom	0x8	gUnknown_0821594C
0x082158FC	rom	0x8	gUnknown_08215954
0x08215904	rom	0x18	gSpriteTemplate_821595C
0x0821591C	rom	0x8	gOamData_8215974
0x08215924	rom	0x8	gSpriteAnim_821597C
0x0821592C	rom	0x4	gSpriteAnimTable_8215984
0x08215930	rom	0x18	gSpriteAffineAnim_8215988
0x08215948	rom	0x4	gSpriteAffineAnimTable_82159A0
0x0821594C	rom	0x8	gUnknown_082159A4
0x08215954	rom	0x8	gUnknown_082159AC
0x0821595C	rom	0x8	gUnknown_082159B4
0x08215964	rom	0x18	gSpriteTemplate_82159BC
0x0821597C	rom	0x8	gOamData_82159D4
0x08215984	rom	0x8	gSpriteAnim_82159DC
0x0821598C	rom	0x8	gSpriteAnim_82159E4
0x08215994	rom	0x8	gSpriteAnimTable_82159EC
0x0821599C	rom	0x8	gUnknown_082159F4
0x082159A4	rom	0x18	gSpriteTemplate_82159FC
0x082159BC	rom	0x8	gOamData_8215A14
0x082159C4	rom	0x8	gSpriteAnim_8215A1C
0x082159CC	rom	0x4	gSpriteAnimTable_8215A24
0x082159D0	rom	0x8	gUnknown_08215A28
0x082159D8	rom	0x18	gSpriteTemplate_8215A30
0x082159F0	rom	0x8	gOamData_8215A48
0x082159F8	rom	0x24	gSpriteAnim_8215A50
0x08215A1C	rom	0x4	gSpriteAnimTable_8215A74
0x08215A20	rom	0x8	gUnknown_08215A78
0x08215A28	rom	0x18	gSpriteTemplate_8215A80
0x08215A40	rom	0x18	gTradeGlow2PaletteAnimTable
0x08215A58	rom	0x10	gSpriteAffineAnim_8215AB0
0x08215A68	rom	0x4	gSpriteAffineAnimTable_8215AC0
0x08215A6C	rom	0xB4	gIngameTrades
0x08215B20	rom	0x28	gIngameTradeMail
0x08215B48	rom	0x6C	gTradeBallVerticalVelocityTable
0x08215BB4	rom	0x20	sBlenderCenterPal
0x08215BD4	rom	0x400	sBlenderCenterMap
0x08215FD4	rom	0x20	sBlenderOuterPal
0x08215FF4	rom	0x20	sUnknownPal_0
0x08216014	rom	0x1C0	sUnknownArray_1
0x082161D4	rom	0x2	sUnknownJpnString0
0x082161D6	rom	0x2	sUnknownJpnString1
0x082161D8	rom	0x5	sUnknownJpnString2
0x082161DD	rom	0x5	sUnknownJpnString3
0x082161E2	rom	0x5	sUnknownJpnString4
0x082161E7	rom	0x5	sUnknownJpnString5
0x082161EC	rom	0x5	sUnknownJpnString6
0x082161F1	rom	0x2	gUnknown_08216249
0x082161F3	rom	0xA	sUnknownJpnString7
0x082161FD	rom	0xA	sUnknownJpnString8
0x08216207	rom	0xA	sUnknownJpnString9
0x08216211	rom	0xA	sUnknownJpnString10
0x0821621B	rom	0x5	sUnknownText_2Pok
0x08216220	rom	0x5	sUnknownText_3Pok
0x08216225	rom	0x5	sUnknownText_4Pok
0x0821622C	rom	0xC	gUnknown_08216284
0x08216238	rom	0x4	sUnknown1PString
0x0821623C	rom	0x4	sUnknown2PString
0x08216240	rom	0x4	sUnknown3PString
0x08216244	rom	0x4	sUnknown4PString
0x08216248	rom	0x7	sBlenderOpponentName1
0x0821624F	rom	0x7	sBlenderOpponentName2
0x08216256	rom	0x7	sBlenderOpponentName3
0x08216260	rom	0xC	sBlenderOpponentsNames
0x0821626C	rom	0x4	sRedColorString
0x08216270	rom	0x2	sNewLineString_0
0x08216272	rom	0x2	sSpaceString_0
0x08216274	rom	0x8	gUnknown_082162CC
0x0821627C	rom	0x10	gUnknown_082162D4
0x0821628C	rom	0x8	sBlenderSyncArrowsPos
0x08216294	rom	0xC	gUnknown_082162EC
0x082162A0	rom	0x8	gUnknown_082162F8
0x082162A8	rom	0x3	gUnknown_08216300
0x082162AB	rom	0x5	gUnknown_08216303
0x082162B0	rom	0xC	gUnknown_08216308
0x082162BC	rom	0x8	sOamData_8216314
0x082162C4	rom	0x8	sSpriteAnim_821631C
0x082162CC	rom	0x8	sSpriteAnim_8216324
0x082162D4	rom	0x8	sSpriteAnim_821632C
0x082162DC	rom	0x8	sSpriteAnim_8216334
0x082162E4	rom	0x14	sSpriteAnim_821633C
0x082162F8	rom	0x14	sSpriteAnim_8216350
0x0821630C	rom	0x14	sSpriteAnim_8216364
0x08216320	rom	0x14	sSpriteAnim_8216378
0x08216334	rom	0x8	sSpriteAnim_821638C
0x0821633C	rom	0x8	sSpriteAnim_8216394
0x08216344	rom	0x8	sSpriteAnim_821639C
0x0821634C	rom	0x8	sSpriteAnim_82163A4
0x08216354	rom	0x30	sSpriteAnimTable_82163AC
0x08216384	rom	0x8	gUnknown_082163DC
0x0821638C	rom	0x8	gUnknown_082163E4
0x08216394	rom	0x8	gUnknown_082163EC
0x0821639C	rom	0x18	sBlenderSyncArrow_SpriteTemplate
0x082163B4	rom	0x8	sOamData_821640C
0x082163BC	rom	0x8	sSpriteAnim_8216414
0x082163C4	rom	0x8	sSpriteAnim_821641C
0x082163CC	rom	0x18	sSpriteAnim_8216424
0x082163E4	rom	0x8	sSpriteAnim_821643C
0x082163EC	rom	0x10	sSpriteAnimTable_8216444
0x082163FC	rom	0x8	gUnknown_08216454
0x08216404	rom	0x18	sSpriteTemplate_821645C
0x0821641C	rom	0x8	sOamData_8216474
0x08216424	rom	0x18	sSpriteAnim_821647C
0x0821643C	rom	0x18	sSpriteAnim_8216494
0x08216454	rom	0x24	sSpriteAnim_82164AC
0x08216478	rom	0x8	sSpriteAnim_82164D0
0x08216480	rom	0x8	sSpriteAnim_82164D8
0x08216488	rom	0x14	sSpriteAnimTable_82164E0
0x0821649C	rom	0x8	gUnknown_082164F4
0x082164A4	rom	0x18	sSpriteTemplate_82164FC
0x082164BC	rom	0x8	sOamData_8216514
0x082164C4	rom	0x8	sSpriteAnim_821651C
0x082164CC	rom	0x8	sSpriteAnim_8216524
0x082164D4	rom	0x8	sSpriteAnim_821652C
0x082164DC	rom	0xC	sSpriteAnimTable_8216534
0x082164E8	rom	0x8	gUnknown_08216540
0x082164F0	rom	0x18	sSpriteTemplate_8216548
0x08216508	rom	0x8	sOamData_8216560
0x08216510	rom	0x8	sSpriteAnim_8216568
0x08216518	rom	0x4	sSpriteAnimTable_8216570
0x0821651C	rom	0x8	gUnknown_08216574
0x08216524	rom	0x18	sSpriteTemplate_821657C
0x0821653C	rom	0x28	gUnknown_08216594
0x08216564	rom	0x1E	gUnknown_082165BC
0x08216582	rom	0x5	gUnknown_082165DA
0x08216587	rom	0xA	gUnknown_082165DF
0x08216591	rom	0x5	gUnknown_082165E9
0x08216596	rom	0x5	gUnknown_082165EE
0x0821659B	rom	0x5	gUnknown_082165F3
0x082165A0	rom	0x2	sText_Space
0x082165A2	rom	0x4	sText_BPM
0x082165A6	rom	0x2	sText_Dash
0x082165A8	rom	0x2	sNewLineString_1
0x082165AA	rom	0x2	sNewLineString_2
0x082165AC	rom	0x20	sEmptyMuseumPortrait
0x082165CC	rom	0x8	sDummyWarpData
0x082165D4	rom	0x20	sUnusedData
0x082165F4	rom	0x48	gDirectionToVectors
0x0821663C	rom	0xC	sFlashEffectParams
0x08216648	rom	0xC	gUnknown_082166A0
0x08216654	rom	0x2C	gUnknown_082166AC
0x08216680	rom	0x8	gUnknown_082166D8
0x08308DD0	rom	0x4	sDummyConnectionFlags
0x08308DD4	rom	0xF0	sTileBitAttributes
0x08308EC4	rom	0x300	DoorAnimTiles_04
0x083091E4	rom	0x300	DoorAnimTiles_05
0x083094E4	rom	0x300	DoorAnimTiles_08
0x08309804	rom	0x300	DoorAnimTiles_15
0x08309B24	rom	0x300	DoorAnimTiles_16
0x08309E44	rom	0x300	DoorAnimTiles_00
0x0830A144	rom	0x300	DoorAnimTiles_01
0x0830A444	rom	0x300	DoorAnimTiles_02
0x0830A744	rom	0x300	DoorAnimTiles_03
0x0830AA44	rom	0x300	DoorAnimTiles_06
0x0830AD44	rom	0x300	DoorAnimTiles_07
0x0830B044	rom	0x300	DoorAnimTiles_09
0x0830B364	rom	0x300	DoorAnimTiles_10
0x0830B684	rom	0x300	DoorAnimTiles_11
0x0830B9A4	rom	0x300	DoorAnimTiles_12
0x0830BCC4	rom	0x300	DoorAnimTiles_13
0x0830BFE4	rom	0x300	DoorAnimTiles_14
0x0830C304	rom	0x300	DoorAnimTiles_17
0x0830C624	rom	0x300	DoorAnimTiles_18
0x0830C944	rom	0x300	DoorAnimTiles_19
0x0830CC64	rom	0x300	DoorAnimTiles_20
0x0830CF84	rom	0x300	DoorAnimTiles_21
0x0830D2A4	rom	0x300	DoorAnimTiles_22
0x0830D5C4	rom	0x300	DoorAnimTiles_23
0x0830D8E4	rom	0x300	DoorAnimTiles_24
0x0830DC04	rom	0x300	DoorAnimTiles_25
0x0830DF24	rom	0x300	DoorAnimTiles_26
0x0830E244	rom	0x300	DoorAnimTiles_27
0x0830E564	rom	0x300	DoorAnimTiles_28
0x0830E884	rom	0x300	DoorAnimTiles_29
0x0830EBA4	rom	0x300	DoorAnimTiles_30
0x0830EEC4	rom	0x300	DoorAnimTiles_31
0x0830F1E4	rom	0x300	DoorAnimTiles_32
0x0830F504	rom	0x300	DoorAnimTiles_33
0x0830F824	rom	0x14	gDoorOpenAnimFrames
0x0830F838	rom	0x14	gDoorCloseAnimFrames
0x0830F84C	rom	0x8	DoorAnimPalettes_830F8A4
0x0830F854	rom	0x8	DoorAnimPalettes_830F8AC
0x0830F85C	rom	0x8	DoorAnimPalettes_830F8B4
0x0830F864	rom	0x8	DoorAnimPalettes_830F8BC
0x0830F86C	rom	0x8	DoorAnimPalettes_830F8C4
0x0830F874	rom	0x8	DoorAnimPalettes_830F8CC
0x0830F87C	rom	0x8	DoorAnimPalettes_830F8D4
0x0830F884	rom	0x8	DoorAnimPalettes_830F8DC
0x0830F88C	rom	0x8	DoorAnimPalettes_830F8E4
0x0830F894	rom	0x8	DoorAnimPalettes_830F8EC
0x0830F89C	rom	0x8	DoorAnimPalettes_830F8F4
0x0830F8A4	rom	0x8	DoorAnimPalettes_830F8FC
0x0830F8AC	rom	0x8	DoorAnimPalettes_830F904
0x0830F8B4	rom	0x8	DoorAnimPalettes_830F90C
0x0830F8BC	rom	0x8	DoorAnimPalettes_830F914
0x0830F8C4	rom	0x8	DoorAnimPalettes_830F91C
0x0830F8CC	rom	0x8	DoorAnimPalettes_830F924
0x0830F8D4	rom	0x8	DoorAnimPalettes_830F92C
0x0830F8DC	rom	0x8	DoorAnimPalettes_830F934
0x0830F8E4	rom	0x8	DoorAnimPalettes_830F93C
0x0830F8EC	rom	0x8	DoorAnimPalettes_830F944
0x0830F8F4	rom	0x8	DoorAnimPalettes_830F94C
0x0830F8FC	rom	0x8	DoorAnimPalettes_830F954
0x0830F904	rom	0x8	DoorAnimPalettes_830F95C
0x0830F90C	rom	0x8	DoorAnimPalettes_830F964
0x0830F914	rom	0x8	DoorAnimPalettes_830F96C
0x0830F91C	rom	0x8	DoorAnimPalettes_830F974
0x0830F924	rom	0x8	DoorAnimPalettes_830F97C
0x0830F92C	rom	0x8	DoorAnimPalettes_830F984
0x0830F934	rom	0x8	DoorAnimPalettes_830F98C
0x0830F93C	rom	0x8	DoorAnimPalettes_830F994
0x0830F944	rom	0x8	DoorAnimPalettes_830F99C
0x0830F94C	rom	0x8	DoorAnimPalettes_830F9A4
0x0830F954	rom	0x8	DoorAnimPalettes_830F9AC
0x0830F95C	rom	0x1A4	gDoorAnimGraphicsTable
0x0830FB00	rom	0x48	sForcedMovementTestFuncs
0x0830FB48	rom	0x4C	sForcedMovementFuncs
0x0830FB94	rom	0xC	gUnknown_0830FBEC
0x0830FBA0	rom	0x14	gUnknown_0830FBF8
0x0830FBB4	rom	0x5	gUnknown_0830FC0C
0x0830FBBC	rom	0x20	gUnknown_0830FC14
0x0830FBDC	rom	0x10	sArrowWarpMetatileBehaviorChecks
0x0830FBEC	rom	0x10	sRivalAvatarGfxIds
0x0830FBFC	rom	0x10	sPlayerAvatarGfxIds
0x0830FC0C	rom	0x14	gUnknown_0830FC64
0x0830FC20	rom	0x10	sArrowWarpMetatileBehaviorChecks2
0x0830FC30	rom	0xC	gUnknown_0830FC88
0x0830FC3C	rom	0x4	sPlayerAvatarSecretBaseMatJump
0x0830FC40	rom	0x10	sPlayerAvatarSecretBaseMatSpin
0x0830FC5C	rom	0x40	sFishingStateFuncs
0x0830FCBC	rom	0x10	gReflectionEffectPaletteMap
0x0830FCCC	rom	0x18	gCameraSpriteTemplate
0x0830FCE4	rom	0xC	gCameraObjectFuncs
0x0830FCF0	rom	0x1200	gObjectEventPic_BrendanNormal
0x08310EF0	rom	0x20	gObjectEventPalette8
0x08310F10	rom	0x20	NullPalette_8310F68
0x08310F30	rom	0x20	NullPalette_8310F88
0x08310F50	rom	0x20	NullPalette_8310FA8
0x08310F70	rom	0x20	NullPalette_8310FC8
0x08310F90	rom	0x20	NullPalette_8310FE8
0x08310FB0	rom	0x20	NullPalette_8311008
0x08310FD0	rom	0x20	NullPalette_8311028
0x08310FF0	rom	0x20	NullPalette_8311048
0x08311010	rom	0x20	NullPalette_8311068
0x08311030	rom	0x20	NullPalette_8311088
0x08311050	rom	0x20	NullPalette_83110A8
0x08311070	rom	0x20	NullPalette_83110C8
0x08311090	rom	0x20	NullPalette_83110E8
0x083110B0	rom	0x20	NullPalette_8311108
0x083110D0	rom	0x20	NullPalette_8311128
0x083110F0	rom	0x20	gObjectEventPalette9
0x08311110	rom	0x20	gObjectEventPalette10
0x08311130	rom	0xA00	gObjectEventPic_BrendanFieldMove
0x08311B30	rom	0xC00	gObjectEventPic_BrendanSurfing
0x08312730	rom	0x1200	gObjectEventPic_BrendanMachBike
0x08313930	rom	0x3600	gObjectEventPic_BrendanAcroBike
0x08316F30	rom	0x1800	gObjectEventPic_BrendanFishing
0x08318730	rom	0xC00	gObjectEventPic_BrendanWatering
0x08319330	rom	0x100	gObjectEventPic_BrendanDecorating
0x08319430	rom	0x100	gObjectEventPic_MayDecorating
0x08319530	rom	0x800	gObjectEventPic_BrendanUnderwater
0x08319D30	rom	0x800	gObjectEventPic_MayUnderwater
0x0831A530	rom	0x20	gObjectEventPalette11
0x0831A550	rom	0x1200	gObjectEventPic_MayNormal
0x0831B750	rom	0x20	gObjectEventPalette17
0x0831B770	rom	0x20	gObjectEventPalette18
0x0831B790	rom	0x20	NullPalette_831B7E8
0x0831B7B0	rom	0x20	NullPalette_831B808
0x0831B7D0	rom	0x20	NullPalette_831B828
0x0831B7F0	rom	0x20	NullPalette_831B848
0x0831B810	rom	0x20	NullPalette_831B868
0x0831B830	rom	0x20	NullPalette_831B888
0x0831B850	rom	0x20	NullPalette_831B8A8
0x0831B870	rom	0x20	NullPalette_831B8C8
0x0831B890	rom	0x20	NullPalette_831B8E8
0x0831B8B0	rom	0x20	NullPalette_831B908
0x0831B8D0	rom	0x20	NullPalette_831B928
0x0831B8F0	rom	0x20	NullPalette_831B948
0x0831B910	rom	0x20	NullPalette_831B968
0x0831B930	rom	0x20	NullPalette_831B988
0x0831B950	rom	0x1200	gObjectEventPic_MayMachBike
0x0831CB50	rom	0x3600	gObjectEventPic_MayAcroBike
0x08320150	rom	0xC00	gObjectEventPic_MaySurfing
0x08320D50	rom	0xA00	gObjectEventPic_MayFieldMove
0x08321750	rom	0x1800	gObjectEventPic_MayFishing
0x08322F50	rom	0xC00	gObjectEventPic_MayWatering
0x08323B50	rom	0x20	gObjectEventPalette0
0x08323B70	rom	0x20	gObjectEventPalette1
0x08323B90	rom	0x20	gObjectEventPalette2
0x08323BB0	rom	0x20	gObjectEventPalette3
0x08323BD0	rom	0x20	gObjectEventPalette4
0x08323BF0	rom	0x20	gObjectEventPalette5
0x08323C10	rom	0x20	gObjectEventPalette6
0x08323C30	rom	0x20	gObjectEventPalette7
0x08323C50	rom	0x480	gObjectEventPic_LittleBoy1
0x083240D0	rom	0x900	gObjectEventPic_LittleGirl1
0x083249D0	rom	0x900	gObjectEventPic_Boy1
0x083252D0	rom	0x900	gObjectEventPic_Girl1
0x08325BD0	rom	0x900	gObjectEventPic_Boy2
0x083264D0	rom	0x900	gObjectEventPic_Girl2
0x08326DD0	rom	0x480	gObjectEventPic_LittleBoy2
0x08327250	rom	0x480	gObjectEventPic_LittleGirl2
0x083276D0	rom	0x900	gObjectEventPic_Boy3
0x08327FD0	rom	0x900	gObjectEventPic_Girl3
0x083288D0	rom	0x900	gObjectEventPic_Boy4
0x083291D0	rom	0x900	gObjectEventPic_Woman1
0x08329AD0	rom	0x900	gObjectEventPic_FatMan
0x0832A3D0	rom	0x900	gObjectEventPic_Woman2
0x0832ACD0	rom	0x900	gObjectEventPic_Man1
0x0832B5D0	rom	0x900	gObjectEventPic_Woman3
0x0832BED0	rom	0x900	gObjectEventPic_OldMan1
0x0832C7D0	rom	0x900	gObjectEventPic_OldWoman1
0x0832D0D0	rom	0x900	gObjectEventPic_Man2
0x0832D9D0	rom	0x900	gObjectEventPic_Woman4
0x0832E2D0	rom	0x900	gObjectEventPic_Man3
0x0832EBD0	rom	0x900	gObjectEventPic_Woman5
0x0832F4D0	rom	0x300	gObjectEventPic_Cook
0x0832F7D0	rom	0x900	gObjectEventPic_Woman6
0x083300D0	rom	0x300	gObjectEventPic_OldMan2
0x083303D0	rom	0x300	gObjectEventPic_OldWoman2
0x083306D0	rom	0x900	gObjectEventPic_Camper
0x08330FD0	rom	0x900	gObjectEventPic_Picnicker
0x083318D0	rom	0x900	gObjectEventPic_Man4
0x083321D0	rom	0x900	gObjectEventPic_Woman7
0x08332AD0	rom	0x900	gObjectEventPic_Youngster
0x083333D0	rom	0x900	gObjectEventPic_BugCatcher
0x08333CD0	rom	0x900	gObjectEventPic_PsychicM
0x083345D0	rom	0x900	gObjectEventPic_SchoolKidM
0x08334ED0	rom	0x900	gObjectEventPic_Maniac
0x083357D0	rom	0x900	gObjectEventPic_HexManiac
0x083360D0	rom	0x900	gObjectEventPic_Woman8
0x083369D0	rom	0x900	gObjectEventPic_SwimmerM
0x083372D0	rom	0x900	gObjectEventPic_SwimmerF
0x08337BD0	rom	0x900	gObjectEventPic_BlackBelt
0x083384D0	rom	0x900	gObjectEventPic_Beauty
0x08338DD0	rom	0x900	gObjectEventPic_Scientist1
0x083396D0	rom	0x900	gObjectEventPic_Lass
0x08339FD0	rom	0x900	gObjectEventPic_Gentleman
0x0833A8D0	rom	0x900	gObjectEventPic_Sailor
0x0833B1D0	rom	0x900	gObjectEventPic_Fisherman
0x0833BAD0	rom	0x900	gObjectEventPic_RunningTriathleteM
0x0833C3D0	rom	0x900	gObjectEventPic_RunningTriathleteF
0x0833CCD0	rom	0x480	gObjectEventPic_TuberF
0x0833D150	rom	0x480	gObjectEventPic_TuberM
0x0833D5D0	rom	0x900	gObjectEventPic_Hiker
0x0833DED0	rom	0x1200	gObjectEventPic_CyclingTriathleteM
0x0833F0D0	rom	0x1200	gObjectEventPic_CyclingTriathleteF
0x083402D0	rom	0x900	gObjectEventPic_Man5
0x08340BD0	rom	0x900	gObjectEventPic_Man6
0x083414D0	rom	0xA00	gObjectEventPic_Nurse
0x08341ED0	rom	0x80	gObjectEventPic_ItemBall
0x08341F50	rom	0x900	gObjectEventPic_ProfBirch
0x08342850	rom	0x900	gObjectEventPic_ReporterM
0x08343150	rom	0x900	gObjectEventPic_ReporterF
0x08343A50	rom	0x900	gObjectEventPic_MauvilleOldMan1
0x08344350	rom	0x900	gObjectEventPic_MauvilleOldMan2
0x08344C50	rom	0x900	gObjectEventPic_MartEmployee
0x08345550	rom	0x900	gObjectEventPic_RooftopSaleWoman
0x08345E50	rom	0x900	gObjectEventPic_Teala
0x08346750	rom	0x900	gObjectEventPic_Artist
0x08347050	rom	0x900	gObjectEventPic_Cameraman
0x08347950	rom	0x900	gObjectEventPic_Scientist2
0x08348250	rom	0x900	gObjectEventPic_Man7
0x08348B50	rom	0x900	gObjectEventPic_AquaMemberM
0x08349450	rom	0x900	gObjectEventPic_AquaMemberF
0x08349D50	rom	0x900	gObjectEventPic_MagmaMemberM
0x0834A650	rom	0x900	gObjectEventPic_MagmaMemberF
0x0834AF50	rom	0x300	gObjectEventPic_Sidney
0x0834B250	rom	0x300	gObjectEventPic_Phoebe
0x0834B550	rom	0x300	gObjectEventPic_Glacia
0x0834B850	rom	0x300	gObjectEventPic_Drake
0x0834BB50	rom	0x300	gObjectEventPic_Roxanne
0x0834BE50	rom	0x300	gObjectEventPic_Brawly
0x0834C150	rom	0x300	gObjectEventPic_Wattson
0x0834C450	rom	0x300	gObjectEventPic_Flannery
0x0834C750	rom	0x900	gObjectEventPic_Norman
0x0834D050	rom	0x300	gObjectEventPic_Winona
0x0834D350	rom	0x300	gObjectEventPic_Liza
0x0834D650	rom	0x300	gObjectEventPic_Tate
0x0834D950	rom	0x900	gObjectEventPic_Wallace
0x0834E250	rom	0x900	gObjectEventPic_Steven
0x0834EB50	rom	0x900	gObjectEventPic_Wally
0x0834F450	rom	0x480	gObjectEventPic_LittleBoy3
0x0834F8D0	rom	0x900	gObjectEventPic_HotSpringsOldWoman
0x083501D0	rom	0x600	gObjectEventPic_LatiasLatios
0x083507D0	rom	0x300	gObjectEventPic_Boy5
0x08350AD0	rom	0x900	gObjectEventPic_ContestJudge
0x083513D0	rom	0x900	gObjectEventPic_Archie
0x08351CD0	rom	0x900	gObjectEventPic_Maxie
0x083525D0	rom	0x400	gObjectEventPic_Kyogre
0x083529D0	rom	0x400	gObjectEventPic_Groudon
0x08352DD0	rom	0x200	gObjectEventPic_Regi
0x08352FD0	rom	0x180	gObjectEventPic_Skitty
0x08353150	rom	0x180	gObjectEventPic_Kecleon
0x083532D0	rom	0x400	gObjectEventPic_Rayquaza
0x083536D0	rom	0x180	gObjectEventPic_Zigzagoon
0x08353850	rom	0x180	gObjectEventPic_Pikachu
0x083539D0	rom	0x180	gObjectEventPic_Azumarill
0x08353B50	rom	0x300	gObjectEventPic_Wingull
0x08353E50	rom	0x480	gObjectEventPic_TuberMSwimming
0x083542D0	rom	0x180	gObjectEventPic_Azurill
0x08354450	rom	0x900	gObjectEventPic_Mom
0x08354D50	rom	0x20	gObjectEventPalette22
0x08354D70	rom	0x20	gObjectEventPalette23
0x08354D90	rom	0x20	gObjectEventPalette24
0x08354DB0	rom	0x20	gObjectEventPalette25
0x08354DD0	rom	0x80	gObjectEventPic_UnusedNatuDoll
0x08354E50	rom	0x80	gObjectEventPic_UnusedMagnemiteDoll
0x08354ED0	rom	0x80	gObjectEventPic_UnusedSquirtleDoll
0x08354F50	rom	0x80	gObjectEventPic_UnusedWooperDoll
0x08354FD0	rom	0x80	gObjectEventPic_UnusedPikachuDoll
0x08355050	rom	0x80	gObjectEventPic_UnusedPorygon2Doll
0x083550D0	rom	0x80	gObjectEventPic_PichuDoll
0x08355150	rom	0x80	gObjectEventPic_PikachuDoll
0x083551D0	rom	0x80	gObjectEventPic_MarillDoll
0x08355250	rom	0x80	gObjectEventPic_TogepiDoll
0x083552D0	rom	0x80	gObjectEventPic_CyndaquilDoll
0x08355350	rom	0x80	gObjectEventPic_ChikoritaDoll
0x083553D0	rom	0x80	gObjectEventPic_TotodileDoll
0x08355450	rom	0x80	gObjectEventPic_JigglypuffDoll
0x083554D0	rom	0x80	gObjectEventPic_MeowthDoll
0x08355550	rom	0x80	gObjectEventPic_ClefairyDoll
0x083555D0	rom	0x80	gObjectEventPic_DittoDoll
0x08355650	rom	0x80	gObjectEventPic_SmoochumDoll
0x083556D0	rom	0x80	gObjectEventPic_TreeckoDoll
0x08355750	rom	0x80	gObjectEventPic_TorchicDoll
0x083557D0	rom	0x80	gObjectEventPic_MudkipDoll
0x08355850	rom	0x80	gObjectEventPic_DuskullDoll
0x083558D0	rom	0x80	gObjectEventPic_WynautDoll
0x08355950	rom	0x80	gObjectEventPic_BaltoyDoll
0x083559D0	rom	0x80	gObjectEventPic_KecleonDoll
0x08355A50	rom	0x80	gObjectEventPic_AzurillDoll
0x08355AD0	rom	0x80	gObjectEventPic_SkittyDoll
0x08355B50	rom	0x80	gObjectEventPic_SwabluDoll
0x08355BD0	rom	0x80	gObjectEventPic_GulpinDoll
0x08355C50	rom	0x80	gObjectEventPic_LotadDoll
0x08355CD0	rom	0x80	gObjectEventPic_SeedotDoll
0x08355D50	rom	0x80	gObjectEventPic_PikaCushion
0x08355DD0	rom	0x80	gObjectEventPic_RoundCushion
0x08355E50	rom	0x80	gObjectEventPic_KissCushion
0x08355ED0	rom	0x80	gObjectEventPic_ZigzagCushion
0x08355F50	rom	0x80	gObjectEventPic_SpinCushion
0x08355FD0	rom	0x80	gObjectEventPic_DiamondCushion
0x08356050	rom	0x80	gObjectEventPic_BallCushion
0x083560D0	rom	0x80	gObjectEventPic_GrassCushion
0x08356150	rom	0x80	gObjectEventPic_FireCushion
0x083561D0	rom	0x80	gObjectEventPic_WaterCushion
0x08356250	rom	0x200	gObjectEventPic_BigSnorlaxDoll
0x08356450	rom	0x200	gObjectEventPic_BigRhydonDoll
0x08356650	rom	0x200	gObjectEventPic_BigLaprasDoll
0x08356850	rom	0x200	gObjectEventPic_BigVenusaurDoll
0x08356A50	rom	0x200	gObjectEventPic_BigCharizardDoll
0x08356C50	rom	0x200	gObjectEventPic_BigBlastoiseDoll
0x08356E50	rom	0x200	gObjectEventPic_BigWailmerDoll
0x08357050	rom	0x200	gObjectEventPic_BigRegirockDoll
0x08357250	rom	0x200	gObjectEventPic_BigRegiceDoll
0x08357450	rom	0x200	gObjectEventPic_BigRegisteelDoll
0x08357650	rom	0x200	gObjectEventPic_CuttableTree
0x08357850	rom	0x200	gObjectEventPic_BreakableRock
0x08357A50	rom	0x80	gObjectEventPic_PushableBoulder
0x08357AD0	rom	0x600	gObjectEventPic_MrBrineysBoat
0x083580D0	rom	0x80	gObjectEventPic_Fossil
0x08358150	rom	0x580	gObjectEventPic_SubmarineShadow
0x083586D0	rom	0x20	gObjectEventPalette26
0x083586F0	rom	0x480	gObjectEventPic_Truck
0x08358B70	rom	0x20	gObjectEventPalette14
0x08358B90	rom	0x600	gObjectEventPic_MachokeCarryingBox
0x08359190	rom	0x400	gObjectEventPic_MachokeFacingAway
0x08359590	rom	0x20	gObjectEventPalette15
0x083595B0	rom	0x80	gObjectEventPic_BirchsBag
0x08359630	rom	0x1200	gObjectEventPic_Poochyena
0x0835A830	rom	0x20	gObjectEventPalette16
0x0835A850	rom	0x800	gObjectEventPic_CableCar
0x0835B050	rom	0x20	gObjectEventPalette20
0x0835B070	rom	0x780	gObjectEventPic_SSTidal
0x0835B7F0	rom	0x20	gObjectEventPalette21
0x0835B810	rom	0x300	gFieldEffectPic_BerryTreeGrowthSparkle
0x0835BB10	rom	0x80	gObjectEventPic_BerryTreeDirtPile
0x0835BB90	rom	0x100	gObjectEventPic_BerryTreeSprout
0x0835BC90	rom	0x600	gObjectEventPic_PechaBerryTree
0x0835C290	rom	0x600	gObjectEventPic_KelpsyBerryTree
0x0835C890	rom	0x600	gObjectEventPic_WepearBerryTree
0x0835CE90	rom	0x600	gObjectEventPic_IapapaBerryTree
0x0835D490	rom	0x600	gObjectEventPic_CheriBerryTree
0x0835DA90	rom	0x600	gObjectEventPic_FigyBerryTree
0x0835E090	rom	0x600	gObjectEventPic_MagoBerryTree
0x0835E690	rom	0x600	gObjectEventPic_LumBerryTree
0x0835EC90	rom	0x600	gObjectEventPic_RazzBerryTree
0x0835F290	rom	0x600	gObjectEventPic_GrepaBerryTree
0x0835F890	rom	0x600	gObjectEventPic_RabutaBerryTree
0x0835FE90	rom	0x600	gObjectEventPic_NomelBerryTree
0x08360490	rom	0x600	gObjectEventPic_LeppaBerryTree
0x08360A90	rom	0x600	gObjectEventPic_LiechiBerryTree
0x08361090	rom	0x600	gObjectEventPic_HondewBerryTree
0x08361690	rom	0x600	gObjectEventPic_AguavBerryTree
0x08361C90	rom	0x600	gObjectEventPic_WikiBerryTree
0x08362290	rom	0x600	gObjectEventPic_PomegBerryTree
0x08362890	rom	0x600	gObjectEventPic_RawstBerryTree
0x08362E90	rom	0x600	gObjectEventPic_SpelonBerryTree
0x08363490	rom	0x600	gObjectEventPic_ChestoBerryTree
0x08363A90	rom	0x600	gObjectEventPic_OranBerryTree
0x08364090	rom	0x600	gObjectEventPic_PersimBerryTree
0x08364690	rom	0x600	gObjectEventPic_SitrusBerryTree
0x08364C90	rom	0x600	gObjectEventPic_AspearBerryTree
0x08365290	rom	0x600	gObjectEventPic_PamtreBerryTree
0x08365890	rom	0x600	gObjectEventPic_CornnBerryTree
0x08365E90	rom	0x600	gObjectEventPic_LansatBerryTree
0x08366490	rom	0x600	gObjectEventPic_DurinBerryTree
0x08366A90	rom	0x600	gObjectEventPic_TamatoBerryTree
0x08367090	rom	0x600	gFieldEffectPic_SurfBlob
0x08367690	rom	0xE00	gObjectEventPic_QuintyPlump
0x08368490	rom	0x20	gObjectEventPalette12
0x083684B0	rom	0x20	gObjectEventPalette13
0x083684D0	rom	0x20	gFieldEffectPic_ShadowSmall
0x083684F0	rom	0x40	gFieldEffectPic_ShadowMedium
0x08368530	rom	0x80	gFieldEffectPic_ShadowLarge
0x083685B0	rom	0x400	gFieldEffectPic_ShadowExtraLarge
0x083689B0	rom	0x120	filler_8368A08
0x08368AD0	rom	0x20	gFieldEffectPic_CutGrass
0x08368AF0	rom	0x20	FieldEffectPic_CutGrass_Copy
0x08368B10	rom	0x20	gFieldEffectObjectPalette6
0x08368B30	rom	0x280	gFieldEffectPic_Ripple
0x08368DB0	rom	0x280	gFieldEffectPic_Ash
0x08369030	rom	0x400	gFieldEffectPic_Arrow
0x08369430	rom	0x20	gFieldEffectObjectPalette0
0x08369450	rom	0x20	gFieldEffectObjectPalette1
0x08369470	rom	0xC0	gFieldEffectPic_Dust
0x08369530	rom	0xC0	unknown_8369588
0x083695F0	rom	0x100	gFieldEffectPic_JumpTallGrass
0x083696F0	rom	0x200	gFieldEffectPic_UnusedGrass
0x083698F0	rom	0x380	gFieldEffectPic_JumpLongGrass
0x08369C70	rom	0x400	gFieldEffectPic_Unknown17
0x0836A070	rom	0x200	gFieldEffectPic_Unknown18
0x0836A270	rom	0x200	gFieldEffectPic_LongGrass
0x0836A470	rom	0x280	gFieldEffectPic_TallGrass
0x0836A6F0	rom	0x100	gFieldEffectPic_ShortGrass
0x0836A7F0	rom	0x100	gFieldEffectPic_SandFootprints
0x0836A8F0	rom	0x100	gFieldEffectPic_DeepSandFootprints
0x0836A9F0	rom	0x200	gFieldEffectPic_BikeTireTracks
0x0836ABF0	rom	0x200	gFieldEffectPic_Unknown19
0x0836ADF0	rom	0xC0	gFieldEffectPic_SandPile
0x0836AEB0	rom	0x200	gFieldEffectPic_JumpBigSplash
0x0836B0B0	rom	0x80	gFieldEffectPic_Splash
0x0836B130	rom	0xC0	gFieldEffectPic_JumpSmallSplash
0x0836B1F0	rom	0x280	gFieldEffectPic_Unknown20
0x0836B470	rom	0x700	gFieldEffectPic_TreeDisguise
0x0836BB70	rom	0x700	gFieldEffectPic_MountainDisguise
0x0836C270	rom	0x700	gFieldEffectPic_SandDisguise
0x0836C970	rom	0x80	gFieldEffectPic_HotSpringsWater
0x0836C9F0	rom	0x20	gFieldEffectObjectPalette2
0x0836CA10	rom	0x280	gFieldEffectPic_PopOutOfAsh
0x0836CC90	rom	0x280	gFieldEffectPic_LavaridgeGymWarp
0x0836CF10	rom	0x800	gFieldEffectPic_Bubbles
0x0836D710	rom	0x100	gFieldEffectPic_Sparkle
0x0836D810	rom	0x20	gFieldEffectObjectPalette3
0x0836D830	rom	0x200	gFieldEffectPic_Bird
0x0836DA30	rom	0x134	sMovementTypeCallbacks
0x0836DB64	rom	0x4D	gRangedMovementTypes
0x0836DBB1	rom	0x4D	gInitialMovementTypeFacingDirections
0x0836DC00	rom	0x368	gObjectEventGraphicsInfoPointers
0x0836DF68	rom	0x90	gFieldEffectObjectTemplatePointers
0x0836DFF8	rom	0x90	gObjectEventPicTable_BrendanNormal
0x0836E088	rom	0x48	gObjectEventPicTable_BrendanMachBike
0x0836E0D0	rom	0xD8	gObjectEventPicTable_BrendanAcroBike
0x0836E1A8	rom	0x60	gObjectEventPicTable_BrendanSurfing
0x0836E208	rom	0x48	gObjectEventPicTable_BrendanUnderwater
0x0836E250	rom	0x28	gObjectEventPicTable_BrendanFieldMove
0x0836E278	rom	0x38	gObjectEventPicTable_QuintyPlump
0x0836E2B0	rom	0x48	gObjectEventPicTable_LittleBoy1
0x0836E2F8	rom	0x48	gObjectEventPicTable_LittleGirl1
0x0836E340	rom	0x48	gObjectEventPicTable_Boy1
0x0836E388	rom	0x48	gObjectEventPicTable_Girl1
0x0836E3D0	rom	0x48	gObjectEventPicTable_Boy2
0x0836E418	rom	0x48	gObjectEventPicTable_Girl2
0x0836E460	rom	0x48	gObjectEventPicTable_LittleBoy2
0x0836E4A8	rom	0x48	gObjectEventPicTable_LittleGirl2
0x0836E4F0	rom	0x48	gObjectEventPicTable_Boy3
0x0836E538	rom	0x48	gObjectEventPicTable_Girl3
0x0836E580	rom	0x48	gObjectEventPicTable_Boy4
0x0836E5C8	rom	0x48	gObjectEventPicTable_Woman1
0x0836E610	rom	0x48	gObjectEventPicTable_FatMan
0x0836E658	rom	0x48	gObjectEventPicTable_Woman2
0x0836E6A0	rom	0x48	gObjectEventPicTable_Man1
0x0836E6E8	rom	0x48	gObjectEventPicTable_Woman3
0x0836E730	rom	0x48	gObjectEventPicTable_OldMan1
0x0836E778	rom	0x48	gObjectEventPicTable_OldWoman1
0x0836E7C0	rom	0x48	gObjectEventPicTable_Man2
0x0836E808	rom	0x48	gObjectEventPicTable_Woman4
0x0836E850	rom	0x48	gObjectEventPicTable_Man3
0x0836E898	rom	0x48	gObjectEventPicTable_Woman5
0x0836E8E0	rom	0x48	gObjectEventPicTable_Cook
0x0836E928	rom	0x48	gObjectEventPicTable_Woman6
0x0836E970	rom	0x48	gObjectEventPicTable_OldMan2
0x0836E9B8	rom	0x48	gObjectEventPicTable_OldWoman2
0x0836EA00	rom	0x48	gObjectEventPicTable_Camper
0x0836EA48	rom	0x48	gObjectEventPicTable_Picnicker
0x0836EA90	rom	0x48	gObjectEventPicTable_Man4
0x0836EAD8	rom	0x48	gObjectEventPicTable_Woman7
0x0836EB20	rom	0x48	gObjectEventPicTable_Youngster
0x0836EB68	rom	0x48	gObjectEventPicTable_BugCatcher
0x0836EBB0	rom	0x48	gObjectEventPicTable_PsychicM
0x0836EBF8	rom	0x48	gObjectEventPicTable_SchoolKidM
0x0836EC40	rom	0x48	gObjectEventPicTable_Maniac
0x0836EC88	rom	0x48	gObjectEventPicTable_HexManiac
0x0836ECD0	rom	0x48	gObjectEventPicTable_Woman8
0x0836ED18	rom	0x48	gObjectEventPicTable_SwimmerM
0x0836ED60	rom	0x48	gObjectEventPicTable_SwimmerF
0x0836EDA8	rom	0x48	gObjectEventPicTable_BlackBelt
0x0836EDF0	rom	0x48	gObjectEventPicTable_Beauty
0x0836EE38	rom	0x48	gObjectEventPicTable_Scientist1
0x0836EE80	rom	0x48	gObjectEventPicTable_Lass
0x0836EEC8	rom	0x48	gObjectEventPicTable_Gentleman
0x0836EF10	rom	0x48	gObjectEventPicTable_Sailor
0x0836EF58	rom	0x48	gObjectEventPicTable_Fisherman
0x0836EFA0	rom	0x48	gObjectEventPicTable_RunningTriathleteM
0x0836EFE8	rom	0x48	gObjectEventPicTable_RunningTriathleteF
0x0836F030	rom	0x48	gObjectEventPicTable_TuberF
0x0836F078	rom	0x48	gObjectEventPicTable_TuberM
0x0836F0C0	rom	0x48	gObjectEventPicTable_Hiker
0x0836F108	rom	0x48	gObjectEventPicTable_CyclingTriathleteM
0x0836F150	rom	0x48	gObjectEventPicTable_CyclingTriathleteF
0x0836F198	rom	0x50	gObjectEventPicTable_Nurse
0x0836F1E8	rom	0x8	gObjectEventPicTable_ItemBall
0x0836F1F0	rom	0x48	gObjectEventPicTable_ProfBirch
0x0836F238	rom	0x48	gObjectEventPicTable_Man5
0x0836F280	rom	0x48	gObjectEventPicTable_Man6
0x0836F2C8	rom	0x48	gObjectEventPicTable_ReporterM
0x0836F310	rom	0x48	gObjectEventPicTable_ReporterF
0x0836F358	rom	0x48	gObjectEventPicTable_MauvilleOldMan1
0x0836F3A0	rom	0x48	gObjectEventPicTable_MauvilleOldMan2
0x0836F3E8	rom	0x8	gObjectEventPicTable_UnusedNatuDoll
0x0836F3F0	rom	0x8	gObjectEventPicTable_UnusedMagnemiteDoll
0x0836F3F8	rom	0x8	gObjectEventPicTable_UnusedSquirtleDoll
0x0836F400	rom	0x8	gObjectEventPicTable_UnusedWooperDoll
0x0836F408	rom	0x8	gObjectEventPicTable_UnusedPikachuDoll
0x0836F410	rom	0x8	gObjectEventPicTable_UnusedPorygon2Doll
0x0836F418	rom	0x20	gObjectEventPicTable_CuttableTree
0x0836F438	rom	0x48	gObjectEventPicTable_MartEmployee
0x0836F480	rom	0x48	gObjectEventPicTable_RooftopSaleWoman
0x0836F4C8	rom	0x48	gObjectEventPicTable_Teala
0x0836F510	rom	0x20	gObjectEventPicTable_BreakableRock
0x0836F530	rom	0x8	gObjectEventPicTable_PushableBoulder
0x0836F538	rom	0x48	gObjectEventPicTable_MrBrineysBoat
0x0836F580	rom	0x8	gObjectEventPicTable_Truck
0x0836F588	rom	0x48	gObjectEventPicTable_MachokeCarryingBox
0x0836F5D0	rom	0x48	gObjectEventPicTable_MachokeFacingAway
0x0836F618	rom	0x8	gObjectEventPicTable_BirchsBag
0x0836F620	rom	0x48	gObjectEventPicTable_Poochyena
0x0836F668	rom	0x48	gObjectEventPicTable_Artist
0x0836F6B0	rom	0x90	gObjectEventPicTable_MayNormal
0x0836F740	rom	0x48	gObjectEventPicTable_MayMachBike
0x0836F788	rom	0xD8	gObjectEventPicTable_MayAcroBike
0x0836F860	rom	0x60	gObjectEventPicTable_MaySurfing
0x0836F8C0	rom	0x48	gObjectEventPicTable_MayUnderwater
0x0836F908	rom	0x28	gObjectEventPicTable_MayFieldMove
0x0836F930	rom	0x48	gObjectEventPicTable_Cameraman
0x0836F978	rom	0x8	gObjectEventPicTable_MovingBox
0x0836F980	rom	0x8	gObjectEventPicTable_CableCar
0x0836F988	rom	0x48	gObjectEventPicTable_Scientist2
0x0836F9D0	rom	0x48	gObjectEventPicTable_Man7
0x0836FA18	rom	0x48	gObjectEventPicTable_AquaMemberM
0x0836FA60	rom	0x48	gObjectEventPicTable_AquaMemberF
0x0836FAA8	rom	0x48	gObjectEventPicTable_MagmaMemberM
0x0836FAF0	rom	0x48	gObjectEventPicTable_MagmaMemberF
0x0836FB38	rom	0x48	gObjectEventPicTable_Sidney
0x0836FB80	rom	0x48	gObjectEventPicTable_Phoebe
0x0836FBC8	rom	0x48	gObjectEventPicTable_Glacia
0x0836FC10	rom	0x48	gObjectEventPicTable_Drake
0x0836FC58	rom	0x48	gObjectEventPicTable_Roxanne
0x0836FCA0	rom	0x48	gObjectEventPicTable_Brawly
0x0836FCE8	rom	0x48	gObjectEventPicTable_Wattson
0x0836FD30	rom	0x48	gObjectEventPicTable_Flannery
0x0836FD78	rom	0x48	gObjectEventPicTable_Norman
0x0836FDC0	rom	0x48	gObjectEventPicTable_Winona
0x0836FE08	rom	0x48	gObjectEventPicTable_Liza
0x0836FE50	rom	0x48	gObjectEventPicTable_Tate
0x0836FE98	rom	0x48	gObjectEventPicTable_Wallace
0x0836FEE0	rom	0x48	gObjectEventPicTable_Steven
0x0836FF28	rom	0x48	gObjectEventPicTable_Wally
0x0836FF70	rom	0x48	gObjectEventPicTable_LittleBoy3
0x0836FFB8	rom	0x60	gObjectEventPicTable_BrendanFishing
0x08370018	rom	0x60	gObjectEventPicTable_MayFishing
0x08370078	rom	0x48	gObjectEventPicTable_HotSpringsOldWoman
0x083700C0	rom	0x48	gObjectEventPicTable_SSTidal
0x08370108	rom	0x48	gObjectEventPicTable_SubmarineShadow
0x08370150	rom	0x8	gObjectEventPicTable_PichuDoll
0x08370158	rom	0x8	gObjectEventPicTable_PikachuDoll
0x08370160	rom	0x8	gObjectEventPicTable_MarillDoll
0x08370168	rom	0x8	gObjectEventPicTable_TogepiDoll
0x08370170	rom	0x8	gObjectEventPicTable_CyndaquilDoll
0x08370178	rom	0x8	gObjectEventPicTable_ChikoritaDoll
0x08370180	rom	0x8	gObjectEventPicTable_TotodileDoll
0x08370188	rom	0x8	gObjectEventPicTable_JigglypuffDoll
0x08370190	rom	0x8	gObjectEventPicTable_MeowthDoll
0x08370198	rom	0x8	gObjectEventPicTable_ClefairyDoll
0x083701A0	rom	0x8	gObjectEventPicTable_DittoDoll
0x083701A8	rom	0x8	gObjectEventPicTable_SmoochumDoll
0x083701B0	rom	0x8	gObjectEventPicTable_TreeckoDoll
0x083701B8	rom	0x8	gObjectEventPicTable_TorchicDoll
0x083701C0	rom	0x8	gObjectEventPicTable_MudkipDoll
0x083701C8	rom	0x8	gObjectEventPicTable_DuskullDoll
0x083701D0	rom	0x8	gObjectEventPicTable_WynautDoll
0x083701D8	rom	0x8	gObjectEventPicTable_BaltoyDoll
0x083701E0	rom	0x8	gObjectEventPicTable_KecleonDoll
0x083701E8	rom	0x8	gObjectEventPicTable_AzurillDoll
0x083701F0	rom	0x8	gObjectEventPicTable_SkittyDoll
0x083701F8	rom	0x8	gObjectEventPicTable_SwabluDoll
0x08370200	rom	0x8	gObjectEventPicTable_GulpinDoll
0x08370208	rom	0x8	gObjectEventPicTable_LotadDoll
0x08370210	rom	0x8	gObjectEventPicTable_SeedotDoll
0x08370218	rom	0x8	gObjectEventPicTable_PikaCushion
0x08370220	rom	0x8	gObjectEventPicTable_RoundCushion
0x08370228	rom	0x8	gObjectEventPicTable_KissCushion
0x08370230	rom	0x8	gObjectEventPicTable_ZigzagCushion
0x08370238	rom	0x8	gObjectEventPicTable_SpinCushion
0x08370240	rom	0x8	gObjectEventPicTable_DiamondCushion
0x08370248	rom	0x8	gObjectEventPicTable_BallCushion
0x08370250	rom	0x8	gObjectEventPicTable_GrassCushion
0x08370258	rom	0x8	gObjectEventPicTable_FireCushion
0x08370260	rom	0x8	gObjectEventPicTable_WaterCushion
0x08370268	rom	0x8	gObjectEventPicTable_BigSnorlaxDoll
0x08370270	rom	0x8	gObjectEventPicTable_BigRhydonDoll
0x08370278	rom	0x8	gObjectEventPicTable_BigLaprasDoll
0x08370280	rom	0x8	gObjectEventPicTable_BigVenusaurDoll
0x08370288	rom	0x8	gObjectEventPicTable_BigCharizardDoll
0x08370290	rom	0x8	gObjectEventPicTable_BigBlastoiseDoll
0x08370298	rom	0x8	gObjectEventPicTable_BigWailmerDoll
0x083702A0	rom	0x8	gObjectEventPicTable_BigRegirockDoll
0x083702A8	rom	0x8	gObjectEventPicTable_BigRegiceDoll
0x083702B0	rom	0x8	gObjectEventPicTable_BigRegisteelDoll
0x083702B8	rom	0x48	gObjectEventPicTable_LatiasLatios
0x08370300	rom	0x48	gObjectEventPicTable_Boy5
0x08370348	rom	0x48	gObjectEventPicTable_ContestJudge
0x08370390	rom	0x48	gObjectEventPicTable_BrendanWatering
0x083703D8	rom	0x48	gObjectEventPicTable_MayWatering
0x08370420	rom	0x8	gObjectEventPicTable_BrendanDecorating
0x08370428	rom	0x8	gObjectEventPicTable_MayDecorating
0x08370430	rom	0x48	gObjectEventPicTable_Archie
0x08370478	rom	0x48	gObjectEventPicTable_Maxie
0x083704C0	rom	0x48	gObjectEventPicTable_Kyogre
0x08370508	rom	0x48	gObjectEventPicTable_Groudon
0x08370550	rom	0x8	gObjectEventPicTable_Fossil
0x08370558	rom	0x48	gObjectEventPicTable_Regi
0x083705A0	rom	0x48	gObjectEventPicTable_Skitty
0x083705E8	rom	0x48	gObjectEventPicTable_Kecleon
0x08370630	rom	0x48	gObjectEventPicTable_Rayquaza
0x08370678	rom	0x48	gObjectEventPicTable_Zigzagoon
0x083706C0	rom	0x48	gObjectEventPicTable_Pikachu
0x08370708	rom	0x48	gObjectEventPicTable_Azumarill
0x08370750	rom	0x48	gObjectEventPicTable_Wingull
0x08370798	rom	0x48	gObjectEventPicTable_TuberMSwimming
0x083707E0	rom	0x48	gObjectEventPicTable_Azurill
0x08370828	rom	0x48	gObjectEventPicTable_Mom
0x08370870	rom	0x14	gObjectEventImageAnim_83708C8
0x08370884	rom	0x8	gObjectEventImageAnim_83708DC
0x0837088C	rom	0x8	gObjectEventImageAnim_83708E4
0x08370894	rom	0x8	gObjectEventImageAnim_83708EC
0x0837089C	rom	0x8	gObjectEventImageAnim_83708F4
0x083708A4	rom	0x14	gObjectEventImageAnim_83708FC
0x083708B8	rom	0x14	gObjectEventImageAnim_8370910
0x083708CC	rom	0x14	gObjectEventImageAnim_8370924
0x083708E0	rom	0x14	gObjectEventImageAnim_8370938
0x083708F4	rom	0x14	gObjectEventImageAnim_837094C
0x08370908	rom	0x14	gObjectEventImageAnim_8370960
0x0837091C	rom	0x14	gObjectEventImageAnim_8370974
0x08370930	rom	0x14	gObjectEventImageAnim_8370988
0x08370944	rom	0x14	gObjectEventImageAnim_837099C
0x08370958	rom	0x14	gObjectEventImageAnim_83709B0
0x0837096C	rom	0x14	gObjectEventImageAnim_83709C4
0x08370980	rom	0x14	gObjectEventImageAnim_83709D8
0x08370994	rom	0x14	gObjectEventImageAnim_83709EC
0x083709A8	rom	0x14	gObjectEventImageAnim_8370A00
0x083709BC	rom	0x14	gObjectEventImageAnim_8370A14
0x083709D0	rom	0x14	gObjectEventImageAnim_8370A28
0x083709E4	rom	0x8	gObjectEventImageAnim_8370A3C
0x083709EC	rom	0x8	gObjectEventImageAnim_8370A44
0x083709F4	rom	0x8	gObjectEventImageAnim_8370A4C
0x083709FC	rom	0x8	gObjectEventImageAnim_8370A54
0x08370A04	rom	0x14	gObjectEventImageAnim_8370A5C
0x08370A18	rom	0x14	gObjectEventImageAnim_8370A70
0x08370A2C	rom	0x14	gObjectEventImageAnim_8370A84
0x08370A40	rom	0x14	gObjectEventImageAnim_8370A98
0x08370A54	rom	0x14	gObjectEventImageAnim_8370AAC
0x08370A68	rom	0x14	gObjectEventImageAnim_8370AC0
0x08370A7C	rom	0x14	gObjectEventImageAnim_8370AD4
0x08370A90	rom	0x14	gObjectEventImageAnim_8370AE8
0x08370AA4	rom	0x14	gObjectEventImageAnim_8370AFC
0x08370AB8	rom	0x14	gObjectEventImageAnim_8370B10
0x08370ACC	rom	0x14	gObjectEventImageAnim_8370B24
0x08370AE0	rom	0x14	gObjectEventImageAnim_8370B38
0x08370AF4	rom	0x14	gObjectEventImageAnim_8370B4C
0x08370B08	rom	0x14	gObjectEventImageAnim_8370B60
0x08370B1C	rom	0x14	gObjectEventImageAnim_8370B74
0x08370B30	rom	0x14	gObjectEventImageAnim_8370B88
0x08370B44	rom	0x14	gObjectEventImageAnim_8370B9C
0x08370B58	rom	0x14	gObjectEventImageAnim_8370BB0
0x08370B6C	rom	0x14	gObjectEventImageAnim_8370BC4
0x08370B80	rom	0x14	gObjectEventImageAnim_8370BD8
0x08370B94	rom	0x18	gObjectEventImageAnim_8370BEC
0x08370BAC	rom	0x8	gObjectEventImageAnim_8370C04
0x08370BB4	rom	0x8	gObjectEventImageAnim_8370C0C
0x08370BBC	rom	0x8	gObjectEventImageAnim_8370C14
0x08370BC4	rom	0x8	gObjectEventImageAnim_8370C1C
0x08370BCC	rom	0xC	gObjectEventImageAnim_8370C24
0x08370BD8	rom	0xC	gObjectEventImageAnim_8370C30
0x08370BE4	rom	0xC	gObjectEventImageAnim_8370C3C
0x08370BF0	rom	0xC	gObjectEventImageAnim_8370C48
0x08370BFC	rom	0xC	gObjectEventImageAnim_8370C54
0x08370C08	rom	0xC	gObjectEventImageAnim_8370C60
0x08370C14	rom	0xC	gObjectEventImageAnim_8370C6C
0x08370C20	rom	0xC	gObjectEventImageAnim_8370C78
0x08370C2C	rom	0xC	gObjectEventImageAnim_8370C84
0x08370C38	rom	0xC	gObjectEventImageAnim_8370C90
0x08370C44	rom	0xC	gObjectEventImageAnim_8370C9C
0x08370C50	rom	0xC	gObjectEventImageAnim_8370CA8
0x08370C5C	rom	0xC	gObjectEventImageAnim_8370CB4
0x08370C68	rom	0xC	gObjectEventImageAnim_8370CC0
0x08370C74	rom	0xC	gObjectEventImageAnim_8370CCC
0x08370C80	rom	0xC	gObjectEventImageAnim_8370CD8
0x08370C8C	rom	0x14	gObjectEventImageAnim_8370CE4
0x08370CA0	rom	0x14	gObjectEventImageAnim_8370CF8
0x08370CB4	rom	0x14	gObjectEventImageAnim_8370D0C
0x08370CC8	rom	0x14	gObjectEventImageAnim_8370D20
0x08370CDC	rom	0x8	gObjectEventImageAnim_8370D34
0x08370CE4	rom	0xC	gObjectEventImageAnim_8370D3C
0x08370CF0	rom	0xC	gObjectEventImageAnim_8370D48
0x08370CFC	rom	0x14	gObjectEventImageAnim_8370D54
0x08370D10	rom	0x14	gObjectEventImageAnim_8370D68
0x08370D24	rom	0x10	gObjectEventImageAnim_8370D7C
0x08370D34	rom	0x14	gObjectEventImageAnim_8370D8C
0x08370D48	rom	0x14	gObjectEventImageAnim_8370DA0
0x08370D5C	rom	0x14	gObjectEventImageAnim_8370DB4
0x08370D70	rom	0x14	gObjectEventImageAnim_8370DC8
0x08370D84	rom	0x14	gObjectEventImageAnim_8370DDC
0x08370D98	rom	0x14	gObjectEventImageAnim_8370DF0
0x08370DAC	rom	0x14	gObjectEventImageAnim_8370E04
0x08370DC0	rom	0x14	gObjectEventImageAnim_8370E18
0x08370DD4	rom	0x14	gObjectEventImageAnim_8370E2C
0x08370DE8	rom	0x14	gObjectEventImageAnim_8370E40
0x08370DFC	rom	0x14	gObjectEventImageAnim_8370E54
0x08370E10	rom	0x14	gObjectEventImageAnim_8370E68
0x08370E24	rom	0x14	gObjectEventImageAnim_8370E7C
0x08370E38	rom	0x14	gObjectEventImageAnim_8370E90
0x08370E4C	rom	0x30	gObjectEventRotScalAnim_8370EA4
0x08370E7C	rom	0x38	gObjectEventRotScalAnim_8370ED4
0x08370EB4	rom	0x4	gObjectEventImageAnimTable_Inanimate
0x08370EB8	rom	0x50	gObjectEventImageAnimTable_QuintyPlump
0x08370F08	rom	0x50	gObjectEventImageAnimTable_Standard
0x08370F58	rom	0x60	gObjectEventImageAnimTable_BrendanMayNormal
0x08370FB8	rom	0xA0	gObjectEventImageAnimTable_AcroBike
0x08371058	rom	0x60	gObjectEventImageAnimTable_Surfing
0x083710B8	rom	0x54	gObjectEventImageAnimTable_Nurse
0x0837110C	rom	0x4	gObjectEventImageAnimTable_FieldMove
0x08371110	rom	0x14	gObjectEventImageAnimTable_BerryTree
0x08371124	rom	0x8	gObjectEventImageAnimTable_BreakableRock
0x0837112C	rom	0x8	gObjectEventImageAnimTable_CuttableTree
0x08371134	rom	0x30	gObjectEventImageAnimTable_Fishing
0x08371164	rom	0x8	gObjectEventRotScalAnimTable_KyogreGroudon
0x0837116C	rom	0x8	gFieldOamData_8x8
0x08371174	rom	0x8	gFieldOamData_16x8
0x0837117C	rom	0x8	gFieldOamData_16x16
0x08371184	rom	0x8	gFieldOamData_32x8
0x0837118C	rom	0x8	gFieldOamData_64x32
0x08371194	rom	0x8	gFieldOamData_16x32
0x0837119C	rom	0x8	gFieldOamData_32x32
0x083711A4	rom	0x8	gFieldOamData_64x64
0x083711AC	rom	0x8	gObjectEventSubspriteTable_16x16_0
0x083711B4	rom	0x8	gObjectEventSubspriteTable_16x16_1
0x083711BC	rom	0x10	gObjectEventSubspriteTable_16x16_2
0x083711CC	rom	0x10	gObjectEventSubspriteTable_16x16_3
0x083711DC	rom	0x10	gObjectEventSubspriteTable_16x16_4
0x083711EC	rom	0x30	gObjectEventSubspriteTables_16x16
0x0837121C	rom	0x8	gObjectEventSubspriteTable_16x32_0
0x08371224	rom	0x8	gObjectEventSubspriteTable_16x32_1
0x0837122C	rom	0x18	gObjectEventSubspriteTable_16x32_2
0x08371244	rom	0x10	gObjectEventSubspriteTable_16x32_3
0x08371254	rom	0x10	gObjectEventSubspriteTable_16x32_4
0x08371264	rom	0x30	gObjectEventSubspriteTables_16x32
0x08371294	rom	0x8	gObjectEventSubspriteTable_32x32_0
0x0837129C	rom	0x8	gObjectEventSubspriteTable_32x32_1
0x083712A4	rom	0x18	gObjectEventSubspriteTable_32x32_2
0x083712BC	rom	0x10	gObjectEventSubspriteTable_32x32_3
0x083712CC	rom	0x10	gObjectEventSubspriteTable_32x32_4
0x083712DC	rom	0x30	gObjectEventSubspriteTables_32x32
0x0837130C	rom	0x60	gObjectEventSubspriteTable_48x48
0x0837136C	rom	0x30	gObjectEventSubspriteTables_48x48
0x0837139C	rom	0x8	gObjectEventSubspriteTable_64x32_0
0x083713A4	rom	0x8	gObjectEventSubspriteTable_64x32_1
0x083713AC	rom	0x8	gObjectEventSubspriteTable_64x32_2
0x083713B4	rom	0x8	gObjectEventSubspriteTable_64x32_3
0x083713BC	rom	0x30	gObjectEventSubspriteTables_64x32
0x083713EC	rom	0x8	gObjectEventSubspriteTable_64x64_0
0x083713F4	rom	0x8	gObjectEventSubspriteTable_64x64_1
0x083713FC	rom	0x8	gObjectEventSubspriteTable_64x64_2
0x08371404	rom	0x8	gObjectEventSubspriteTable_64x64_3
0x0837140C	rom	0x30	gObjectEventSubspriteTables_64x64
0x0837143C	rom	0x78	gObjectEventSubspriteTable_96x40_0
0x083714B4	rom	0x78	gObjectEventSubspriteTable_96x40_1
0x0837152C	rom	0x78	gObjectEventSubspriteTable_96x40_2
0x083715A4	rom	0x78	gObjectEventSubspriteTable_96x40_3
0x0837161C	rom	0x30	gObjectEventSubspriteTables_96x40
0x0837164C	rom	0x80	gObjectEventSubspriteTable_88x32_0
0x083716CC	rom	0x80	gObjectEventSubspriteTable_88x32_1
0x0837174C	rom	0x80	gObjectEventSubspriteTable_88x32_2
0x083717CC	rom	0x80	gObjectEventSubspriteTable_88x32_3
0x0837184C	rom	0x30	gObjectEventSubspriteTables_88x32
0x0837187C	rom	0x24	gObjectEventGraphicsInfo_BrendanNormal
0x083718A0	rom	0x24	gObjectEventGraphicsInfo_BrendanMachBike
0x083718C4	rom	0x24	gObjectEventGraphicsInfo_BrendanAcroBike
0x083718E8	rom	0x24	gObjectEventGraphicsInfo_BrendanSurfing
0x0837190C	rom	0x24	gObjectEventGraphicsInfo_BrendanFieldMove
0x08371930	rom	0x24	gObjectEventGraphicsInfo_QuintyPlump
0x08371954	rom	0x24	gObjectEventGraphicsInfo_LittleBoy1
0x08371978	rom	0x24	gObjectEventGraphicsInfo_LittleGirl1
0x0837199C	rom	0x24	gObjectEventGraphicsInfo_Boy1
0x083719C0	rom	0x24	gObjectEventGraphicsInfo_Girl1
0x083719E4	rom	0x24	gObjectEventGraphicsInfo_Boy2
0x08371A08	rom	0x24	gObjectEventGraphicsInfo_Girl2
0x08371A2C	rom	0x24	gObjectEventGraphicsInfo_LittleBoy2
0x08371A50	rom	0x24	gObjectEventGraphicsInfo_LittleGirl2
0x08371A74	rom	0x24	gObjectEventGraphicsInfo_Boy3
0x08371A98	rom	0x24	gObjectEventGraphicsInfo_Girl3
0x08371ABC	rom	0x24	gObjectEventGraphicsInfo_Boy4
0x08371AE0	rom	0x24	gObjectEventGraphicsInfo_Woman1
0x08371B04	rom	0x24	gObjectEventGraphicsInfo_FatMan
0x08371B28	rom	0x24	gObjectEventGraphicsInfo_Woman2
0x08371B4C	rom	0x24	gObjectEventGraphicsInfo_Man1
0x08371B70	rom	0x24	gObjectEventGraphicsInfo_Woman3
0x08371B94	rom	0x24	gObjectEventGraphicsInfo_OldMan1
0x08371BB8	rom	0x24	gObjectEventGraphicsInfo_OldWoman1
0x08371BDC	rom	0x24	gObjectEventGraphicsInfo_Man2
0x08371C00	rom	0x24	gObjectEventGraphicsInfo_Woman4
0x08371C24	rom	0x24	gObjectEventGraphicsInfo_Man3
0x08371C48	rom	0x24	gObjectEventGraphicsInfo_Woman5
0x08371C6C	rom	0x24	gObjectEventGraphicsInfo_Cook
0x08371C90	rom	0x24	gObjectEventGraphicsInfo_Woman6
0x08371CB4	rom	0x24	gObjectEventGraphicsInfo_OldMan2
0x08371CD8	rom	0x24	gObjectEventGraphicsInfo_OldWoman2
0x08371CFC	rom	0x24	gObjectEventGraphicsInfo_Camper
0x08371D20	rom	0x24	gObjectEventGraphicsInfo_Picnicker
0x08371D44	rom	0x24	gObjectEventGraphicsInfo_Man4
0x08371D68	rom	0x24	gObjectEventGraphicsInfo_Woman7
0x08371D8C	rom	0x24	gObjectEventGraphicsInfo_Youngster
0x08371DB0	rom	0x24	gObjectEventGraphicsInfo_BugCatcher
0x08371DD4	rom	0x24	gObjectEventGraphicsInfo_PsychicM
0x08371DF8	rom	0x24	gObjectEventGraphicsInfo_SchoolKidM
0x08371E1C	rom	0x24	gObjectEventGraphicsInfo_Maniac
0x08371E40	rom	0x24	gObjectEventGraphicsInfo_HexManiac
0x08371E64	rom	0x24	gObjectEventGraphicsInfo_Woman8
0x08371E88	rom	0x24	gObjectEventGraphicsInfo_SwimmerM
0x08371EAC	rom	0x24	gObjectEventGraphicsInfo_SwimmerF
0x08371ED0	rom	0x24	gObjectEventGraphicsInfo_BlackBelt
0x08371EF4	rom	0x24	gObjectEventGraphicsInfo_Beauty
0x08371F18	rom	0x24	gObjectEventGraphicsInfo_Scientist1
0x08371F3C	rom	0x24	gObjectEventGraphicsInfo_Lass
0x08371F60	rom	0x24	gObjectEventGraphicsInfo_Gentleman
0x08371F84	rom	0x24	gObjectEventGraphicsInfo_Sailor
0x08371FA8	rom	0x24	gObjectEventGraphicsInfo_Fisherman
0x08371FCC	rom	0x24	gObjectEventGraphicsInfo_RunningTriathleteM
0x08371FF0	rom	0x24	gObjectEventGraphicsInfo_RunningTriathleteF
0x08372014	rom	0x24	gObjectEventGraphicsInfo_TuberF
0x08372038	rom	0x24	gObjectEventGraphicsInfo_TuberM
0x0837205C	rom	0x24	gObjectEventGraphicsInfo_Hiker
0x08372080	rom	0x24	gObjectEventGraphicsInfo_CyclingTriathleteM
0x083720A4	rom	0x24	gObjectEventGraphicsInfo_CyclingTriathleteF
0x083720C8	rom	0x24	gObjectEventGraphicsInfo_Nurse
0x083720EC	rom	0x24	gObjectEventGraphicsInfo_ItemBall
0x08372110	rom	0x24	gObjectEventGraphicsInfo_BerryTree
0x08372134	rom	0x24	gObjectEventGraphicsInfo_BerryTreeEarlyStages
0x08372158	rom	0x24	gObjectEventGraphicsInfo_BerryTreeLateStages
0x0837217C	rom	0x24	gObjectEventGraphicsInfo_ProfBirch
0x083721A0	rom	0x24	gObjectEventGraphicsInfo_Man5
0x083721C4	rom	0x24	gObjectEventGraphicsInfo_Man6
0x083721E8	rom	0x24	gObjectEventGraphicsInfo_ReporterM
0x0837220C	rom	0x24	gObjectEventGraphicsInfo_ReporterF
0x08372230	rom	0x24	gObjectEventGraphicsInfo_Bard
0x08372254	rom	0x24	gObjectEventGraphicsInfo_Hipster
0x08372278	rom	0x24	gObjectEventGraphicsInfo_Trader
0x0837229C	rom	0x24	gObjectEventGraphicsInfo_Storyteller
0x083722C0	rom	0x24	gObjectEventGraphicsInfo_Giddy
0x083722E4	rom	0x24	gObjectEventGraphicsInfo_UnusedMauvilleOldMan1
0x08372308	rom	0x24	gObjectEventGraphicsInfo_UnusedMauvilleOldMan2
0x0837232C	rom	0x24	gObjectEventGraphicsInfo_UnusedNatuDoll
0x08372350	rom	0x24	gObjectEventGraphicsInfo_UnusedMagnemiteDoll
0x08372374	rom	0x24	gObjectEventGraphicsInfo_UnusedSquirtleDoll
0x08372398	rom	0x24	gObjectEventGraphicsInfo_UnusedWooperDoll
0x083723BC	rom	0x24	gObjectEventGraphicsInfo_UnusedPikachuDoll
0x083723E0	rom	0x24	gObjectEventGraphicsInfo_UnusedPorygon2Doll
0x08372404	rom	0x24	gObjectEventGraphicsInfo_CuttableTree
0x08372428	rom	0x24	gObjectEventGraphicsInfo_MartEmployee
0x0837244C	rom	0x24	gObjectEventGraphicsInfo_RooftopSaleWoman
0x08372470	rom	0x24	gObjectEventGraphicsInfo_Teala
0x08372494	rom	0x24	gObjectEventGraphicsInfo_BreakableRock
0x083724B8	rom	0x24	gObjectEventGraphicsInfo_PushableBoulder
0x083724DC	rom	0x24	gObjectEventGraphicsInfo_MrBrineysBoat
0x08372500	rom	0x24	gObjectEventGraphicsInfo_MayNormal
0x08372524	rom	0x24	gObjectEventGraphicsInfo_MayMachBike
0x08372548	rom	0x24	gObjectEventGraphicsInfo_MayAcroBike
0x0837256C	rom	0x24	gObjectEventGraphicsInfo_MaySurfing
0x08372590	rom	0x24	gObjectEventGraphicsInfo_MayFieldMove
0x083725B4	rom	0x24	gObjectEventGraphicsInfo_Truck
0x083725D8	rom	0x24	gObjectEventGraphicsInfo_MachokeCarryingBox
0x083725FC	rom	0x24	gObjectEventGraphicsInfo_MachokeFacingAway
0x08372620	rom	0x24	gObjectEventGraphicsInfo_BirchsBag
0x08372644	rom	0x24	gObjectEventGraphicsInfo_Poochyena
0x08372668	rom	0x24	gObjectEventGraphicsInfo_Artist
0x0837268C	rom	0x24	gObjectEventGraphicsInfo_RivalBrendanNormal
0x083726B0	rom	0x24	gObjectEventGraphicsInfo_RivalBrendanMachBike
0x083726D4	rom	0x24	gObjectEventGraphicsInfo_RivalBrendanAcroBike
0x083726F8	rom	0x24	gObjectEventGraphicsInfo_RivalBrendanSurfing
0x0837271C	rom	0x24	gObjectEventGraphicsInfo_RivalBrendanFieldMove
0x08372740	rom	0x24	gObjectEventGraphicsInfo_RivalMayNormal
0x08372764	rom	0x24	gObjectEventGraphicsInfo_RivalMayMachBike
0x08372788	rom	0x24	gObjectEventGraphicsInfo_RivalMayAcroBike
0x083727AC	rom	0x24	gObjectEventGraphicsInfo_RivalMaySurfing
0x083727D0	rom	0x24	gObjectEventGraphicsInfo_RivalMayFieldMove
0x083727F4	rom	0x24	gObjectEventGraphicsInfo_Cameraman
0x08372818	rom	0x24	gObjectEventGraphicsInfo_BrendanUnderwater
0x0837283C	rom	0x24	gObjectEventGraphicsInfo_MayUnderwater
0x08372860	rom	0x24	gObjectEventGraphicsInfo_MovingBox
0x08372884	rom	0x24	gObjectEventGraphicsInfo_CableCar
0x083728A8	rom	0x24	gObjectEventGraphicsInfo_Scientist2
0x083728CC	rom	0x24	gObjectEventGraphicsInfo_Man7
0x083728F0	rom	0x24	gObjectEventGraphicsInfo_AquaMemberM
0x08372914	rom	0x24	gObjectEventGraphicsInfo_AquaMemberF
0x08372938	rom	0x24	gObjectEventGraphicsInfo_MagmaMemberM
0x0837295C	rom	0x24	gObjectEventGraphicsInfo_MagmaMemberF
0x08372980	rom	0x24	gObjectEventGraphicsInfo_Sidney
0x083729A4	rom	0x24	gObjectEventGraphicsInfo_Phoebe
0x083729C8	rom	0x24	gObjectEventGraphicsInfo_Glacia
0x083729EC	rom	0x24	gObjectEventGraphicsInfo_Drake
0x08372A10	rom	0x24	gObjectEventGraphicsInfo_Roxanne
0x08372A34	rom	0x24	gObjectEventGraphicsInfo_Brawly
0x08372A58	rom	0x24	gObjectEventGraphicsInfo_Wattson
0x08372A7C	rom	0x24	gObjectEventGraphicsInfo_Flannery
0x08372AA0	rom	0x24	gObjectEventGraphicsInfo_Norman
0x08372AC4	rom	0x24	gObjectEventGraphicsInfo_Winona
0x08372AE8	rom	0x24	gObjectEventGraphicsInfo_Liza
0x08372B0C	rom	0x24	gObjectEventGraphicsInfo_Tate
0x08372B30	rom	0x24	gObjectEventGraphicsInfo_Wallace
0x08372B54	rom	0x24	gObjectEventGraphicsInfo_Steven
0x08372B78	rom	0x24	gObjectEventGraphicsInfo_Wally
0x08372B9C	rom	0x24	gObjectEventGraphicsInfo_LittleBoy3
0x08372BC0	rom	0x24	gObjectEventGraphicsInfo_BrendanFishing
0x08372BE4	rom	0x24	gObjectEventGraphicsInfo_MayFishing
0x08372C08	rom	0x24	gObjectEventGraphicsInfo_HotSpringsOldWoman
0x08372C2C	rom	0x24	gObjectEventGraphicsInfo_SSTidal
0x08372C50	rom	0x24	gObjectEventGraphicsInfo_SubmarineShadow
0x08372C74	rom	0x24	gObjectEventGraphicsInfo_PichuDoll
0x08372C98	rom	0x24	gObjectEventGraphicsInfo_PikachuDoll
0x08372CBC	rom	0x24	gObjectEventGraphicsInfo_MarillDoll
0x08372CE0	rom	0x24	gObjectEventGraphicsInfo_TogepiDoll
0x08372D04	rom	0x24	gObjectEventGraphicsInfo_CyndaquilDoll
0x08372D28	rom	0x24	gObjectEventGraphicsInfo_ChikoritaDoll
0x08372D4C	rom	0x24	gObjectEventGraphicsInfo_TotodileDoll
0x08372D70	rom	0x24	gObjectEventGraphicsInfo_JigglypuffDoll
0x08372D94	rom	0x24	gObjectEventGraphicsInfo_MeowthDoll
0x08372DB8	rom	0x24	gObjectEventGraphicsInfo_ClefairyDoll
0x08372DDC	rom	0x24	gObjectEventGraphicsInfo_DittoDoll
0x08372E00	rom	0x24	gObjectEventGraphicsInfo_SmoochumDoll
0x08372E24	rom	0x24	gObjectEventGraphicsInfo_TreeckoDoll
0x08372E48	rom	0x24	gObjectEventGraphicsInfo_TorchicDoll
0x08372E6C	rom	0x24	gObjectEventGraphicsInfo_MudkipDoll
0x08372E90	rom	0x24	gObjectEventGraphicsInfo_DuskullDoll
0x08372EB4	rom	0x24	gObjectEventGraphicsInfo_WynautDoll
0x08372ED8	rom	0x24	gObjectEventGraphicsInfo_BaltoyDoll
0x08372EFC	rom	0x24	gObjectEventGraphicsInfo_KecleonDoll
0x08372F20	rom	0x24	gObjectEventGraphicsInfo_AzurillDoll
0x08372F44	rom	0x24	gObjectEventGraphicsInfo_SkittyDoll
0x08372F68	rom	0x24	gObjectEventGraphicsInfo_SwabluDoll
0x08372F8C	rom	0x24	gObjectEventGraphicsInfo_GulpinDoll
0x08372FB0	rom	0x24	gObjectEventGraphicsInfo_LotadDoll
0x08372FD4	rom	0x24	gObjectEventGraphicsInfo_SeedotDoll
0x08372FF8	rom	0x24	gObjectEventGraphicsInfo_PikaCushion
0x0837301C	rom	0x24	gObjectEventGraphicsInfo_RoundCushion
0x08373040	rom	0x24	gObjectEventGraphicsInfo_KissCushion
0x08373064	rom	0x24	gObjectEventGraphicsInfo_ZigzagCushion
0x08373088	rom	0x24	gObjectEventGraphicsInfo_SpinCushion
0x083730AC	rom	0x24	gObjectEventGraphicsInfo_DiamondCushion
0x083730D0	rom	0x24	gObjectEventGraphicsInfo_BallCushion
0x083730F4	rom	0x24	gObjectEventGraphicsInfo_GrassCushion
0x08373118	rom	0x24	gObjectEventGraphicsInfo_FireCushion
0x0837313C	rom	0x24	gObjectEventGraphicsInfo_WaterCushion
0x08373160	rom	0x24	gObjectEventGraphicsInfo_BigSnorlaxDoll
0x08373184	rom	0x24	gObjectEventGraphicsInfo_BigRhydonDoll
0x083731A8	rom	0x24	gObjectEventGraphicsInfo_BigLaprasDoll
0x083731CC	rom	0x24	gObjectEventGraphicsInfo_BigVenusaurDoll
0x083731F0	rom	0x24	gObjectEventGraphicsInfo_BigCharizardDoll
0x08373214	rom	0x24	gObjectEventGraphicsInfo_BigBlastoiseDoll
0x08373238	rom	0x24	gObjectEventGraphicsInfo_BigWailmerDoll
0x0837325C	rom	0x24	gObjectEventGraphicsInfo_BigRegirockDoll
0x08373280	rom	0x24	gObjectEventGraphicsInfo_BigRegiceDoll
0x083732A4	rom	0x24	gObjectEventGraphicsInfo_BigRegisteelDoll
0x083732C8	rom	0x24	gObjectEventGraphicsInfo_Latias
0x083732EC	rom	0x24	gObjectEventGraphicsInfo_Latios
0x08373310	rom	0x24	gObjectEventGraphicsInfo_Boy5
0x08373334	rom	0x24	gObjectEventGraphicsInfo_ContestJudge
0x08373358	rom	0x24	gObjectEventGraphicsInfo_BrendanWatering
0x0837337C	rom	0x24	gObjectEventGraphicsInfo_MayWatering
0x083733A0	rom	0x24	gObjectEventGraphicsInfo_BrendanDecorating
0x083733C4	rom	0x24	gObjectEventGraphicsInfo_MayDecorating
0x083733E8	rom	0x24	gObjectEventGraphicsInfo_Archie
0x0837340C	rom	0x24	gObjectEventGraphicsInfo_Maxie
0x08373430	rom	0x24	gObjectEventGraphicsInfo_Kyogre1
0x08373454	rom	0x24	gObjectEventGraphicsInfo_Groudon1
0x08373478	rom	0x24	gObjectEventGraphicsInfo_Fossil
0x0837349C	rom	0x24	gObjectEventGraphicsInfo_Regirock
0x083734C0	rom	0x24	gObjectEventGraphicsInfo_Regice
0x083734E4	rom	0x24	gObjectEventGraphicsInfo_Registeel
0x08373508	rom	0x24	gObjectEventGraphicsInfo_Skitty
0x0837352C	rom	0x24	gObjectEventGraphicsInfo_Kecleon1
0x08373550	rom	0x24	gObjectEventGraphicsInfo_Kyogre2
0x08373574	rom	0x24	gObjectEventGraphicsInfo_Groudon2
0x08373598	rom	0x24	gObjectEventGraphicsInfo_Rayquaza
0x083735BC	rom	0x24	gObjectEventGraphicsInfo_Zigzagoon
0x083735E0	rom	0x24	gObjectEventGraphicsInfo_Pikachu
0x08373604	rom	0x24	gObjectEventGraphicsInfo_Azumarill
0x08373628	rom	0x24	gObjectEventGraphicsInfo_Wingull
0x0837364C	rom	0x24	gObjectEventGraphicsInfo_Kecleon2
0x08373670	rom	0x24	gObjectEventGraphicsInfo_TuberMSwimming
0x08373694	rom	0x24	gObjectEventGraphicsInfo_Azurill
0x083736B8	rom	0x24	gObjectEventGraphicsInfo_Mom
0x083736DC	rom	0x24	gObjectEventGraphicsInfo_LinkBrendan
0x08373700	rom	0x24	gObjectEventGraphicsInfo_LinkMay
0x08373724	rom	0xE0	sObjectEventSpritePalettes
0x08373804	rom	0x8	gPlayerReflectionPaletteTags
0x0837380C	rom	0x8	gUnusedPlayerReflectionPaletteTags
0x08373814	rom	0x8	gPlayerUnderwaterReflectionPaletteTags
0x0837381C	rom	0x20	gPlayerReflectionPaletteSets
0x0837383C	rom	0x8	gQuintyPlumpReflectionPaletteTags
0x08373844	rom	0x8	gTruckReflectionPaletteTags
0x0837384C	rom	0x8	gMachokeMoverReflectionPaletteTags
0x08373854	rom	0x8	gMovingBoxReflectionPaletteTags
0x0837385C	rom	0x8	gCableCarReflectionPaletteTags
0x08373864	rom	0x8	gSSTidalReflectionPaletteTags
0x0837386C	rom	0x8	gSubmarineShadowReflectionPaletteTags
0x08373874	rom	0x8	gKyogre2ReflectionPaletteTags
0x0837387C	rom	0x8	gGroudon2ReflectionPaletteTags
0x08373884	rom	0x8	gInvisibleKecleonReflectionPaletteTags
0x0837388C	rom	0x68	gSpecialObjectReflectionPaletteSets
0x083738F4	rom	0x14	gObjectPaletteTags0
0x08373908	rom	0x14	gObjectPaletteTags1
0x0837391C	rom	0x14	gObjectPaletteTags2
0x08373930	rom	0x14	gObjectPaletteTags3
0x08373944	rom	0x10	gObjectPaletteTagSets
0x08373954	rom	0x48	gObjectEventPicTable_PechaBerryTree
0x0837399C	rom	0x5	gBerryTreePaletteSlotTable_Pecha
0x083739A4	rom	0x48	gObjectEventPicTable_KelpsyBerryTree
0x083739EC	rom	0x5	gBerryTreePaletteSlotTable_Kelpsy
0x083739F4	rom	0x48	gObjectEventPicTable_WepearBerryTree
0x08373A3C	rom	0x5	gBerryTreePaletteSlotTable_Wepear
0x08373A44	rom	0x48	gObjectEventPicTable_IapapaBerryTree
0x08373A8C	rom	0x5	gBerryTreePaletteSlotTable_Iapapa
0x08373A94	rom	0x48	gObjectEventPicTable_CheriBerryTree
0x08373ADC	rom	0x5	gBerryTreePaletteSlotTable_Cheri
0x08373AE4	rom	0x48	gObjectEventPicTable_FigyBerryTree
0x08373B2C	rom	0x5	gBerryTreePaletteSlotTable_Figy
0x08373B34	rom	0x48	gObjectEventPicTable_MagoBerryTree
0x08373B7C	rom	0x5	gBerryTreePaletteSlotTable_Mago
0x08373B84	rom	0x48	gObjectEventPicTable_LumBerryTree
0x08373BCC	rom	0x5	gBerryTreePaletteSlotTable_Lum
0x08373BD4	rom	0x48	gObjectEventPicTable_RazzBerryTree
0x08373C1C	rom	0x5	gBerryTreePaletteSlotTable_Razz
0x08373C24	rom	0x48	gObjectEventPicTable_GrepaBerryTree
0x08373C6C	rom	0x5	gBerryTreePaletteSlotTable_Grepa
0x08373C74	rom	0x48	gObjectEventPicTable_RabutaBerryTree
0x08373CBC	rom	0x5	gBerryTreePaletteSlotTable_Rabuta
0x08373CC4	rom	0x48	gObjectEventPicTable_NomelBerryTree
0x08373D0C	rom	0x5	gBerryTreePaletteSlotTable_Nomel
0x08373D14	rom	0x48	gObjectEventPicTable_LeppaBerryTree
0x08373D5C	rom	0x5	gBerryTreePaletteSlotTable_Leppa
0x08373D64	rom	0x48	gObjectEventPicTable_LiechiBerryTree
0x08373DAC	rom	0x5	gBerryTreePaletteSlotTable_Liechi
0x08373DB4	rom	0x48	gObjectEventPicTable_HondewBerryTree
0x08373DFC	rom	0x5	gBerryTreePaletteSlotTable_Hondew
0x08373E04	rom	0x48	gObjectEventPicTable_AguavBerryTree
0x08373E4C	rom	0x5	gBerryTreePaletteSlotTable_Aguav
0x08373E54	rom	0x48	gObjectEventPicTable_WikiBerryTree
0x08373E9C	rom	0x5	gBerryTreePaletteSlotTable_Wiki
0x08373EA4	rom	0x48	gObjectEventPicTable_PomegBerryTree
0x08373EEC	rom	0x5	gBerryTreePaletteSlotTable_Pomeg
0x08373EF4	rom	0x48	gObjectEventPicTable_RawstBerryTree
0x08373F3C	rom	0x5	gBerryTreePaletteSlotTable_Rawst
0x08373F44	rom	0x48	gObjectEventPicTable_SpelonBerryTree
0x08373F8C	rom	0x5	gBerryTreePaletteSlotTable_Spelon
0x08373F94	rom	0x48	gObjectEventPicTable_ChestoBerryTree
0x08373FDC	rom	0x5	gBerryTreePaletteSlotTable_Chesto
0x08373FE4	rom	0x48	gObjectEventPicTable_OranBerryTree
0x0837402C	rom	0x5	gBerryTreePaletteSlotTable_Oran
0x08374034	rom	0x48	gObjectEventPicTable_PersimBerryTree
0x0837407C	rom	0x5	gBerryTreePaletteSlotTable_Persim
0x08374084	rom	0x48	gObjectEventPicTable_SitrusBerryTree
0x083740CC	rom	0x5	gBerryTreePaletteSlotTable_Sitrus
0x083740D4	rom	0x48	gObjectEventPicTable_AspearBerryTree
0x0837411C	rom	0x5	gBerryTreePaletteSlotTable_Aspear
0x08374124	rom	0x48	gObjectEventPicTable_PamtreBerryTree
0x0837416C	rom	0x5	gBerryTreePaletteSlotTable_Pamtre
0x08374174	rom	0x48	gObjectEventPicTable_CornnBerryTree
0x083741BC	rom	0x5	gBerryTreePaletteSlotTable_Cornn
0x083741C4	rom	0x48	gObjectEventPicTable_LansatBerryTree
0x0837420C	rom	0x5	gBerryTreePaletteSlotTable_Lansat
0x08374214	rom	0x48	gObjectEventPicTable_DurinBerryTree
0x0837425C	rom	0x5	gBerryTreePaletteSlotTable_Durin
0x08374264	rom	0x48	gObjectEventPicTable_TamatoBerryTree
0x083742AC	rom	0x5	gBerryTreePaletteSlotTable_Tamato
0x083742B1	rom	0x5	gDeadBerryTreeGraphicsIdTable
0x083742B6	rom	0x5	gBerryTreeGraphicsIdTable
0x083742BC	rom	0xAC	gBerryTreePicTablePointers
0x08374368	rom	0xAC	gBerryTreePaletteSlotTablePointers
0x08374414	rom	0xB8	gBerryTreeGraphicsIdTablePointers
0x083744CC	rom	0x8	gFieldEffectObjectPaletteInfo0
0x083744D4	rom	0x8	gFieldEffectObjectPaletteInfo1
0x083744DC	rom	0x8	gFieldEffectAnim_8374534
0x083744E4	rom	0x4	gFieldEffectAnimTable_Shadow
0x083744E8	rom	0x8	gFieldEffectPicTable_ShadowSmall
0x083744F0	rom	0x8	gFieldEffectPicTable_ShadowMedium
0x083744F8	rom	0x8	gFieldEffectPicTable_ShadowLarge
0x08374500	rom	0x8	gFieldEffectPicTable_ShadowExtraLarge
0x08374508	rom	0x18	gFieldEffectSpriteTemplate_ShadowSmall
0x08374520	rom	0x18	gFieldEffectSpriteTemplate_ShadowMedium
0x08374538	rom	0x18	gFieldEffectSpriteTemplate_ShadowLarge
0x08374550	rom	0x18	gFieldEffectSpriteTemplate_ShadowExtraLarge
0x08374568	rom	0x28	gFieldEffectPicTable_TallGrass
0x08374590	rom	0x18	gFieldEffectAnim_83745E8
0x083745A8	rom	0x4	gFieldEffectAnimTable_TallGrass
0x083745AC	rom	0x18	gFieldEffectSpriteTemplate_TallGrass
0x083745C4	rom	0x28	gFieldEffectPicTable_Ripple
0x083745EC	rom	0x24	gFieldEffectAnim_8374644
0x08374610	rom	0x4	gFieldEffectAnimTable_Ripple
0x08374614	rom	0x18	gFieldEffectSpriteTemplate_Ripple
0x0837462C	rom	0x28	gFieldEffectPicTable_Ash
0x08374654	rom	0x18	gFieldEffectAnim_83746AC
0x0837466C	rom	0x4	gFieldEffectAnimTable_Ash
0x08374670	rom	0x18	gFieldEffectSpriteTemplate_Ash
0x08374688	rom	0x18	gFieldEffectPicTable_SurfBlob
0x083746A0	rom	0x8	gFieldEffectAnim_83746F8
0x083746A8	rom	0x8	gFieldEffectAnim_8374700
0x083746B0	rom	0x8	gFieldEffectAnim_8374708
0x083746B8	rom	0x8	gFieldEffectAnim_8374710
0x083746C0	rom	0x10	gFieldEffectAnimTable_SurfBlob
0x083746D0	rom	0x18	gFieldEffectSpriteTemplate_SurfBlob
0x083746E8	rom	0x40	gFieldEffectPicTable_Arrow
0x08374728	rom	0xC	gFieldEffectAnim_8374780
0x08374734	rom	0xC	gFieldEffectAnim_837478C
0x08374740	rom	0xC	gFieldEffectAnim_8374798
0x0837474C	rom	0xC	gFieldEffectAnim_83747A4
0x08374758	rom	0x10	gFieldEffectAnimTable_Arrow
0x08374768	rom	0x18	gFieldEffectSpriteTemplate_Arrow
0x08374780	rom	0x18	gFieldEffectPicTable_Dust
0x08374798	rom	0x10	gFieldEffectAnim_83747F0
0x083747A8	rom	0x4	gFieldEffectAnimTable_Dust
0x083747AC	rom	0x18	gFieldEffectSpriteTemplate_Dust
0x083747C4	rom	0x20	gFieldEffectPicTable_JumpTallGrass
0x083747E4	rom	0x14	gFieldEffectAnim_837483C
0x083747F8	rom	0x4	gFieldEffectAnimTable_JumpTallGrass
0x083747FC	rom	0x18	gFieldEffectSpriteTemplate_JumpTallGrass
0x08374814	rom	0x10	gFieldEffectPicTable_SandFootprints
0x08374824	rom	0x8	gFieldEffectAnim_837487C
0x0837482C	rom	0x8	gFieldEffectAnim_8374884
0x08374834	rom	0x8	gFieldEffectAnim_837488C
0x0837483C	rom	0x8	gFieldEffectAnim_8374894
0x08374844	rom	0x14	gFieldEffectAnimTable_SandFootprints
0x08374858	rom	0x18	gFieldEffectSpriteTemplate_SandFootprints
0x08374870	rom	0x10	gFieldEffectPicTable_DeepSandFootprints
0x08374880	rom	0x8	gFieldEffectAnim_83748D8
0x08374888	rom	0x8	gFieldEffectAnim_83748E0
0x08374890	rom	0x8	gFieldEffectAnim_83748E8
0x08374898	rom	0x8	gFieldEffectAnim_83748F0
0x083748A0	rom	0x14	gFieldEffectAnimTable_DeepSandFootprints
0x083748B4	rom	0x18	gFieldEffectSpriteTemplate_DeepSandFootprints
0x083748CC	rom	0x20	gFieldEffectPicTable_BikeTireTracks
0x083748EC	rom	0x8	gFieldEffectAnim_8374944
0x083748F4	rom	0x8	gFieldEffectAnim_837494C
0x083748FC	rom	0x8	gFieldEffectAnim_8374954
0x08374904	rom	0x8	gFieldEffectAnim_837495C
0x0837490C	rom	0x8	gFieldEffectAnim_8374964
0x08374914	rom	0x8	gFieldEffectAnim_837496C
0x0837491C	rom	0x8	gFieldEffectAnim_8374974
0x08374924	rom	0x8	gFieldEffectAnim_837497C
0x0837492C	rom	0x24	gFieldEffectAnimTable_BikeTireTracks
0x08374950	rom	0x18	gFieldEffectSpriteTemplate_BikeTireTracks
0x08374968	rom	0x20	gFieldEffectPicTable_JumpBigSplash
0x08374988	rom	0x14	gFieldEffectAnim_83749E0
0x0837499C	rom	0x4	gFieldEffectAnimTable_JumpBigSplash
0x083749A0	rom	0x18	gFieldEffectSpriteTemplate_JumpBigSplash
0x083749B8	rom	0x10	gFieldEffectPicTable_Splash
0x083749C8	rom	0xC	gFieldEffectAnim_8374A20
0x083749D4	rom	0x24	gFieldEffectAnim_8374A2C
0x083749F8	rom	0x8	gFieldEffectAnimTable_Splash
0x08374A00	rom	0x18	gFieldEffectSpriteTemplate_Splash
0x08374A18	rom	0x18	gFieldEffectPicTable_JumpSmallSplash
0x08374A30	rom	0x10	gFieldEffectAnim_8374A88
0x08374A40	rom	0x4	gFieldEffectAnimTable_JumpSmallSplash
0x08374A44	rom	0x18	gFieldEffectSpriteTemplate_JumpSmallSplash
0x08374A5C	rom	0x20	gFieldEffectPicTable_LongGrass
0x08374A7C	rom	0x20	gFieldEffectAnim_8374AD4
0x08374A9C	rom	0x4	gFieldEffectAnimTable_LongGrass
0x08374AA0	rom	0x18	gFieldEffectSpriteTemplate_LongGrass
0x08374AB8	rom	0x30	gFieldEffectPicTable_JumpLongGrass
0x08374AE8	rom	0x1C	gFieldEffectAnim_8374B40
0x08374B04	rom	0x4	gFieldEffectAnimTable_JumpLongGrass
0x08374B08	rom	0x18	gFieldEffectSpriteTemplate_JumpLongGrass
0x08374B20	rom	0x48	gFieldEffectPicTable_Unknown17
0x08374B68	rom	0x28	gFieldEffectAnim_8374BC0
0x08374B90	rom	0x4	gFieldEffectAnimTable_Unknown17
0x08374B94	rom	0x18	gFieldEffectSpriteTemplate_Unknown17
0x08374BAC	rom	0x20	gFieldEffectPicTable_Unknown18
0x08374BCC	rom	0x1C	gFieldEffectAnim_8374C24
0x08374BE8	rom	0x4	gFieldEffectAnimTable_Unknown18
0x08374BEC	rom	0x18	gFieldEffectSpriteTemplate_Unknown18
0x08374C04	rom	0x20	gFieldEffectPicTable_Unknown19
0x08374C24	rom	0x14	gFieldEffectAnim_8374C7C
0x08374C38	rom	0x4	gFieldEffectAnimTable_Unknown19
0x08374C3C	rom	0x18	gFieldEffectSpriteTemplate_Unknown19
0x08374C54	rom	0x18	gFieldEffectPicTable_SandPile
0x08374C6C	rom	0x10	gFieldEffectAnim_8374CC4
0x08374C7C	rom	0x4	gFieldEffectAnimTable_SandPile
0x08374C80	rom	0x18	gFieldEffectSpriteTemplate_SandPile
0x08374C98	rom	0x20	gFieldEffectPicTable_Unknown20
0x08374CB8	rom	0x1C	gFieldEffectAnim_8374D10
0x08374CD4	rom	0x4	gFieldEffectAnimTable_Unknown20
0x08374CD8	rom	0x18	gFieldEffectSpriteTemplate_Unknown20
0x08374CF0	rom	0x50	gFieldEffectAffineAnim_WavyReflection
0x08374D40	rom	0x50	gFieldEffectAffineAnim_WavyReflectionFlipped
0x08374D90	rom	0x8	gFieldEffectAffineAnimTable_Reflection
0x08374D98	rom	0x18	gFieldEffectSpriteTemplate_Reflection
0x08374DB0	rom	0x30	gFieldEffectPicTable_BerryTreeGrowthSparkle
0x08374DE0	rom	0x54	gFieldEffectAnim_8374E38
0x08374E34	rom	0x4	gFieldEffectAnimTable_BerryTreeGrowthSparkle
0x08374E38	rom	0x18	gFieldEffectSpriteTemplate_BerryTreeGrowthSparkle
0x08374E50	rom	0x38	gFieldEffectPicTable_TreeDisguise
0x08374E88	rom	0x8	gFieldEffectAnim_8374EE0
0x08374E90	rom	0x20	gFieldEffectAnim_8374EE8
0x08374EB0	rom	0x8	gFieldEffectAnimTable_TreeDisguise
0x08374EB8	rom	0x18	gFieldEffectSpriteTemplate_TreeDisguise
0x08374ED0	rom	0x38	gFieldEffectPicTable_MountainDisguise
0x08374F08	rom	0x8	gFieldEffectAnim_8374F60
0x08374F10	rom	0x20	gFieldEffectAnim_8374F68
0x08374F30	rom	0x8	gFieldEffectAnimTable_MountainDisguise
0x08374F38	rom	0x18	gFieldEffectSpriteTemplate_MountainDisguise
0x08374F50	rom	0x38	gFieldEffectPicTable_SandDisguise
0x08374F88	rom	0x18	gFieldEffectSpriteTemplate_SandDisguise
0x08374FA0	rom	0x8	gFieldEffectPicTable_Bird
0x08374FA8	rom	0x8	gFieldEffectAnim_8375000
0x08374FB0	rom	0x4	gFieldEffectAnimTable_Bird
0x08374FB4	rom	0x18	gFieldEffectSpriteTemplate_Bird
0x08374FCC	rom	0x10	gFieldEffectPicTable_ShortGrass
0x08374FDC	rom	0xC	gFieldEffectAnim_8375034
0x08374FE8	rom	0x4	gFieldEffectAnimTable_ShortGrass
0x08374FEC	rom	0x18	gFieldEffectSpriteTemplate_ShortGrass
0x08375004	rom	0x8	gFieldEffectPicTable_HotSpringsWater
0x0837500C	rom	0x8	gFieldEffectAnim_8375064
0x08375014	rom	0x4	gFieldEffectAnimTable_HotSpringsWater
0x08375018	rom	0x18	gFieldEffectSpriteTemplate_HotSpringsWater
0x08375030	rom	0x28	gFieldEffectPicTable_PopOutOfAsh
0x08375058	rom	0x18	gFieldEffectAnim_83750B0
0x08375070	rom	0x4	gFieldEffectAnimTable_PopOutOfAsh
0x08375074	rom	0x18	gFieldEffectSpriteTemplate_PopOutOfAsh
0x0837508C	rom	0x8	gFieldEffectObjectPaletteInfo2
0x08375094	rom	0x28	gFieldEffectPicTable_LavaridgeGymWarp
0x083750BC	rom	0x18	gFieldEffectAnim_8375114
0x083750D4	rom	0x4	gFieldEffectAnimTable_LavaridgeGymWarp
0x083750D8	rom	0x18	gFieldEffectSpriteTemplate_LavaridgeGymWarp
0x083750F0	rom	0x40	gFieldEffectPicTable_Bubbles
0x08375130	rom	0x24	gFieldEffectAnim_8375188
0x08375154	rom	0x4	gFieldEffectAnimTable_Bubbles
0x08375158	rom	0x18	gFieldEffectSpriteTemplate_Bubbles
0x08375170	rom	0x10	gFieldEffectPicTable_Sparkle
0x08375180	rom	0x10	gFieldEffectAnim_83751D8
0x08375190	rom	0x4	gFieldEffectAnimTable_Sparkle
0x08375194	rom	0x18	gFieldEffectSpriteTemplate_Sparkle
0x083751AC	rom	0x8	gFieldEffectObjectPaletteInfo3
0x083751B4	rom	0x8	gMovementDelaysMedium
0x083751BC	rom	0x8	gMovementDelaysLong
0x083751C4	rom	0x8	gMovementDelaysShort
0x083751CC	rom	0x1C	gMovementTypeFuncs_WanderAround
0x083751E8	rom	0x4	gStandardDirections
0x083751EC	rom	0x2C	gGetVectorDirectionFuncs
0x08375218	rom	0x14	gMovementTypeFuncs_LookAround
0x0837522C	rom	0x1C	gMovementTypeFuncs_WanderUpAndDown
0x08375248	rom	0x2	gUpAndDownDirections
0x0837524C	rom	0x1C	gMovementTypeFuncs_WanderLeftAndRight
0x08375268	rom	0x2	gLeftAndRightDirections
0x0837526C	rom	0xC	gMovementTypeFuncs_FaceDirection
0x08375278	rom	0x14	gMovementTypeFuncs_BerryTreeGrowth
0x0837528C	rom	0x14	gMovementTypeFuncs_FaceDownAndUp
0x083752A0	rom	0x14	gMovementTypeFuncs_FaceLeftAndRight
0x083752B4	rom	0x14	gMovementTypeFuncs_FaceUpAndLeft
0x083752C8	rom	0x2	gUpAndLeftDirections
0x083752CC	rom	0x14	gMovementTypeFuncs_FaceUpAndRight
0x083752E0	rom	0x2	gUpAndRightDirections
0x083752E4	rom	0x14	gMovementTypeFuncs_FaceDownAndLeft
0x083752F8	rom	0x2	gDownAndLeftDirections
0x083752FC	rom	0x14	gMovementTypeFuncs_FaceDownAndRight
0x08375310	rom	0x2	gDownAndRightDirections
0x08375314	rom	0x14	gMovementTypeFuncs_FaceDownUpAndLeft
0x08375328	rom	0x4	gDownUpAndLeftDirections
0x0837532C	rom	0x14	gMovementTypeFuncs_FaceDownUpAndRight
0x08375340	rom	0x4	gDownUpAndRightDirections
0x08375344	rom	0x14	gMovementTypeFuncs_FaceUpLeftAndRight
0x08375358	rom	0x4	gUpLeftAndRightDirections
0x0837535C	rom	0x14	gMovementTypeFuncs_FaceDownLeftAndRight
0x08375370	rom	0x4	gDownLeftAndRightDirections
0x08375374	rom	0x10	gMovementTypeFuncs_RotateCounterclockwise
0x08375384	rom	0x5	gCounterclockwiseDirections
0x0837538C	rom	0x10	gMovementTypeFuncs_RotateClockwise
0x0837539C	rom	0x5	gClockwiseDirections
0x083753A4	rom	0x10	gMovementTypeFuncs_WalkBackAndForth
0x083753B4	rom	0xC	gMovementTypeFuncs_WalkSequenceUpRightLeftDown
0x083753C0	rom	0x4	gUpRightLeftDownDirections
0x083753C4	rom	0xC	gMovementTypeFuncs_WalkSequenceRightLeftDownUp
0x083753D0	rom	0x4	gRightLeftDownUpDirections
0x083753D4	rom	0xC	gMovementTypeFuncs_WalkSequenceDownUpRightLeft
0x083753E0	rom	0x4	gDownUpRightLeftDirections
0x083753E4	rom	0xC	gMovementTypeFuncs_WalkSequenceLeftDownUpRight
0x083753F0	rom	0x4	gLeftDownUpRightDirections
0x083753F4	rom	0xC	gMovementTypeFuncs_WalkSequenceUpLeftRightDown
0x08375400	rom	0x4	gUpLeftRightDownDirections
0x08375404	rom	0xC	gMovementTypeFuncs_WalkSequenceLeftRightDownUp
0x08375410	rom	0x4	gLeftRightDownUpDirections
0x08375414	rom	0xC	gMovementTypeFuncs_WalkSequenceDownUpLeftRight
0x08375420	rom	0xC	gMovementTypeFuncs_WalkSequenceRightDownUpLeft
0x0837542C	rom	0x4	gRightDownUpLeftDirections
0x08375430	rom	0xC	gMovementTypeFuncs_WalkSequenceLeftUpDownRight
0x0837543C	rom	0x4	gLeftUpDownRightDirections
0x08375440	rom	0xC	gMovementTypeFuncs_WalkSequenceUpDownRightLeft
0x0837544C	rom	0x4	gUpDownRightLeftDirections
0x08375450	rom	0xC	gMovementTypeFuncs_WalkSequenceRightLeftUpDown
0x0837545C	rom	0x4	gRightLeftUpDownDirections
0x08375460	rom	0xC	gMovementTypeFuncs_WalkSequenceDownRightLeftUp
0x0837546C	rom	0x4	gDownRightLeftUpDirections
0x08375470	rom	0xC	gMovementTypeFuncs_WalkSequenceRightUpDownLeft
0x0837547C	rom	0x4	gRightUpDownLeftDirections
0x08375480	rom	0xC	gMovementTypeFuncs_WalkSequenceUpDownLeftRight
0x0837548C	rom	0x4	gUpDownLeftRightDirections
0x08375490	rom	0xC	gMovementTypeFuncs_WalkSequenceLeftRightUpDown
0x0837549C	rom	0x4	gLeftRightUpDownDirections
0x083754A0	rom	0xC	gMovementTypeFuncs_WalkSequenceDownLeftRightUp
0x083754AC	rom	0x4	gDownLeftRightUpDirections
0x083754B0	rom	0xC	gMovementTypeFuncs_WalkSequenceUpLeftDownRight
0x083754BC	rom	0x4	gUpLeftDownRightDirections
0x083754C0	rom	0xC	gMovementTypeFuncs_WalkSequenceDownRightUpLeft
0x083754CC	rom	0x4	gDownRightUpLeftDirections
0x083754D0	rom	0xC	gMovementTypeFuncs_WalkSequenceLeftDownRightUp
0x083754DC	rom	0x4	gLeftDownRightUpDirections
0x083754E0	rom	0xC	gMovementTypeFuncs_WalkSequenceRightUpLeftDown
0x083754EC	rom	0x4	gRightUpLeftDownDirections
0x083754F0	rom	0xC	gMovementTypeFuncs_WalkSequenceUpRightDownLeft
0x083754FC	rom	0x4	gUpRightDownLeftDirections
0x08375500	rom	0xC	gMovementTypeFuncs_WalkSequenceDownLeftUpRight
0x0837550C	rom	0x4	gDownLeftUpRightDirections
0x08375510	rom	0xC	gMovementTypeFuncs_WalkSequenceLeftUpRightDown
0x0837551C	rom	0x4	gLeftUpRightDownDirections
0x08375520	rom	0xC	gMovementTypeFuncs_WalkSequenceRightDownLeftUp
0x0837552C	rom	0x4	gRightDownLeftUpDirections
0x08375530	rom	0xC	gMovementTypeFuncs_CopyPlayer
0x0837553C	rom	0x2C	gCopyPlayerMovementFuncs
0x08375568	rom	0xC	gMovementTypeFuncs_CopyPlayerInGrass
0x08375574	rom	0x4	gMovementTypeFuncs_Hidden
0x08375578	rom	0x8	gMovementTypeFuncs_WalkInPlace
0x08375580	rom	0x8	gMovementTypeFuncs_JogInPlace
0x08375588	rom	0x8	gMovementTypeFuncs_RunInPlace
0x08375590	rom	0xC	gMovementTypeFuncs_Invisible
0x0837559C	rom	0x9	gFaceDirectionAnimNums
0x083755A5	rom	0x9	gMoveDirectionAnimNums
0x083755AE	rom	0x9	gMoveDirectionFastAnimNums
0x083755B7	rom	0x9	gMoveDirectionFasterAnimNums
0x083755C0	rom	0x9	gMoveDirectionFastestAnimNums
0x083755C9	rom	0x9	gJumpSpecialDirectionAnimNums
0x083755D2	rom	0x9	gAcroWheelieDirectionAnimNums
0x083755DB	rom	0x9	gUnrefAnimNums_08375633
0x083755E4	rom	0x9	gAcroEndWheelieDirectionAnimNums
0x083755ED	rom	0x9	gAcroUnusedActionDirectionAnimNums
0x083755F6	rom	0x9	gAcroWheeliePedalDirectionAnimNums
0x083755FF	rom	0x9	gFishingDirectionAnimNums
0x08375608	rom	0x9	gFishingNoCatchDirectionAnimNums
0x08375611	rom	0x9	gFishingBiteDirectionAnimNums
0x0837561A	rom	0x9	gRunningDirectionAnimNums
0x08375623	rom	0x9	gTrainerFacingDirectionMovementTypes
0x0837562C	rom	0x10	gOppositeDirectionBlockedMetatileFuncs
0x0837563C	rom	0x10	gDirectionBlockedMetatileFuncs
0x0837564C	rom	0x24	sDirectionToVectors
0x08375670	rom	0x5	gFaceDirectionMovementActions
0x08375675	rom	0x5	gWalkSlowMovementActions
0x0837567A	rom	0x5	gWalkNormalMovementActions
0x0837567F	rom	0x5	gWalkFastMovementActions
0x08375684	rom	0x5	gRideWaterCurrentMovementActions
0x08375689	rom	0x5	gWalkFastestMovementActions
0x0837568E	rom	0x5	gSlideMovementActions
0x08375693	rom	0x5	gPlayerRunMovementActions
0x08375698	rom	0x5	gJump2MovementActions
0x0837569D	rom	0x5	gJumpInPlaceMovementActions
0x083756A2	rom	0x5	gJumpInPlaceTurnAroundMovementActions
0x083756A7	rom	0x5	gJumpMovementActions
0x083756AC	rom	0x5	gJumpSpecialMovementActions
0x083756B1	rom	0x5	gWalkInPlaceSlowMovementActions
0x083756B6	rom	0x5	gWalkInPlaceNormalMovementActions
0x083756BB	rom	0x5	gWalkInPlaceFastMovementActions
0x083756C0	rom	0x5	gWalkInPlaceFastestMovementActions
0x083756C5	rom	0x5	gAcroWheelieFaceDirectionMovementActions
0x083756CA	rom	0x5	gAcroPopWheelieFaceDirectionMovementActions
0x083756CF	rom	0x5	gAcroEndWheelieFaceDirectionMovementActions
0x083756D4	rom	0x5	gAcroWheelieHopFaceDirectionMovementActions
0x083756D9	rom	0x5	gAcroWheelieHopDirectionMovementActions
0x083756DE	rom	0x5	gAcroWheelieJumpDirectionMovementActions
0x083756E3	rom	0x5	gAcroWheelieInPlaceDirectionMovementActions
0x083756E8	rom	0x5	gAcroPopWheelieMoveDirectionMovementActions
0x083756ED	rom	0x5	gAcroWheelieMoveDirectionMovementActions
0x083756F2	rom	0x5	gAcroEndWheelieMoveDirectionMovementActions
0x083756F7	rom	0x8	gOppositeDirections
0x083756FF	rom	0x10	gUnknown_08375757
0x0837570F	rom	0x10	gUnknown_08375767
0x08375720	rom	0x228	gMovementActionFuncs
0x08375948	rom	0x8	gMovementActionFuncs_FaceDown
0x08375950	rom	0x8	gMovementActionFuncs_FaceUp
0x08375958	rom	0x8	gMovementActionFuncs_FaceLeft
0x08375960	rom	0x8	gMovementActionFuncs_FaceRight
0x08375968	rom	0x14	gUnknown_083759C0
0x0837597C	rom	0xC	gMovementActionFuncs_WalkSlowDown
0x08375988	rom	0xC	gMovementActionFuncs_WalkSlowUp
0x08375994	rom	0xC	gMovementActionFuncs_WalkSlowLeft
0x083759A0	rom	0xC	gMovementActionFuncs_WalkSlowRight
0x083759AC	rom	0xC	gMovementActionFuncs_WalkNormalDown
0x083759B8	rom	0xC	gMovementActionFuncs_WalkNormalUp
0x083759C4	rom	0xC	gMovementActionFuncs_WalkNormalLeft
0x083759D0	rom	0xC	gMovementActionFuncs_WalkNormalRight
0x083759DC	rom	0x6	gUnknown_08375A34
0x083759E2	rom	0x6	gUnknown_08375A3A
0x083759E8	rom	0xC	gMovementActionFuncs_Jump2Down
0x083759F4	rom	0xC	gMovementActionFuncs_Jump2Up
0x08375A00	rom	0xC	gMovementActionFuncs_Jump2Left
0x08375A0C	rom	0xC	gMovementActionFuncs_Jump2Right
0x08375A18	rom	0xC	gMovementActionFuncs_Delay1
0x08375A24	rom	0xC	gMovementActionFuncs_Delay2
0x08375A30	rom	0xC	gMovementActionFuncs_Delay4
0x08375A3C	rom	0xC	gMovementActionFuncs_Delay8
0x08375A48	rom	0xC	gMovementActionFuncs_Delay16
0x08375A54	rom	0xC	gMovementActionFuncs_WalkFastDown
0x08375A60	rom	0xC	gMovementActionFuncs_WalkFastUp
0x08375A6C	rom	0xC	gMovementActionFuncs_WalkFastLeft
0x08375A78	rom	0xC	gMovementActionFuncs_WalkFastRight
0x08375A84	rom	0xC	gMovementActionFuncs_WalkInPlaceSlowDown
0x08375A90	rom	0xC	gMovementActionFuncs_WalkInPlaceSlowUp
0x08375A9C	rom	0xC	gMovementActionFuncs_WalkInPlaceSlowLeft
0x08375AA8	rom	0xC	gMovementActionFuncs_WalkInPlaceSlowRight
0x08375AB4	rom	0xC	gMovementActionFuncs_WalkInPlaceNormalDown
0x08375AC0	rom	0xC	gMovementActionFuncs_WalkInPlaceNormalUp
0x08375ACC	rom	0xC	gMovementActionFuncs_WalkInPlaceNormalLeft
0x08375AD8	rom	0xC	gMovementActionFuncs_WalkInPlaceNormalRight
0x08375AE4	rom	0xC	gMovementActionFuncs_WalkInPlaceFastDown
0x08375AF0	rom	0xC	gMovementActionFuncs_WalkInPlaceFastUp
0x08375AFC	rom	0xC	gMovementActionFuncs_WalkInPlaceFastLeft
0x08375B08	rom	0xC	gMovementActionFuncs_WalkInPlaceFastRight
0x08375B14	rom	0xC	gMovementActionFuncs_WalkInPlaceFastestDown
0x08375B20	rom	0xC	gMovementActionFuncs_WalkInPlaceFastestUp
0x08375B2C	rom	0xC	gMovementActionFuncs_WalkInPlaceFastestLeft
0x08375B38	rom	0xC	gMovementActionFuncs_WalkInPlaceFastestRight
0x08375B44	rom	0xC	gMovementActionFuncs_RideWaterCurrentDown
0x08375B50	rom	0xC	gMovementActionFuncs_RideWaterCurrentUp
0x08375B5C	rom	0xC	gMovementActionFuncs_RideWaterCurrentLeft
0x08375B68	rom	0xC	gMovementActionFuncs_RideWaterCurrentRight
0x08375B74	rom	0xC	gMovementActionFuncs_WalkFastestDown
0x08375B80	rom	0xC	gMovementActionFuncs_WalkFastestUp
0x08375B8C	rom	0xC	gMovementActionFuncs_WalkFastestLeft
0x08375B98	rom	0xC	gMovementActionFuncs_WalkFastestRight
0x08375BA4	rom	0xC	gMovementActionFuncs_SlideDown
0x08375BB0	rom	0xC	gMovementActionFuncs_SlideUp
0x08375BBC	rom	0xC	gMovementActionFuncs_SlideLeft
0x08375BC8	rom	0xC	gMovementActionFuncs_SlideRight
0x08375BD4	rom	0xC	gMovementActionFuncs_PlayerRunDown
0x08375BE0	rom	0xC	gMovementActionFuncs_PlayerRunUp
0x08375BEC	rom	0xC	gMovementActionFuncs_PlayerRunLeft
0x08375BF8	rom	0xC	gMovementActionFuncs_PlayerRunRight
0x08375C04	rom	0xC	gMovementActionFuncs_StartAnimInDirection
0x08375C10	rom	0xC	gMovementActionFuncs_JumpSpecialDown
0x08375C1C	rom	0xC	gMovementActionFuncs_JumpSpecialUp
0x08375C28	rom	0xC	gMovementActionFuncs_JumpSpecialLeft
0x08375C34	rom	0xC	gMovementActionFuncs_JumpSpecialRight
0x08375C40	rom	0x8	gMovementActionFuncs_FacePlayer
0x08375C48	rom	0x8	gMovementActionFuncs_FaceAwayPlayer
0x08375C50	rom	0x8	gMovementActionFuncs_LockFacingDirection
0x08375C58	rom	0x8	gMovementActionFuncs_UnlockFacingDirection
0x08375C60	rom	0xC	gMovementActionFuncs_JumpDown
0x08375C6C	rom	0xC	gMovementActionFuncs_JumpUp
0x08375C78	rom	0xC	gMovementActionFuncs_JumpLeft
0x08375C84	rom	0xC	gMovementActionFuncs_JumpRight
0x08375C90	rom	0xC	gMovementActionFuncs_JumpInPlaceDown
0x08375C9C	rom	0xC	gMovementActionFuncs_JumpInPlaceUp
0x08375CA8	rom	0xC	gMovementActionFuncs_JumpInPlaceLeft
0x08375CB4	rom	0xC	gMovementActionFuncs_JumpInPlaceRight
0x08375CC0	rom	0xC	gMovementActionFuncs_JumpInPlaceDownUp
0x08375CCC	rom	0xC	gMovementActionFuncs_JumpInPlaceUpDown
0x08375CD8	rom	0xC	gMovementActionFuncs_JumpInPlaceLeftRight
0x08375CE4	rom	0xC	gMovementActionFuncs_JumpInPlaceRightLeft
0x08375CF0	rom	0x8	gMovementActionFuncs_FaceOriginalDirection
0x08375CF8	rom	0xC	gMovementActionFuncs_NurseJoyBowDown
0x08375D04	rom	0x8	gMovementActionFuncs_EnableJumpLandingGroundEffect
0x08375D0C	rom	0x8	gMovementActionFuncs_DisableJumpLandingGroundEffect
0x08375D14	rom	0x8	gMovementActionFuncs_DisableAnimation
0x08375D1C	rom	0x8	gMovementActionFuncs_RestoreAnimation
0x08375D24	rom	0x8	gMovementActionFuncs_SetInvisible
0x08375D2C	rom	0x8	gMovementActionFuncs_SetVisible
0x08375D34	rom	0x8	gMovementActionFuncs_EmoteExclamationMark
0x08375D3C	rom	0x8	gMovementActionFuncs_EmoteQuestionMark
0x08375D44	rom	0x8	gMovementActionFuncs_EmoteHeart
0x08375D4C	rom	0xC	gMovementActionFuncs_RevealTrainer
0x08375D58	rom	0x10	gMovementActionFuncs_RockSmashBreak
0x08375D68	rom	0x10	gMovementActionFuncs_CutTree
0x08375D78	rom	0x8	gMovementActionFuncs_SetFixedPriority
0x08375D80	rom	0x8	gMovementActionFuncs_ClearFixedPriority
0x08375D88	rom	0x8	gMovementActionFuncs_InitAffineAnim
0x08375D90	rom	0x8	gMovementActionFuncs_ClearAffineAnim
0x08375D98	rom	0xC	gMovementActionFuncs_WalkDownStartAffine
0x08375DA4	rom	0xC	gMovementActionFuncs_WalkDownAffine
0x08375DB0	rom	0x8	gMovementActionFuncs_AcroWheelieFaceDown
0x08375DB8	rom	0x8	gMovementActionFuncs_AcroWheelieFaceUp
0x08375DC0	rom	0x8	gMovementActionFuncs_AcroWheelieFaceLeft
0x08375DC8	rom	0x8	gMovementActionFuncs_AcroWheelieFaceRight
0x08375DD0	rom	0xC	gMovementActionFuncs_AcroPopWheelieDown
0x08375DDC	rom	0xC	gMovementActionFuncs_AcroPopWheelieUp
0x08375DE8	rom	0xC	gMovementActionFuncs_AcroPopWheelieLeft
0x08375DF4	rom	0xC	gMovementActionFuncs_AcroPopWheelieRight
0x08375E00	rom	0xC	gMovementActionFuncs_AcroEndWheelieFaceDown
0x08375E0C	rom	0xC	gMovementActionFuncs_AcroEndWheelieFaceUp
0x08375E18	rom	0xC	gMovementActionFuncs_AcroEndWheelieFaceLeft
0x08375E24	rom	0xC	gMovementActionFuncs_AcroEndWheelieFaceRight
0x08375E30	rom	0xC	gMovementActionFuncs_UnusedAcroActionDown
0x08375E3C	rom	0xC	gMovementActionFuncs_UnusedAcroActionUp
0x08375E48	rom	0xC	gMovementActionFuncs_UnusedAcroActionLeft
0x08375E54	rom	0xC	gMovementActionFuncs_UnusedAcroActionRight
0x08375E60	rom	0xC	gMovementActionFuncs_AcroWheelieHopFaceDown
0x08375E6C	rom	0xC	gMovementActionFuncs_AcroWheelieHopFaceUp
0x08375E78	rom	0xC	gMovementActionFuncs_AcroWheelieHopFaceLeft
0x08375E84	rom	0xC	gMovementActionFuncs_AcroWheelieHopFaceRight
0x08375E90	rom	0xC	gMovementActionFuncs_AcroWheelieHopDown
0x08375E9C	rom	0xC	gMovementActionFuncs_AcroWheelieHopUp
0x08375EA8	rom	0xC	gMovementActionFuncs_AcroWheelieHopLeft
0x08375EB4	rom	0xC	gMovementActionFuncs_AcroWheelieHopRight
0x08375EC0	rom	0xC	gMovementActionFuncs_AcroWheelieJumpDown
0x08375ECC	rom	0xC	gMovementActionFuncs_AcroWheelieJumpUp
0x08375ED8	rom	0xC	gMovementActionFuncs_AcroWheelieJumpLeft
0x08375EE4	rom	0xC	gMovementActionFuncs_AcroWheelieJumpRight
0x08375EF0	rom	0xC	gMovementActionFuncs_AcroWheelieInPlaceDown
0x08375EFC	rom	0xC	gMovementActionFuncs_AcroWheelieInPlaceUp
0x08375F08	rom	0xC	gMovementActionFuncs_AcroWheelieInPlaceLeft
0x08375F14	rom	0xC	gMovementActionFuncs_AcroWheelieInPlaceRight
0x08375F20	rom	0xC	gMovementActionFuncs_AcroPopWheelieMoveDown
0x08375F2C	rom	0xC	gMovementActionFuncs_AcroPopWheelieMoveUp
0x08375F38	rom	0xC	gMovementActionFuncs_AcroPopWheelieMoveLeft
0x08375F44	rom	0xC	gMovementActionFuncs_AcroPopWheelieMoveRight
0x08375F50	rom	0xC	gMovementActionFuncs_AcroWheelieMoveDown
0x08375F5C	rom	0xC	gMovementActionFuncs_AcroWheelieMoveUp
0x08375F68	rom	0xC	gMovementActionFuncs_AcroWheelieMoveLeft
0x08375F74	rom	0xC	gMovementActionFuncs_AcroWheelieMoveRight
0x08375F80	rom	0xC	gMovementActionFuncs_AcroEndWheelieMoveDown
0x08375F8C	rom	0xC	gMovementActionFuncs_AcroEndWheelieMoveUp
0x08375F98	rom	0xC	gMovementActionFuncs_AcroEndWheelieMoveLeft
0x08375FA4	rom	0xC	gMovementActionFuncs_AcroEndWheelieMoveRight
0x08375FB8	rom	0x0	metatileFuncs.2142
0x08375FD0	rom	0x0	jumpLandingFlags.2143
0x08375FE8	rom	0x10	unknown_08376040.2153
0x08375FF8	rom	0x10	sUnknown_08376050
0x08376008	rom	0x10	sObjectEventPriorities_08376060
0x08376018	rom	0x10	sObjectEventPriorities_08376070
0x08376028	rom	0xC	sGroundEffectTracksFuncs
0x08376038	rom	0x10	bikeTireTracks_Transitions.2217
0x08376048	rom	0x50	sGroundEffectFuncs
0x08376098	rom	0x40	Unknown_83760F0
0x083760D8	rom	0x20	Unknown_8376130
0x083760F8	rom	0x18	Unknown_8376150
0x08376110	rom	0x10	Unknown_8376168
0x08376120	rom	0x8	Unknown_8376178
0x08376128	rom	0x14	gUnknown_08376180
0x0837613C	rom	0xA	gUnknown_08376194
0x08376146	rom	0x10	Unknown_837619E
0x08376156	rom	0x10	Unknown_83761AE
0x08376166	rom	0x10	Unknown_83761BE
0x08376178	rom	0xC	gUnknown_083761D0
0x08376198	rom	0xA0	sTextWindowFrameGraphics
0x08376238	rom	0x46	sDialogueFrameTilemap
0x08376280	rom	0x4	gNullScriptPtr
0x08376284	rom	0x12	sScriptConditionTable
0x08376298	rom	0xC	sScriptStringVars
0x083762A4	rom	0x68	sCoordEventWeatherFuncs
0x0837630C	rom	0x20	gUnknown_08376364
0x0837632C	rom	0x20	gUnknown_08376384
0x0837634C	rom	0x20	gUnknown_083763A4
0x0837636C	rom	0x20	gUnknown_083763C4
0x0837638C	rom	0x34	gUnknown_083763E4
0x083763C0	rom	0x8	sMuddySlopeAnimationMetatiles
0x083763C8	rom	0x3C	gUnknown_08376420
0x08376404	rom	0x8	gOamData_837645C
0x0837640C	rom	0x20	gSpriteImage_8376464
0x0837642C	rom	0x20	gSpriteImage_8376484
0x0837644C	rom	0x8	Palette_3764A4
0x08376454	rom	0x10	gSpriteImageTable_83764AC
0x08376464	rom	0x8	gUnknown_083764BC
0x0837646C	rom	0x8	gSpriteAnim_83764C4
0x08376474	rom	0x8	gSpriteAnim_83764CC
0x0837647C	rom	0x8	gSpriteAnim_83764D4
0x08376484	rom	0xC	gSpriteAnimTable_83764DC
0x08376490	rom	0x18	gSpriteTemplate_83764E8
0x083764A8	rom	0x4	gUnknown_08376500
0x083764AC	rom	0x74	TMHMMoves
0x08376520	rom	0x4	gTileBufferPtr
0x08376524	rom	0x40	MenuGfx_HoldIcons
0x08376564	rom	0x20	MenuPal_HoldIcons
0x08376584	rom	0x8	HeldItemsSpriteSheet
0x0837658C	rom	0x8	HeldItemsPalette
0x08376594	rom	0x8	gOamData_83765EC
0x0837659C	rom	0x8	gSpriteAnim_83765F4
0x083765A4	rom	0x8	gSpriteAnim_83765FC
0x083765AC	rom	0x8	gSpriteAnimTable_8376604
0x083765B4	rom	0x18	gSpriteTemplate_837660C
0x083765CC	rom	0x54	PartyMenuPromptTexts
0x08376620	rom	0xC0	gUnknown_08376678
0x083766E0	rom	0x120	gUnknown_08376738
0x08376800	rom	0x60	gUnknown_08376858
0x08376860	rom	0x60	gUnknown_083768B8
0x083768C0	rom	0x30	gUnknown_08376918
0x083768F0	rom	0x30	gUnknown_08376948
0x08376920	rom	0x30	gUnknown_08376978
0x08376950	rom	0x18	gUnknown_083769A8
0x08376968	rom	0x18	gUnknown_083769C0
0x08376980	rom	0x4D	gUnknown_083769D8
0x083769CD	rom	0x39	gUnknown_08376A25
0x08376A06	rom	0x39	gUnknown_08376A5E
0x08376A3F	rom	0xBA	gUnusedData_08376A97
0x08376AFC	rom	0x8	gUnknown_08376B54
0x08376B04	rom	0x2C	PartyMonOAMSettings_LeftColumn
0x08376B30	rom	0x2C	PartyMonOAMSettings_RightColumn
0x08376B5C	rom	0xC0	PartyMonTextSettings
0x08376C1C	rom	0x60	PartyMenuHandlers
0x08376CAC	rom	0x18	StatNames
0x08376CC4	rom	0x6	StatDataTypes
0x08376CCC	rom	0x50	sStartMenuItems
0x08376D1C	rom	0x10	gMenuYesNoItems
0x08376D2C	rom	0x80	gTilesetAnims_General0_Frame1
0x08376DAC	rom	0x80	gTilesetAnims_General0_Frame0
0x08376E2C	rom	0x80	gTilesetAnims_General0_Frame2
0x08376ECC	rom	0x10	gTilesetAnims_General0
0x08376EDC	rom	0x3C0	gTilesetAnims_General1_Frame0
0x0837729C	rom	0x3C0	gTilesetAnims_General1_Frame1
0x0837765C	rom	0x3C0	gTilesetAnims_General1_Frame2
0x08377A1C	rom	0x3C0	gTilesetAnims_General1_Frame3
0x08377DDC	rom	0x3C0	gTilesetAnims_General1_Frame4
0x0837819C	rom	0x3C0	gTilesetAnims_General1_Frame5
0x0837855C	rom	0x3C0	gTilesetAnims_General1_Frame6
0x0837891C	rom	0x3C0	gTilesetAnims_General1_Frame7
0x08378CDC	rom	0x20	gTilesetAnims_General1
0x08378CFC	rom	0x140	gTilesetAnims_General2_Frame0
0x08378E3C	rom	0x140	gTilesetAnims_General2_Frame1
0x08378F7C	rom	0x140	gTilesetAnims_General2_Frame2
0x083790BC	rom	0x140	gTilesetAnims_General2_Frame3
0x083791FC	rom	0x140	gTilesetAnims_General2_Frame4
0x0837933C	rom	0x140	gTilesetAnims_General2_Frame5
0x0837947C	rom	0x140	gTilesetAnims_General2_Frame6
0x083795BC	rom	0x20	gTilesetAnims_General2
0x083795DC	rom	0xC0	gTilesetAnims_General3_Frame0
0x0837969C	rom	0xC0	gTilesetAnims_General3_Frame1
0x0837975C	rom	0xC0	gTilesetAnims_General3_Frame2
0x0837981C	rom	0xC0	gTilesetAnims_General3_Frame3
0x083798DC	rom	0x10	gTilesetAnims_General3
0x083798EC	rom	0x140	gTilesetAnims_General4_Frame0
0x08379A2C	rom	0x140	gTilesetAnims_General4_Frame1
0x08379B6C	rom	0x140	gTilesetAnims_General4_Frame2
0x08379CAC	rom	0x140	gTilesetAnims_General4_Frame3
0x08379DEC	rom	0x10	gTilesetAnims_General4
0x08379DFC	rom	0x80	gTilesetAnims_Lavaridge0_Frame0
0x08379E7C	rom	0x80	gTilesetAnims_Lavaridge0_Frame1
0x08379EFC	rom	0x80	gTilesetAnims_Lavaridge0_Frame2
0x08379F7C	rom	0x80	gTilesetAnims_Lavaridge0_Frame3
0x08379FFC	rom	0x10	gTilesetAnims_Lavaridge0
0x0837A00C	rom	0x3C0	gTilesetAnims_Pacifidlog0_Frame0
0x0837A3CC	rom	0x3C0	gTilesetAnims_Pacifidlog0_Frame1
0x0837A78C	rom	0x3C0	gTilesetAnims_Pacifidlog0_Frame2
0x0837AB4C	rom	0x10	gTilesetAnims_Pacifidlog0
0x0837AB5C	rom	0x80	gTilesetAnims_Underwater0_Frame0
0x0837ABDC	rom	0x80	gTilesetAnims_Underwater0_Frame1
0x0837AC5C	rom	0x80	gTilesetAnims_Underwater0_Frame2
0x0837ACDC	rom	0x80	gTilesetAnims_Underwater0_Frame3
0x0837AD5C	rom	0x10	gTilesetAnims_Underwater0
0x0837AD6C	rom	0x100	gTilesetAnims_Pacifidlog1_Frame0
0x0837AE6C	rom	0x100	gTilesetAnims_Pacifidlog1_Frame1
0x0837AF6C	rom	0x100	gTilesetAnims_Pacifidlog1_Frame2
0x0837B06C	rom	0x100	gTilesetAnims_Pacifidlog1_Frame3
0x0837B16C	rom	0x100	gTilesetAnims_Pacifidlog1_Frame4
0x0837B26C	rom	0x100	gTilesetAnims_Pacifidlog1_Frame5
0x0837B36C	rom	0x100	gTilesetAnims_Pacifidlog1_Frame6
0x0837B46C	rom	0x100	gTilesetAnims_Pacifidlog1_Frame7
0x0837B56C	rom	0x20	gTilesetAnims_Pacifidlog1
0x0837B58C	rom	0x80	gTilesetAnims_Mauville0_Frame0
0x0837B60C	rom	0x80	gTilesetAnims_Mauville0_Frame1
0x0837B68C	rom	0x80	gTilesetAnims_Mauville0_Frame2
0x0837B70C	rom	0x80	gTilesetAnims_Mauville0_Frame3
0x0837B78C	rom	0x80	gTilesetAnims_Mauville0_Frame4
0x0837B80C	rom	0x80	gTilesetAnims_Mauville1_Frame0
0x0837B88C	rom	0x80	gTilesetAnims_Mauville1_Frame1
0x0837B90C	rom	0x80	gTilesetAnims_Mauville1_Frame2
0x0837B98C	rom	0x80	gTilesetAnims_Mauville1_Frame3
0x0837BA0C	rom	0x80	gTilesetAnims_Mauville1_Frame4
0x0837BA8C	rom	0x20	gTilesetAnims_MauvilleVDests0
0x0837BAAC	rom	0x20	gTilesetAnims_MauvilleVDests1
0x0837BACC	rom	0x30	gTilesetAnims_Mauville0
0x0837BAFC	rom	0x30	gTilesetAnims_Mauville1
0x0837BB2C	rom	0x10	gTilesetAnims_Mauville2
0x0837BB3C	rom	0x10	gTilesetAnims_Mauville3
0x0837BB4C	rom	0x80	gTilesetAnims_Rustboro0_Frame0
0x0837BBCC	rom	0x80	gTilesetAnims_Rustboro0_Frame1
0x0837BC4C	rom	0x80	gTilesetAnims_Rustboro0_Frame2
0x0837BCCC	rom	0x80	gTilesetAnims_Rustboro0_Frame3
0x0837BD4C	rom	0x80	gTilesetAnims_Rustboro0_Frame4
0x0837BDCC	rom	0x80	gTilesetAnims_Rustboro0_Frame5
0x0837BE4C	rom	0x80	gTilesetAnims_Rustboro0_Frame6
0x0837BECC	rom	0x80	gTilesetAnims_Rustboro0_Frame7
0x0837BF4C	rom	0x20	gTilesetAnims_RustboroVDests0
0x0837BF6C	rom	0x20	gTilesetAnims_Rustboro0
0x0837BF8C	rom	0x80	gTilesetAnims_Rustboro1_Frame0
0x0837C00C	rom	0x80	gTilesetAnims_Rustboro1_Frame1
0x0837C08C	rom	0x8	gTilesetAnims_Rustboro1
0x0837C094	rom	0x80	gTilesetAnims_Lavaridge1_Cave0_Frame0
0x0837C114	rom	0x80	gTilesetAnims_Lavaridge1_Cave0_Frame1
0x0837C194	rom	0x80	gTilesetAnims_Lavaridge1_Cave0_Frame2
0x0837C214	rom	0x80	gTilesetAnims_Lavaridge1_Cave0_Frame3
0x0837C294	rom	0x80	gTilesetAnims_Lavaridge1_CaveUnused_Frame0
0x0837C314	rom	0x80	gTilesetAnims_Lavaridge1_CaveUnused_Frame1
0x0837C394	rom	0x80	gTilesetAnims_Lavaridge1_CaveUnused_Frame2
0x0837C414	rom	0x80	gTilesetAnims_Lavaridge1_CaveUnused_Frame3
0x0837C4B4	rom	0x10	gTilesetAnims_Lavaridge1_Cave0
0x0837C4C4	rom	0x80	gTilesetAnims_EverGrande0_Frame0
0x0837C544	rom	0x80	gTilesetAnims_EverGrande0_Frame1
0x0837C5C4	rom	0x80	gTilesetAnims_EverGrande0_Frame2
0x0837C644	rom	0x80	gTilesetAnims_EverGrande0_Frame3
0x0837C6C4	rom	0x80	gTilesetAnims_EverGrande0_Frame4
0x0837C744	rom	0x80	gTilesetAnims_EverGrande0_Frame5
0x0837C7C4	rom	0x80	gTilesetAnims_EverGrande0_Frame6
0x0837C844	rom	0x80	gTilesetAnims_EverGrande0_Frame7
0x0837C8E4	rom	0x20	gTilesetAnims_EverGrandeVDests0
0x0837C904	rom	0x20	gTilesetAnims_EverGrande0
0x0837C924	rom	0x80	gTilesetAnims_InsideBuilding0_Frame0
0x0837C9A4	rom	0x80	gTilesetAnims_InsideBuilding0_Frame1
0x0837CA24	rom	0x8	gTilesetAnims_InsideBuilding0
0x0837CA2C	rom	0x180	gTilesetAnims_SootopolisGym0_Frame0
0x0837CBAC	rom	0x180	gTilesetAnims_SootopolisGym0_Frame1
0x0837CD2C	rom	0x180	gTilesetAnims_SootopolisGym0_Frame2
0x0837CEAC	rom	0x280	gTilesetAnims_SootopolisGym1_Frame0
0x0837D12C	rom	0x280	gTilesetAnims_SootopolisGym1_Frame1
0x0837D3AC	rom	0x280	gTilesetAnims_SootopolisGym1_Frame2
0x0837D62C	rom	0xC	gTilesetAnims_SootopolisGym0
0x0837D638	rom	0xC	gTilesetAnims_SootopolisGym1
0x0837D644	rom	0x80	gTilesetAnims_EliteFour0_Frame0
0x0837D6C4	rom	0x80	gTilesetAnims_EliteFour0_Frame1
0x0837D744	rom	0x20	gTilesetAnims_EliteFour1_Frame0
0x0837D764	rom	0x20	gTilesetAnims_EliteFour1_Frame1
0x0837D784	rom	0x20	gTilesetAnims_EliteFour1_Frame2
0x0837D7A4	rom	0x20	gTilesetAnims_EliteFour1_Frame3
0x0837D7E4	rom	0x10	gTilesetAnims_EliteFour1
0x0837D7F4	rom	0x8	gTilesetAnims_EliteFour0
0x0837D7FC	rom	0x200	gTilesetAnims_MauvilleGym0_Frame0
0x0837D9FC	rom	0x200	gTilesetAnims_MauvilleGym0_Frame1
0x0837DC1C	rom	0x8	gTilesetAnims_MauvilleGym0
0x0837DC24	rom	0x120	gTilesetAnims_BikeShop0_Frame0
0x0837DD44	rom	0x120	gTilesetAnims_BikeShop0_Frame1
0x0837DE84	rom	0x8	gTilesetAnims_BikeShop0
0x0837DE8C	rom	0x10	sDummyPaletteStructTemplate
0x0837DE9C	rom	0x30	sFanfares
0x0837DECC	rom	0x8	gOamData_837DF24
0x0837DED4	rom	0x8	gOamData_837DF2C
0x0837DEDC	rom	0x8	gOamData_837DF34
0x0837DEE4	rom	0x8	gOamData_837DF3C
0x0837DEEC	rom	0x8	gOamData_837DF44
0x0837DEF4	rom	0x8	gOamData_837DF4C
0x0837DEFC	rom	0x8	gOamData_837DF54
0x0837DF04	rom	0x8	gOamData_837DF5C
0x0837DF0C	rom	0x8	gOamData_837DF64
0x0837DF14	rom	0x8	gOamData_837DF6C
0x0837DF1C	rom	0x8	gOamData_837DF74
0x0837DF24	rom	0x8	gOamData_837DF7C
0x0837DF2C	rom	0x8	gOamData_837DF84
0x0837DF34	rom	0x8	gOamData_837DF8C
0x0837DF3C	rom	0x8	gOamData_837DF94
0x0837DF44	rom	0x8	gOamData_837DF9C
0x0837DF4C	rom	0x8	gOamData_837DFA4
0x0837DF54	rom	0x8	gOamData_837DFAC
0x0837DF5C	rom	0x8	gOamData_837DFB4
0x0837DF64	rom	0x8	gOamData_837DFBC
0x0837DF6C	rom	0x8	gOamData_837DFC4
0x0837DF74	rom	0x8	gOamData_837DFCC
0x0837DF7C	rom	0x8	gOamData_837DFD4
0x0837DF84	rom	0x8	gOamData_837DFDC
0x0837DF8C	rom	0x8	gOamData_837DFE4
0x0837DF94	rom	0x8	gOamData_837DFEC
0x0837DF9C	rom	0x8	gOamData_837DFF4
0x0837DFA4	rom	0x8	gOamData_837DFFC
0x0837DFAC	rom	0x8	gOamData_837D004
0x0837DFB4	rom	0x8	gOamData_837D00C
0x0837DFBC	rom	0x8	gOamData_837E014
0x0837DFC4	rom	0x8	gOamData_837E01C
0x0837DFCC	rom	0x8	gOamData_837E024
0x0837DFD4	rom	0x8	gOamData_837E02C
0x0837DFDC	rom	0x8	gOamData_837E034
0x0837DFE4	rom	0x8	gOamData_837E03C
0x0837DFEC	rom	0x8	gOamData_837E044
0x0837DFF4	rom	0x8	gOamData_837E04C
0x0837DFFC	rom	0x8	gOamData_837E054
0x0837E004	rom	0x8	gOamData_837E05C
0x0837E00C	rom	0x8	gOamData_837E064
0x0837E014	rom	0x8	gOamData_837E06C
0x0837E01C	rom	0x8	gOamData_837E074
0x0837E024	rom	0x8	gOamData_837E07C
0x0837E02C	rom	0x8	gOamData_837E084
0x0837E034	rom	0x8	gOamData_837E08C
0x0837E03C	rom	0x8	gOamData_837E094
0x0837E044	rom	0x8	gOamData_837E09C
0x0837E04C	rom	0x8	gOamData_837E0A4
0x0837E054	rom	0x8	gOamData_837E0AC
0x0837E05C	rom	0x8	gOamData_837E0B4
0x0837E064	rom	0x8	gOamData_837E0BC
0x0837E06C	rom	0x8	gOamData_837E0C4
0x0837E074	rom	0x8	gOamData_837E0CC
0x0837E07C	rom	0x8	gOamData_837E0D4
0x0837E084	rom	0x8	gOamData_837E0DC
0x0837E08C	rom	0x8	gOamData_837E0E4
0x0837E094	rom	0x8	gOamData_837E0EC
0x0837E09C	rom	0x8	gOamData_837E0F4
0x0837E0A4	rom	0x8	gOamData_837E0FC
0x0837E0AC	rom	0x8	gOamData_837E104
0x0837E0B4	rom	0x8	gOamData_837E10C
0x0837E0BC	rom	0x8	gOamData_837E114
0x0837E0C4	rom	0x8	gOamData_837E11C
0x0837E0CC	rom	0x8	gOamData_837E124
0x0837E0D4	rom	0x8	gOamData_837E12C
0x0837E0DC	rom	0x8	gOamData_837E134
0x0837E0E4	rom	0x8	gOamData_837E13C
0x0837E0EC	rom	0x8	gOamData_837E144
0x0837E0F4	rom	0x8	gOamData_837E14C
0x0837E0FC	rom	0x8	gOamData_837E154
0x0837E104	rom	0x8	gOamData_837E15C
0x0837E10C	rom	0x908	gBattleAnimPicTable
0x0837EA14	rom	0x908	gBattleAnimPaletteTable
0x0837F31C	rom	0x144	gBattleAnimBackgroundTable
0x0837F460	rom	0xC0	sScriptCmdTable
0x0837F520	rom	0x20	gUnknown_0837F578
0x0837F540	rom	0x10	gCastformFrontSpriteCoords
0x0837F550	rom	0x4	gUnknownCastformData_0837F5A8
0x0837F554	rom	0x4	gUnknown_0837F5AC
0x0837F558	rom	0x30	gSpriteTemplate_837F5B0
0x0837F588	rom	0x10	gUnknown_0837F5E0
0x08393148	rom	0x17	gError_NoTasksLeft
0x08393160	rom	0x20	gSubspriteTable_83931B8
0x08393180	rom	0x8	gSubspriteTables_83931D8
0x08393188	rom	0x18	gSpriteTemplate_83931E0
0x083931A0	rom	0x18	gSpriteTemplate_83931F8
0x083931B8	rom	0x40	sLegendaryMonPalettes
0x083931F8	rom	0x604	sLegendaryMonPixelData
0x083937FC	rom	0x248	sLegendaryMonTilemap
0x08393A44	rom	0x130	sBackdropTilemap
0x08393B74	rom	0x150	sLogoShineTiles
0x08393CC4	rom	0x40	gUnknown_08393E64
0x08393D04	rom	0x8	sVersionBannerLeftOamData
0x08393D0C	rom	0x8	sVersionBannerRightOamData
0x08393D14	rom	0x8	sVersionBannerLeftAnimSequence
0x08393D1C	rom	0x8	sVersionBannerRightAnimSequence
0x08393D24	rom	0x4	sVersionBannerLeftAnimTable
0x08393D28	rom	0x4	sVersionBannerRightAnimTable
0x08393D2C	rom	0x18	sVersionBannerLeftSpriteTemplate
0x08393D44	rom	0x18	sVersionBannerRightSpriteTemplate
0x08393D5C	rom	0x10	gUnknown_08393EFC
0x08393D6C	rom	0x8	gOamData_8393F0C
0x08393D74	rom	0x8	gSpriteAnim_8393F14
0x08393D7C	rom	0x8	gSpriteAnim_8393F1C
0x08393D84	rom	0x8	gSpriteAnim_8393F24
0x08393D8C	rom	0x8	gSpriteAnim_8393F2C
0x08393D94	rom	0x8	gSpriteAnim_8393F34
0x08393D9C	rom	0x8	gSpriteAnim_8393F3C
0x08393DA4	rom	0x8	gSpriteAnim_8393F44
0x08393DAC	rom	0x8	gSpriteAnim_8393F4C
0x08393DB4	rom	0x20	sStartCopyrightBannerAnimTable
0x08393DD4	rom	0x18	sStartCopyrightBannerSpriteTemplate
0x08393DEC	rom	0x10	gUnknown_08393F8C
0x08393DFC	rom	0x10	sPokemonLogoShinePalette
0x08393E0C	rom	0x8	sPokemonLogoShineOamData
0x08393E14	rom	0x8	sPokemonLogoShineAnimSequence
0x08393E1C	rom	0x4	sPokemonLogoShineAnimTable
0x08393E20	rom	0x18	sPokemonLogoShineSpriteTemplate
0x08393E38	rom	0x10	sPokemonLogoShineSpriteSheet
0x08393E48	rom	0x824	DroughtPaletteData_0
0x0839466C	rom	0x7F8	DroughtPaletteData_1
0x08394E64	rom	0x79C	DroughtPaletteData_2
0x08395600	rom	0x81C	DroughtPaletteData_3
0x08395E1C	rom	0x7C8	DroughtPaletteData_4
0x083965E4	rom	0x824	DroughtPaletteData_5
0x08396E08	rom	0x1C	sCompressedDroughtPalettes
0x08396E24	rom	0x4	gWeatherPtr
0x08396E28	rom	0xF0	sWeatherFuncs
0x08396F18	rom	0x10	gWeatherPalStateFuncs
0x08396F28	rom	0x20	sBasePaletteGammaTypes
0x08396F48	rom	0x20	gUnknown_083970E8
0x08396F68	rom	0x20	gUnknown_08397108
0x08396F88	rom	0x20	gUnknown_08397128
0x08396FA8	rom	0x800	gWeatherFog2Tiles
0x083977A8	rom	0x800	gWeatherFog1Tiles
0x08397FA8	rom	0x800	gWeatherCloudTiles
0x083987A8	rom	0x20	gWeatherSnow1Tiles
0x083987C8	rom	0x20	gWeatherSnow2Tiles
0x083987E8	rom	0x40	gWeatherBubbleTiles
0x08398828	rom	0x1000	gWeatherAshTiles
0x08399828	rom	0x600	gWeatherRainTiles
0x08399E28	rom	0xA00	gWeatherSandstormTiles
0x0839A828	rom	0xC	gUnknown_0839A9C8
0x0839A834	rom	0x8	sCloudSpriteSheet
0x0839A83C	rom	0x8	gOamData_839A9DC
0x0839A844	rom	0x8	gSpriteAnim_839A9E4
0x0839A84C	rom	0x4	gSpriteAnimTable_839A9EC
0x0839A850	rom	0x18	sCloudSpriteTemplate
0x0839A868	rom	0x60	sRainSpriteCoords
0x0839A8C8	rom	0x8	gOamData_839AA68
0x0839A8D0	rom	0x8	gSpriteAnim_839AA70
0x0839A8D8	rom	0x10	gSpriteAnim_839AA78
0x0839A8E8	rom	0x10	gSpriteAnim_839AA88
0x0839A8F8	rom	0xC	gSpriteAnimTable_839AA98
0x0839A904	rom	0x18	sRainSpriteTemplate
0x0839A91C	rom	0x8	gUnknown_0839AABC
0x0839A924	rom	0x8	gUnknown_0839AAC4
0x0839A92C	rom	0x8	sRainSpriteSheet
0x0839A934	rom	0x8	gOamData_839AAD4
0x0839A93C	rom	0x10	gSpriteImageTable_839AADC
0x0839A94C	rom	0x8	gSpriteAnim_839AAEC
0x0839A954	rom	0x8	gSpriteAnim_839AAF4
0x0839A95C	rom	0x8	gSpriteAnimTable_839AAFC
0x0839A964	rom	0x18	sSnowflakeSpriteTemplate
0x0839A97C	rom	0x10	unusedData_839AB1C
0x0839A98C	rom	0x8	gOamData_839AB2C
0x0839A994	rom	0x8	gSpriteAnim_839AB34
0x0839A99C	rom	0x8	gSpriteAnim_839AB3C
0x0839A9A4	rom	0x8	gSpriteAnim_839AB44
0x0839A9AC	rom	0x8	gSpriteAnim_839AB4C
0x0839A9B4	rom	0x8	gSpriteAnim_839AB54
0x0839A9BC	rom	0x8	gSpriteAnim_839AB5C
0x0839A9C4	rom	0x18	gSpriteAnimTable_839AB64
0x0839A9DC	rom	0x10	gSpriteAffineAnim_839AB7C
0x0839A9EC	rom	0x4	gSpriteAffineAnimTable_839AB8C
0x0839A9F0	rom	0x18	sFog1SpriteTemplate
0x0839AA10	rom	0x8	sAshSpriteSheet
0x0839AA18	rom	0x8	gOamData_839ABB8
0x0839AA20	rom	0xC	gSpriteAnim_839ABC0
0x0839AA2C	rom	0x4	gSpriteAnimTable_839ABCC
0x0839AA30	rom	0x18	sAshSpriteTemplate
0x0839AA50	rom	0x8	gOamData_839ABF0
0x0839AA58	rom	0x8	gSpriteAnim_839ABF8
0x0839AA60	rom	0x4	gSpriteAnimTable_839AC00
0x0839AA64	rom	0x18	sFog2SpriteTemplate
0x0839AA7C	rom	0x8	gOamData_839AC1C
0x0839AA84	rom	0x8	gSpriteAnim_839AC24
0x0839AA8C	rom	0x8	gSpriteAnim_839AC2C
0x0839AA94	rom	0x8	gSpriteAnimTable_839AC34
0x0839AA9C	rom	0x18	sSandstormSpriteTemplate
0x0839AAB4	rom	0x8	sSandstormSpriteSheet
0x0839AABC	rom	0xC	gUnknown_0839AC5C
0x0839AAC8	rom	0x8	gUnknown_0839AC68
0x0839AAD0	rom	0x8	gWeatherBubbleSpriteSheet
0x0839AAD8	rom	0x34	gUnknown_0839AC78
0x0839AB0C	rom	0xC	gSpriteAnim_839ACAC
0x0839AB18	rom	0x4	gSpriteAnimTable_839ACB8
0x0839AB1C	rom	0x18	gSpriteTemplate_839ACBC
0x0839AB34	rom	0x4	sWeatherCycleRoute119
0x0839AB38	rom	0x4	sWeatherCycleRoute123
0x0839AB3C	rom	0xC	sFlashLevelPixelRadii
0x0839AB48	rom	0x4	gMaxFlashLevel
0x0839AB4C	rom	0xC	sFlashEffectParams
0x0839AB58	rom	0x8	gBattleTransitionTable_Wild
0x0839AB60	rom	0x8	gBattleTransitionTable_Trainer
0x0839AB68	rom	0x48	gTrainerBattleSpecs_0
0x0839ABB0	rom	0x48	gTrainerBattleSpecs_1
0x0839ABF8	rom	0x48	gTrainerBattleSpecs_2
0x0839AC40	rom	0x48	gTrainerBattleSpecs_3
0x0839AC88	rom	0x48	gTrainerBattleSpecs_4
0x0839ACD0	rom	0x380	gTrainerEyeTrainers
0x0839B050	rom	0x10	sBadgeFlags
0x0839B060	rom	0x7	TrainerCardColorName_Bronze
0x0839B067	rom	0x7	TrainerCardColorName_Copper
0x0839B06E	rom	0x7	TrainerCardColorName_Silver
0x0839B075	rom	0x5	TrainerCardColorName_Gold
0x0839B07C	rom	0x10	gTrainerCardColorNames
0x0839B08C	rom	0x1E	gUnknown_0839B22C
0x0839B0AA	rom	0x3	gUnknown_0839B24A
0x0839B0AD	rom	0x8	gUnknown_0839B24D
0x0839B0B5	rom	0x2	gUnknown_0839B255
0x0839B0B7	rom	0xB	gUnknown_0839B257
0x0839B0C2	rom	0xF	Text_39B262
0x0839B0D1	rom	0x4	Text_39B271
0x0839B0D5	rom	0xB	Text_39B275
0x0839B0E0	rom	0xB	Text_39B280
0x0839B0EB	rom	0xC	Text_39B28B
0x0839B0F7	rom	0xB	Text_39B297
0x0839B102	rom	0xD	Text_39B2A2
0x0839B10F	rom	0xA	Text_39B2AF
0x0839B119	rom	0x7	Text_39B2B9
0x0839B120	rom	0x48	gMoriDebugMenuActions
0x0839B168	rom	0x80	gSpriteImage_839B308
0x0839B1E8	rom	0x80	gSpriteImage_839B388
0x0839B268	rom	0x80	gSpriteImage_839B408
0x0839B2E8	rom	0x10	sDirectionalApproachDistanceFuncs
0x0839B2F8	rom	0x30	gTrainerSeeFuncList
0x0839B328	rom	0x10	gTrainerSeeFuncList2
0x0839B338	rom	0x8	gOamData_839B4D8
0x0839B340	rom	0x10	gSpriteImageTable_839B4E0
0x0839B350	rom	0x8	gSpriteImageTable_839B4F0
0x0839B358	rom	0x8	gSpriteAnim_839B4F8
0x0839B360	rom	0x8	gSpriteAnim_839B500
0x0839B368	rom	0x8	gSpriteAnimTable_839B508
0x0839B370	rom	0x18	gSpriteTemplate_839B510
0x0839B388	rom	0x18	gSpriteTemplate_839B528
0x0839B3A0	rom	0x14	PetalburgCity_Sapphire_WaterMons
0x0839B3B4	rom	0x8	PetalburgCity_Sapphire_WaterMonsInfo
0x0839B3BC	rom	0x28	PetalburgCity_Sapphire_FishingMons
0x0839B3E4	rom	0x8	PetalburgCity_Sapphire_FishingMonsInfo
0x0839B3EC	rom	0x14	SlateportCity_Sapphire_WaterMons
0x0839B400	rom	0x8	SlateportCity_Sapphire_WaterMonsInfo
0x0839B408	rom	0x28	SlateportCity_Sapphire_FishingMons
0x0839B430	rom	0x8	SlateportCity_Sapphire_FishingMonsInfo
0x0839B438	rom	0x14	LilycoveCity_Sapphire_WaterMons
0x0839B44C	rom	0x8	LilycoveCity_Sapphire_WaterMonsInfo
0x0839B454	rom	0x28	LilycoveCity_Sapphire_FishingMons
0x0839B47C	rom	0x8	LilycoveCity_Sapphire_FishingMonsInfo
0x0839B484	rom	0x14	MossdeepCity_Sapphire_WaterMons
0x0839B498	rom	0x8	MossdeepCity_Sapphire_WaterMonsInfo
0x0839B4A0	rom	0x28	MossdeepCity_Sapphire_FishingMons
0x0839B4C8	rom	0x8	MossdeepCity_Sapphire_FishingMonsInfo
0x0839B4D0	rom	0x14	SootopolisCity_Sapphire_WaterMons
0x0839B4E4	rom	0x8	SootopolisCity_Sapphire_WaterMonsInfo
0x0839B4EC	rom	0x28	SootopolisCity_Sapphire_FishingMons
0x0839B514	rom	0x8	SootopolisCity_Sapphire_FishingMonsInfo
0x0839B51C	rom	0x14	EverGrandeCity_Sapphire_WaterMons
0x0839B530	rom	0x8	EverGrandeCity_Sapphire_WaterMonsInfo
0x0839B538	rom	0x28	EverGrandeCity_Sapphire_FishingMons
0x0839B560	rom	0x8	EverGrandeCity_Sapphire_FishingMonsInfo
0x0839B568	rom	0x30	MeteorFalls_1F_1R_Sapphire_LandMons
0x0839B598	rom	0x8	MeteorFalls_1F_1R_Sapphire_LandMonsInfo
0x0839B5A0	rom	0x14	MeteorFalls_1F_1R_Sapphire_WaterMons
0x0839B5B4	rom	0x8	MeteorFalls_1F_1R_Sapphire_WaterMonsInfo
0x0839B5BC	rom	0x28	MeteorFalls_1F_1R_Sapphire_FishingMons
0x0839B5E4	rom	0x8	MeteorFalls_1F_1R_Sapphire_FishingMonsInfo
0x0839B5EC	rom	0x30	MeteorFalls_1F_2R_Sapphire_LandMons
0x0839B61C	rom	0x8	MeteorFalls_1F_2R_Sapphire_LandMonsInfo
0x0839B624	rom	0x14	MeteorFalls_1F_2R_Sapphire_WaterMons
0x0839B638	rom	0x8	MeteorFalls_1F_2R_Sapphire_WaterMonsInfo
0x0839B640	rom	0x28	MeteorFalls_1F_2R_Sapphire_FishingMons
0x0839B668	rom	0x8	MeteorFalls_1F_2R_Sapphire_FishingMonsInfo
0x0839B670	rom	0x30	MeteorFalls_B1F_1R_Sapphire_LandMons
0x0839B6A0	rom	0x8	MeteorFalls_B1F_1R_Sapphire_LandMonsInfo
0x0839B6A8	rom	0x14	MeteorFalls_B1F_1R_Sapphire_WaterMons
0x0839B6BC	rom	0x8	MeteorFalls_B1F_1R_Sapphire_WaterMonsInfo
0x0839B6C4	rom	0x28	MeteorFalls_B1F_1R_Sapphire_FishingMons
0x0839B6EC	rom	0x8	MeteorFalls_B1F_1R_Sapphire_FishingMonsInfo
0x0839B6F4	rom	0x30	MeteorFalls_B1F_2R_Sapphire_LandMons
0x0839B724	rom	0x8	MeteorFalls_B1F_2R_Sapphire_LandMonsInfo
0x0839B72C	rom	0x14	MeteorFalls_B1F_2R_Sapphire_WaterMons
0x0839B740	rom	0x8	MeteorFalls_B1F_2R_Sapphire_WaterMonsInfo
0x0839B748	rom	0x28	MeteorFalls_B1F_2R_Sapphire_FishingMons
0x0839B770	rom	0x8	MeteorFalls_B1F_2R_Sapphire_FishingMonsInfo
0x0839B778	rom	0x30	RusturfTunnel_Sapphire_LandMons
0x0839B7A8	rom	0x8	RusturfTunnel_Sapphire_LandMonsInfo
0x0839B7B0	rom	0x30	GraniteCave_1F_Sapphire_LandMons
0x0839B7E0	rom	0x8	GraniteCave_1F_Sapphire_LandMonsInfo
0x0839B7E8	rom	0x30	GraniteCave_B1F_Sapphire_LandMons
0x0839B818	rom	0x8	GraniteCave_B1F_Sapphire_LandMonsInfo
0x0839B820	rom	0x30	GraniteCave_B2F_Sapphire_LandMons
0x0839B850	rom	0x8	GraniteCave_B2F_Sapphire_LandMonsInfo
0x0839B858	rom	0x14	GraniteCave_B2F_Sapphire_RockSmashMons
0x0839B86C	rom	0x8	GraniteCave_B2F_Sapphire_RockSmashMonsInfo
0x0839B874	rom	0x30	GraniteCave_StevensRoom_Sapphire_LandMons
0x0839B8A4	rom	0x8	GraniteCave_StevensRoom_Sapphire_LandMonsInfo
0x0839B8AC	rom	0x30	PetalburgWoods_Sapphire_LandMons
0x0839B8DC	rom	0x8	PetalburgWoods_Sapphire_LandMonsInfo
0x0839B8E4	rom	0x30	JaggedPass_Sapphire_LandMons
0x0839B914	rom	0x8	JaggedPass_Sapphire_LandMonsInfo
0x0839B91C	rom	0x30	FieryPath_Sapphire_LandMons
0x0839B94C	rom	0x8	FieryPath_Sapphire_LandMonsInfo
0x0839B954	rom	0x30	MtPyre_1F_Sapphire_LandMons
0x0839B984	rom	0x8	MtPyre_1F_Sapphire_LandMonsInfo
0x0839B98C	rom	0x30	MtPyre_2F_Sapphire_LandMons
0x0839B9BC	rom	0x8	MtPyre_2F_Sapphire_LandMonsInfo
0x0839B9C4	rom	0x30	MtPyre_3F_Sapphire_LandMons
0x0839B9F4	rom	0x8	MtPyre_3F_Sapphire_LandMonsInfo
0x0839B9FC	rom	0x30	MtPyre_4F_Sapphire_LandMons
0x0839BA2C	rom	0x8	MtPyre_4F_Sapphire_LandMonsInfo
0x0839BA34	rom	0x30	MtPyre_5F_Sapphire_LandMons
0x0839BA64	rom	0x8	MtPyre_5F_Sapphire_LandMonsInfo
0x0839BA6C	rom	0x30	MtPyre_6F_Sapphire_LandMons
0x0839BA9C	rom	0x8	MtPyre_6F_Sapphire_LandMonsInfo
0x0839BAA4	rom	0x30	MtPyre_Exterior_Sapphire_LandMons
0x0839BAD4	rom	0x8	MtPyre_Exterior_Sapphire_LandMonsInfo
0x0839BADC	rom	0x30	MtPyre_Summit_Sapphire_LandMons
0x0839BB0C	rom	0x8	MtPyre_Summit_Sapphire_LandMonsInfo
0x0839BB14	rom	0x14	SeafloorCavern_Entrance_Sapphire_WaterMons
0x0839BB28	rom	0x8	SeafloorCavern_Entrance_Sapphire_WaterMonsInfo
0x0839BB30	rom	0x28	SeafloorCavern_Entrance_Sapphire_FishingMons
0x0839BB58	rom	0x8	SeafloorCavern_Entrance_Sapphire_FishingMonsInfo
0x0839BB60	rom	0x30	SeafloorCavern_Room1_Sapphire_LandMons
0x0839BB90	rom	0x8	SeafloorCavern_Room1_Sapphire_LandMonsInfo
0x0839BB98	rom	0x30	SeafloorCavern_Room2_Sapphire_LandMons
0x0839BBC8	rom	0x8	SeafloorCavern_Room2_Sapphire_LandMonsInfo
0x0839BBD0	rom	0x30	SeafloorCavern_Room3_Sapphire_LandMons
0x0839BC00	rom	0x8	SeafloorCavern_Room3_Sapphire_LandMonsInfo
0x0839BC08	rom	0x30	SeafloorCavern_Room4_Sapphire_LandMons
0x0839BC38	rom	0x8	SeafloorCavern_Room4_Sapphire_LandMonsInfo
0x0839BC40	rom	0x30	SeafloorCavern_Room5_Sapphire_LandMons
0x0839BC70	rom	0x8	SeafloorCavern_Room5_Sapphire_LandMonsInfo
0x0839BC78	rom	0x30	SeafloorCavern_Room6_Sapphire_LandMons
0x0839BCA8	rom	0x8	SeafloorCavern_Room6_Sapphire_LandMonsInfo
0x0839BCB0	rom	0x14	SeafloorCavern_Room6_Sapphire_WaterMons
0x0839BCC4	rom	0x8	SeafloorCavern_Room6_Sapphire_WaterMonsInfo
0x0839BCCC	rom	0x28	SeafloorCavern_Room6_Sapphire_FishingMons
0x0839BCF4	rom	0x8	SeafloorCavern_Room6_Sapphire_FishingMonsInfo
0x0839BCFC	rom	0x30	SeafloorCavern_Room7_Sapphire_LandMons
0x0839BD2C	rom	0x8	SeafloorCavern_Room7_Sapphire_LandMonsInfo
0x0839BD34	rom	0x14	SeafloorCavern_Room7_Sapphire_WaterMons
0x0839BD48	rom	0x8	SeafloorCavern_Room7_Sapphire_WaterMonsInfo
0x0839BD50	rom	0x28	SeafloorCavern_Room7_Sapphire_FishingMons
0x0839BD78	rom	0x8	SeafloorCavern_Room7_Sapphire_FishingMonsInfo
0x0839BD80	rom	0x30	SeafloorCavern_Room8_Sapphire_LandMons
0x0839BDB0	rom	0x8	SeafloorCavern_Room8_Sapphire_LandMonsInfo
0x0839BDB8	rom	0x30	CaveOfOrigin_Entrance_Sapphire_LandMons
0x0839BDE8	rom	0x8	CaveOfOrigin_Entrance_Sapphire_LandMonsInfo
0x0839BDF0	rom	0x30	CaveOfOrigin_1F_Sapphire_LandMons
0x0839BE20	rom	0x8	CaveOfOrigin_1F_Sapphire_LandMonsInfo
0x0839BE28	rom	0x30	CaveOfOrigin_B1F_Sapphire_LandMons
0x0839BE58	rom	0x8	CaveOfOrigin_B1F_Sapphire_LandMonsInfo
0x0839BE60	rom	0x30	CaveOfOrigin_B2F_Sapphire_LandMons
0x0839BE90	rom	0x8	CaveOfOrigin_B2F_Sapphire_LandMonsInfo
0x0839BE98	rom	0x30	CaveOfOrigin_B3F_Sapphire_LandMons
0x0839BEC8	rom	0x8	CaveOfOrigin_B3F_Sapphire_LandMonsInfo
0x0839BED0	rom	0x30	VictoryRoad_1F_Sapphire_LandMons
0x0839BF00	rom	0x8	VictoryRoad_1F_Sapphire_LandMonsInfo
0x0839BF08	rom	0x30	VictoryRoad_B1F_Sapphire_LandMons
0x0839BF38	rom	0x8	VictoryRoad_B1F_Sapphire_LandMonsInfo
0x0839BF40	rom	0x14	VictoryRoad_B1F_Sapphire_RockSmashMons
0x0839BF54	rom	0x8	VictoryRoad_B1F_Sapphire_RockSmashMonsInfo
0x0839BF5C	rom	0x30	VictoryRoad_B2F_Sapphire_LandMons
0x0839BF8C	rom	0x8	VictoryRoad_B2F_Sapphire_LandMonsInfo
0x0839BF94	rom	0x14	VictoryRoad_B2F_Sapphire_WaterMons
0x0839BFA8	rom	0x8	VictoryRoad_B2F_Sapphire_WaterMonsInfo
0x0839BFB0	rom	0x28	VictoryRoad_B2F_Sapphire_FishingMons
0x0839BFD8	rom	0x8	VictoryRoad_B2F_Sapphire_FishingMonsInfo
0x0839BFE0	rom	0x30	ShoalCave_LowTideEntranceRoom_Sapphire_LandMons
0x0839C010	rom	0x8	ShoalCave_LowTideEntranceRoom_Sapphire_LandMonsInfo
0x0839C018	rom	0x14	ShoalCave_LowTideEntranceRoom_Sapphire_WaterMons
0x0839C02C	rom	0x8	ShoalCave_LowTideEntranceRoom_Sapphire_WaterMonsInfo
0x0839C034	rom	0x28	ShoalCave_LowTideEntranceRoom_Sapphire_FishingMons
0x0839C05C	rom	0x8	ShoalCave_LowTideEntranceRoom_Sapphire_FishingMonsInfo
0x0839C064	rom	0x30	ShoalCave_LowTideInnerRoom_Sapphire_LandMons
0x0839C094	rom	0x8	ShoalCave_LowTideInnerRoom_Sapphire_LandMonsInfo
0x0839C09C	rom	0x14	ShoalCave_LowTideInnerRoom_Sapphire_WaterMons
0x0839C0B0	rom	0x8	ShoalCave_LowTideInnerRoom_Sapphire_WaterMonsInfo
0x0839C0B8	rom	0x28	ShoalCave_LowTideInnerRoom_Sapphire_FishingMons
0x0839C0E0	rom	0x8	ShoalCave_LowTideInnerRoom_Sapphire_FishingMonsInfo
0x0839C0E8	rom	0x30	ShoalCave_LowTideStairsRoom_Sapphire_LandMons
0x0839C118	rom	0x8	ShoalCave_LowTideStairsRoom_Sapphire_LandMonsInfo
0x0839C120	rom	0x30	ShoalCave_LowTideLowerRoom_Sapphire_LandMons
0x0839C150	rom	0x8	ShoalCave_LowTideLowerRoom_Sapphire_LandMonsInfo
0x0839C158	rom	0x30	ShoalCave_LowTideIceRoom_Sapphire_LandMons
0x0839C188	rom	0x8	ShoalCave_LowTideIceRoom_Sapphire_LandMonsInfo
0x0839C190	rom	0x30	NewMauville_Entrance_Sapphire_LandMons
0x0839C1C0	rom	0x8	NewMauville_Entrance_Sapphire_LandMonsInfo
0x0839C1C8	rom	0x30	NewMauville_Inside_Sapphire_LandMons
0x0839C1F8	rom	0x8	NewMauville_Inside_Sapphire_LandMonsInfo
0x0839C200	rom	0x14	AbandonedShip_Rooms_B1F_Sapphire_WaterMons
0x0839C214	rom	0x8	AbandonedShip_Rooms_B1F_Sapphire_WaterMonsInfo
0x0839C21C	rom	0x28	AbandonedShip_Rooms_B1F_Sapphire_FishingMons
0x0839C244	rom	0x8	AbandonedShip_Rooms_B1F_Sapphire_FishingMonsInfo
0x0839C24C	rom	0x14	AbandonedShip_HiddenFloorCorridors_Sapphire_WaterMons
0x0839C260	rom	0x8	AbandonedShip_HiddenFloorCorridors_Sapphire_WaterMonsInfo
0x0839C268	rom	0x28	AbandonedShip_HiddenFloorCorridors_Sapphire_FishingMons
0x0839C290	rom	0x8	AbandonedShip_HiddenFloorCorridors_Sapphire_FishingMonsInfo
0x0839C298	rom	0x30	SkyPillar_1F_Sapphire_LandMons
0x0839C2C8	rom	0x8	SkyPillar_1F_Sapphire_LandMonsInfo
0x0839C2D0	rom	0x30	SkyPillar_3F_Sapphire_LandMons
0x0839C300	rom	0x8	SkyPillar_3F_Sapphire_LandMonsInfo
0x0839C308	rom	0x30	SkyPillar_5F_Sapphire_LandMons
0x0839C338	rom	0x8	SkyPillar_5F_Sapphire_LandMonsInfo
0x0839C340	rom	0x30	Route101_Sapphire_LandMons
0x0839C370	rom	0x8	Route101_Sapphire_LandMonsInfo
0x0839C378	rom	0x30	Route102_Sapphire_LandMons
0x0839C3A8	rom	0x8	Route102_Sapphire_LandMonsInfo
0x0839C3B0	rom	0x14	Route102_Sapphire_WaterMons
0x0839C3C4	rom	0x8	Route102_Sapphire_WaterMonsInfo
0x0839C3CC	rom	0x28	Route102_Sapphire_FishingMons
0x0839C3F4	rom	0x8	Route102_Sapphire_FishingMonsInfo
0x0839C3FC	rom	0x30	Route103_Sapphire_LandMons
0x0839C42C	rom	0x8	Route103_Sapphire_LandMonsInfo
0x0839C434	rom	0x14	Route103_Sapphire_WaterMons
0x0839C448	rom	0x8	Route103_Sapphire_WaterMonsInfo
0x0839C450	rom	0x28	Route103_Sapphire_FishingMons
0x0839C478	rom	0x8	Route103_Sapphire_FishingMonsInfo
0x0839C480	rom	0x30	Route104_Sapphire_LandMons
0x0839C4B0	rom	0x8	Route104_Sapphire_LandMonsInfo
0x0839C4B8	rom	0x14	Route104_Sapphire_WaterMons
0x0839C4CC	rom	0x8	Route104_Sapphire_WaterMonsInfo
0x0839C4D4	rom	0x28	Route104_Sapphire_FishingMons
0x0839C4FC	rom	0x8	Route104_Sapphire_FishingMonsInfo
0x0839C504	rom	0x14	Route105_Sapphire_WaterMons
0x0839C518	rom	0x8	Route105_Sapphire_WaterMonsInfo
0x0839C520	rom	0x28	Route105_Sapphire_FishingMons
0x0839C548	rom	0x8	Route105_Sapphire_FishingMonsInfo
0x0839C550	rom	0x14	Route106_Sapphire_WaterMons
0x0839C564	rom	0x8	Route106_Sapphire_WaterMonsInfo
0x0839C56C	rom	0x28	Route106_Sapphire_FishingMons
0x0839C594	rom	0x8	Route106_Sapphire_FishingMonsInfo
0x0839C59C	rom	0x14	Route107_Sapphire_WaterMons
0x0839C5B0	rom	0x8	Route107_Sapphire_WaterMonsInfo
0x0839C5B8	rom	0x28	Route107_Sapphire_FishingMons
0x0839C5E0	rom	0x8	Route107_Sapphire_FishingMonsInfo
0x0839C5E8	rom	0x14	Route108_Sapphire_WaterMons
0x0839C5FC	rom	0x8	Route108_Sapphire_WaterMonsInfo
0x0839C604	rom	0x28	Route108_Sapphire_FishingMons
0x0839C62C	rom	0x8	Route108_Sapphire_FishingMonsInfo
0x0839C634	rom	0x14	Route109_Sapphire_WaterMons
0x0839C648	rom	0x8	Route109_Sapphire_WaterMonsInfo
0x0839C650	rom	0x28	Route109_Sapphire_FishingMons
0x0839C678	rom	0x8	Route109_Sapphire_FishingMonsInfo
0x0839C680	rom	0x30	Route110_Sapphire_LandMons
0x0839C6B0	rom	0x8	Route110_Sapphire_LandMonsInfo
0x0839C6B8	rom	0x14	Route110_Sapphire_WaterMons
0x0839C6CC	rom	0x8	Route110_Sapphire_WaterMonsInfo
0x0839C6D4	rom	0x28	Route110_Sapphire_FishingMons
0x0839C6FC	rom	0x8	Route110_Sapphire_FishingMonsInfo
0x0839C704	rom	0x30	Route111_Sapphire_LandMons
0x0839C734	rom	0x8	Route111_Sapphire_LandMonsInfo
0x0839C73C	rom	0x14	Route111_Sapphire_WaterMons
0x0839C750	rom	0x8	Route111_Sapphire_WaterMonsInfo
0x0839C758	rom	0x14	Route111_Sapphire_RockSmashMons
0x0839C76C	rom	0x8	Route111_Sapphire_RockSmashMonsInfo
0x0839C774	rom	0x28	Route111_Sapphire_FishingMons
0x0839C79C	rom	0x8	Route111_Sapphire_FishingMonsInfo
0x0839C7A4	rom	0x30	Route112_Sapphire_LandMons
0x0839C7D4	rom	0x8	Route112_Sapphire_LandMonsInfo
0x0839C7DC	rom	0x30	Route113_Sapphire_LandMons
0x0839C80C	rom	0x8	Route113_Sapphire_LandMonsInfo
0x0839C814	rom	0x30	Route114_Sapphire_LandMons
0x0839C844	rom	0x8	Route114_Sapphire_LandMonsInfo
0x0839C84C	rom	0x14	Route114_Sapphire_WaterMons
0x0839C860	rom	0x8	Route114_Sapphire_WaterMonsInfo
0x0839C868	rom	0x14	Route114_Sapphire_RockSmashMons
0x0839C87C	rom	0x8	Route114_Sapphire_RockSmashMonsInfo
0x0839C884	rom	0x28	Route114_Sapphire_FishingMons
0x0839C8AC	rom	0x8	Route114_Sapphire_FishingMonsInfo
0x0839C8B4	rom	0x30	Route115_Sapphire_LandMons
0x0839C8E4	rom	0x8	Route115_Sapphire_LandMonsInfo
0x0839C8EC	rom	0x14	Route115_Sapphire_WaterMons
0x0839C900	rom	0x8	Route115_Sapphire_WaterMonsInfo
0x0839C908	rom	0x28	Route115_Sapphire_FishingMons
0x0839C930	rom	0x8	Route115_Sapphire_FishingMonsInfo
0x0839C938	rom	0x30	Route116_Sapphire_LandMons
0x0839C968	rom	0x8	Route116_Sapphire_LandMonsInfo
0x0839C970	rom	0x30	Route117_Sapphire_LandMons
0x0839C9A0	rom	0x8	Route117_Sapphire_LandMonsInfo
0x0839C9A8	rom	0x14	Route117_Sapphire_WaterMons
0x0839C9BC	rom	0x8	Route117_Sapphire_WaterMonsInfo
0x0839C9C4	rom	0x28	Route117_Sapphire_FishingMons
0x0839C9EC	rom	0x8	Route117_Sapphire_FishingMonsInfo
0x0839C9F4	rom	0x30	Route118_Sapphire_LandMons
0x0839CA24	rom	0x8	Route118_Sapphire_LandMonsInfo
0x0839CA2C	rom	0x14	Route118_Sapphire_WaterMons
0x0839CA40	rom	0x8	Route118_Sapphire_WaterMonsInfo
0x0839CA48	rom	0x28	Route118_Sapphire_FishingMons
0x0839CA70	rom	0x8	Route118_Sapphire_FishingMonsInfo
0x0839CA78	rom	0x30	Route119_Sapphire_LandMons
0x0839CAA8	rom	0x8	Route119_Sapphire_LandMonsInfo
0x0839CAB0	rom	0x14	Route119_Sapphire_WaterMons
0x0839CAC4	rom	0x8	Route119_Sapphire_WaterMonsInfo
0x0839CACC	rom	0x28	Route119_Sapphire_FishingMons
0x0839CAF4	rom	0x8	Route119_Sapphire_FishingMonsInfo
0x0839CAFC	rom	0x30	Route120_Sapphire_LandMons
0x0839CB2C	rom	0x8	Route120_Sapphire_LandMonsInfo
0x0839CB34	rom	0x14	Route120_Sapphire_WaterMons
0x0839CB48	rom	0x8	Route120_Sapphire_WaterMonsInfo
0x0839CB50	rom	0x28	Route120_Sapphire_FishingMons
0x0839CB78	rom	0x8	Route120_Sapphire_FishingMonsInfo
0x0839CB80	rom	0x30	Route121_Sapphire_LandMons
0x0839CBB0	rom	0x8	Route121_Sapphire_LandMonsInfo
0x0839CBB8	rom	0x14	Route121_Sapphire_WaterMons
0x0839CBCC	rom	0x8	Route121_Sapphire_WaterMonsInfo
0x0839CBD4	rom	0x28	Route121_Sapphire_FishingMons
0x0839CBFC	rom	0x8	Route121_Sapphire_FishingMonsInfo
0x0839CC04	rom	0x14	Route122_Sapphire_WaterMons
0x0839CC18	rom	0x8	Route122_Sapphire_WaterMonsInfo
0x0839CC20	rom	0x28	Route122_Sapphire_FishingMons
0x0839CC48	rom	0x8	Route122_Sapphire_FishingMonsInfo
0x0839CC50	rom	0x30	Route123_Sapphire_LandMons
0x0839CC80	rom	0x8	Route123_Sapphire_LandMonsInfo
0x0839CC88	rom	0x14	Route123_Sapphire_WaterMons
0x0839CC9C	rom	0x8	Route123_Sapphire_WaterMonsInfo
0x0839CCA4	rom	0x28	Route123_Sapphire_FishingMons
0x0839CCCC	rom	0x8	Route123_Sapphire_FishingMonsInfo
0x0839CCD4	rom	0x14	Route124_Sapphire_WaterMons
0x0839CCE8	rom	0x8	Route124_Sapphire_WaterMonsInfo
0x0839CCF0	rom	0x28	Route124_Sapphire_FishingMons
0x0839CD18	rom	0x8	Route124_Sapphire_FishingMonsInfo
0x0839CD20	rom	0x14	Route125_Sapphire_WaterMons
0x0839CD34	rom	0x8	Route125_Sapphire_WaterMonsInfo
0x0839CD3C	rom	0x28	Route125_Sapphire_FishingMons
0x0839CD64	rom	0x8	Route125_Sapphire_FishingMonsInfo
0x0839CD6C	rom	0x14	Route126_Sapphire_WaterMons
0x0839CD80	rom	0x8	Route126_Sapphire_WaterMonsInfo
0x0839CD88	rom	0x28	Route126_Sapphire_FishingMons
0x0839CDB0	rom	0x8	Route126_Sapphire_FishingMonsInfo
0x0839CDB8	rom	0x14	Route127_Sapphire_WaterMons
0x0839CDCC	rom	0x8	Route127_Sapphire_WaterMonsInfo
0x0839CDD4	rom	0x28	Route127_Sapphire_FishingMons
0x0839CDFC	rom	0x8	Route127_Sapphire_FishingMonsInfo
0x0839CE04	rom	0x14	Route128_Sapphire_WaterMons
0x0839CE18	rom	0x8	Route128_Sapphire_WaterMonsInfo
0x0839CE20	rom	0x28	Route128_Sapphire_FishingMons
0x0839CE48	rom	0x8	Route128_Sapphire_FishingMonsInfo
0x0839CE50	rom	0x14	Route129_Sapphire_WaterMons
0x0839CE64	rom	0x8	Route129_Sapphire_WaterMonsInfo
0x0839CE6C	rom	0x28	Route129_Sapphire_FishingMons
0x0839CE94	rom	0x8	Route129_Sapphire_FishingMonsInfo
0x0839CE9C	rom	0x30	Route130_Sapphire_LandMons
0x0839CECC	rom	0x8	Route130_Sapphire_LandMonsInfo
0x0839CED4	rom	0x14	Route130_Sapphire_WaterMons
0x0839CEE8	rom	0x8	Route130_Sapphire_WaterMonsInfo
0x0839CEF0	rom	0x28	Route130_Sapphire_FishingMons
0x0839CF18	rom	0x8	Route130_Sapphire_FishingMonsInfo
0x0839CF20	rom	0x14	Route131_Sapphire_WaterMons
0x0839CF34	rom	0x8	Route131_Sapphire_WaterMonsInfo
0x0839CF3C	rom	0x28	Route131_Sapphire_FishingMons
0x0839CF64	rom	0x8	Route131_Sapphire_FishingMonsInfo
0x0839CF6C	rom	0x14	Route132_Sapphire_WaterMons
0x0839CF80	rom	0x8	Route132_Sapphire_WaterMonsInfo
0x0839CF88	rom	0x28	Route132_Sapphire_FishingMons
0x0839CFB0	rom	0x8	Route132_Sapphire_FishingMonsInfo
0x0839CFB8	rom	0x14	Route133_Sapphire_WaterMons
0x0839CFCC	rom	0x8	Route133_Sapphire_WaterMonsInfo
0x0839CFD4	rom	0x28	Route133_Sapphire_FishingMons
0x0839CFFC	rom	0x8	Route133_Sapphire_FishingMonsInfo
0x0839D004	rom	0x14	Route134_Sapphire_WaterMons
0x0839D018	rom	0x8	Route134_Sapphire_WaterMonsInfo
0x0839D020	rom	0x28	Route134_Sapphire_FishingMons
0x0839D048	rom	0x8	Route134_Sapphire_FishingMonsInfo
0x0839D050	rom	0x30	SafariZone_Northwest_Sapphire_LandMons
0x0839D080	rom	0x8	SafariZone_Northwest_Sapphire_LandMonsInfo
0x0839D088	rom	0x14	SafariZone_Northwest_Sapphire_WaterMons
0x0839D09C	rom	0x8	SafariZone_Northwest_Sapphire_WaterMonsInfo
0x0839D0A4	rom	0x28	SafariZone_Northwest_Sapphire_FishingMons
0x0839D0CC	rom	0x8	SafariZone_Northwest_Sapphire_FishingMonsInfo
0x0839D0D4	rom	0x30	SafariZone_Northeast_Sapphire_LandMons
0x0839D104	rom	0x8	SafariZone_Northeast_Sapphire_LandMonsInfo
0x0839D10C	rom	0x14	SafariZone_Northeast_Sapphire_RockSmashMons
0x0839D120	rom	0x8	SafariZone_Northeast_Sapphire_RockSmashMonsInfo
0x0839D128	rom	0x30	SafariZone_Southwest_Sapphire_LandMons
0x0839D158	rom	0x8	SafariZone_Southwest_Sapphire_LandMonsInfo
0x0839D160	rom	0x14	SafariZone_Southwest_Sapphire_WaterMons
0x0839D174	rom	0x8	SafariZone_Southwest_Sapphire_WaterMonsInfo
0x0839D17C	rom	0x28	SafariZone_Southwest_Sapphire_FishingMons
0x0839D1A4	rom	0x8	SafariZone_Southwest_Sapphire_FishingMonsInfo
0x0839D1AC	rom	0x30	SafariZone_Southeast_Sapphire_LandMons
0x0839D1DC	rom	0x8	SafariZone_Southeast_Sapphire_LandMonsInfo
0x0839D1E4	rom	0x14	DewfordTown_Sapphire_WaterMons
0x0839D1F8	rom	0x8	DewfordTown_Sapphire_WaterMonsInfo
0x0839D200	rom	0x28	DewfordTown_Sapphire_FishingMons
0x0839D228	rom	0x8	DewfordTown_Sapphire_FishingMonsInfo
0x0839D230	rom	0x14	PacifidlogTown_Sapphire_WaterMons
0x0839D244	rom	0x8	PacifidlogTown_Sapphire_WaterMonsInfo
0x0839D24C	rom	0x28	PacifidlogTown_Sapphire_FishingMons
0x0839D274	rom	0x8	PacifidlogTown_Sapphire_FishingMonsInfo
0x0839D27C	rom	0x14	Underwater1_Sapphire_WaterMons
0x0839D290	rom	0x8	Underwater1_Sapphire_WaterMonsInfo
0x0839D298	rom	0x14	Underwater2_Sapphire_WaterMons
0x0839D2AC	rom	0x8	Underwater2_Sapphire_WaterMonsInfo
0x0839D2B4	rom	0x7A8	gWildMonHeaders
0x0839DA5C	rom	0x4	gWildFeebasRoute119Data
0x0839DA60	rom	0x12	gRoute119WaterTileData
0x0839DA74	rom	0x800	gSpriteImage_839DC14
0x0839E274	rom	0x20	gBirchPalette
0x0839E294	rom	0x20	gSpriteImage_839E434
0x0839E2B4	rom	0x20	gFieldEffectObjectPalette4
0x0839E2D4	rom	0xC0	gSpriteImage_839E474
0x0839E394	rom	0xC0	gSpriteImage_839E534
0x0839E454	rom	0x200	gSpriteImage_839E5F4
0x0839E654	rom	0x100	gSpriteImage_839E7F4
0x0839E754	rom	0x20	gFieldEffectObjectPalette5
0x0839E774	rom	0x200	gFieldMoveStreaksTiles
0x0839E974	rom	0x20	gFieldMoveStreaksPalette
0x0839E994	rom	0x280	gFieldMoveStreaksTilemap
0x0839EC14	rom	0x80	gDarknessFieldMoveStreaksTiles
0x0839EC94	rom	0x20	gDarknessFieldMoveStreaksPalette
0x0839ECB4	rom	0x280	gDarknessFieldMoveStreaksTilemap
0x0839EF34	rom	0x20	gFieldEffectScriptFuncs
0x0839EF54	rom	0x8	gOamData_839F0F4
0x0839EF5C	rom	0x8	gOamData_839F0FC
0x0839EF64	rom	0x8	gOamData_839F104
0x0839EF6C	rom	0x8	gSpriteImageTable_839F10C
0x0839EF74	rom	0x8	gUnknown_0839F114
0x0839EF7C	rom	0x8	gSpriteAnim_839F11C
0x0839EF84	rom	0x4	gSpriteAnimTable_839F124
0x0839EF88	rom	0x18	gSpriteTemplate_839F128
0x0839EFA0	rom	0x8	gFieldEffectObjectPaletteInfo4
0x0839EFA8	rom	0x8	gFieldEffectObjectPaletteInfo5
0x0839EFB0	rom	0x8	gOamData_839F150
0x0839EFB8	rom	0x8	gSpriteImageTable_839F158
0x0839EFC0	rom	0x10	gSpriteImageTable_839F160
0x0839EFD0	rom	0x8	gSpriteImageTable_839F170
0x0839EFD8	rom	0x8	gSpriteImageTable_839F178
0x0839EFE0	rom	0x20	Unknown_39F180
0x0839F000	rom	0x8	gUnknown_0839F1A0
0x0839F008	rom	0x20	Unknown_39F1A8
0x0839F028	rom	0x8	gUnknown_0839F1C8
0x0839F030	rom	0x8	gSpriteAnim_839F1D0
0x0839F038	rom	0x24	gSpriteAnim_839F1D8
0x0839F05C	rom	0x8	gSpriteAnimTable_839F1FC
0x0839F064	rom	0x4	gSpriteAnimTable_839F204
0x0839F068	rom	0x18	gSpriteTemplate_839F208
0x0839F080	rom	0x18	gSpriteTemplate_839F220
0x0839F098	rom	0x18	gSpriteTemplate_839F238
0x0839F0B0	rom	0x18	gSpriteTemplate_839F250
0x0839F0C8	rom	0x10	gUnknown_0839F268
0x0839F0D8	rom	0x10	gUnknown_0839F278
0x0839F0E8	rom	0x20	gUnknown_0839F288
0x0839F108	rom	0x18	gUnknown_0839F2A8
0x0839F120	rom	0x4	gUnknown_0839F2C0
0x0839F124	rom	0x4	gUnknown_0839F2C4
0x0839F128	rom	0x4	gUnknown_0839F2C8
0x0839F12C	rom	0x1C	gUnknown_0839F2CC
0x0839F148	rom	0x18	gUnknown_0839F2E8
0x0839F160	rom	0x1C	gUnknown_0839F300
0x0839F17C	rom	0x14	gUnknown_0839F31C
0x0839F190	rom	0xC	gUnknown_0839F330
0x0839F19C	rom	0x18	gUnknown_0839F33C
0x0839F1B4	rom	0x10	gUnknown_0839F354
0x0839F1C4	rom	0x14	gUnknown_0839F364
0x0839F1D8	rom	0x8	gEscapeRopeFieldEffectFuncs
0x0839F1E8	rom	0x8	gUnknown_0839F388
0x0839F1F0	rom	0x10	sTeleportFieldEffectTasks
0x0839F200	rom	0xC	gUnknown_0839F3A0
0x0839F20C	rom	0x1C	gUnknown_0839F3AC
0x0839F228	rom	0x1C	gUnknown_0839F3C8
0x0839F244	rom	0x14	gUnknown_0839F3E4
0x0839F258	rom	0x24	gUnknown_0839F3F8
0x0839F27C	rom	0x18	SpriteAffineAnim_839F41C
0x0839F294	rom	0x18	SpriteAffineAnim_839F434
0x0839F2AC	rom	0x8	gSpriteAffineAnimTable_0839F44C
0x0839F2B4	rom	0x1C	gUnknown_0839F454
0x0839F2F4	rom	0xC0	sPokemonMenuActions
0x0839F3B4	rom	0x1E	sPokeMenuFieldMoves
0x0839F3D2	rom	0x4	sUnknown_39F572
0x0839F3D8	rom	0x8	sUnknown_0839F578
0x0839F3E0	rom	0x4	sUnknown_39F580
0x0839F3E4	rom	0x8	sUnknown_0839F584
0x0839F3EC	rom	0x70	sFieldMoveFuncs
0x0839F45C	rom	0x40	gUnknown_0839F5FC
0x0839F49C	rom	0x40	gUnknown_0839F63C
0x0839F4DC	rom	0xC0	sPokedexSearchPalette
0x0839F59C	rom	0xC0	sNationalPokedexPalette
0x0839F65C	rom	0xA4	gEmptySpacce_839F7FC
0x0839F700	rom	0xE8	gUnknown_0839F8A0
0x0839F7E8	rom	0xF4	gUnknown_0839F988
0x0839F8DC	rom	0x48	gUnknown_0839FA7C
0x0839F924	rom	0x336	gPokedexOrder_Alphabetical
0x0839FC5A	rom	0x304	gPokedexOrder_Weight
0x0839FF5E	rom	0x304	gPokedexOrder_Height
0x083A0264	rom	0x8	gOamData_83A0404
0x083A026C	rom	0x8	gOamData_83A040C
0x083A0274	rom	0x8	gOamData_83A0414
0x083A027C	rom	0x8	gOamData_83A041C
0x083A0284	rom	0x8	gOamData_83A0424
0x083A028C	rom	0x8	gOamData_83A042C
0x083A0294	rom	0x8	gSpriteAnim_83A0434
0x083A029C	rom	0x8	gSpriteAnim_83A043C
0x083A02A4	rom	0x8	gSpriteAnim_83A0444
0x083A02AC	rom	0x8	gSpriteAnim_83A044C
0x083A02B4	rom	0x8	gSpriteAnim_83A0454
0x083A02BC	rom	0x8	gSpriteAnim_83A045C
0x083A02C4	rom	0x8	gSpriteAnim_83A0464
0x083A02CC	rom	0x8	gSpriteAnim_83A046C
0x083A02D4	rom	0x8	gSpriteAnim_83A0474
0x083A02DC	rom	0x8	gSpriteAnim_83A047C
0x083A02E4	rom	0x8	gSpriteAnim_83A0484
0x083A02EC	rom	0x8	gSpriteAnim_83A048C
0x083A02F4	rom	0x8	gSpriteAnim_83A0494
0x083A02FC	rom	0x8	gSpriteAnim_83A049C
0x083A0304	rom	0x8	gSpriteAnim_83A04A4
0x083A030C	rom	0x8	gSpriteAnim_83A04AC
0x083A0314	rom	0x8	gSpriteAnim_83A04B4
0x083A031C	rom	0x8	gSpriteAnim_83A04BC
0x083A0324	rom	0x8	gSpriteAnim_83A04C4
0x083A032C	rom	0x8	gSpriteAnim_83A04CC
0x083A0334	rom	0x4	gSpriteAnimTable_83A04D4
0x083A0338	rom	0x4	gSpriteAnimTable_83A04D8
0x083A033C	rom	0x4	gSpriteAnimTable_83A04DC
0x083A0340	rom	0x10	gSpriteAnimTable_83A04E0
0x083A0350	rom	0x8	gSpriteAnimTable_83A04F0
0x083A0358	rom	0x28	gSpriteAnimTable_83A04F8
0x083A0380	rom	0x4	gSpriteAnimTable_83A0520
0x083A0384	rom	0x18	gSpriteTemplate_83A0524
0x083A039C	rom	0x18	sScrollArrowSpriteTemplate
0x083A03B4	rom	0x18	gSpriteTemplate_83A0554
0x083A03CC	rom	0x18	gSpriteTemplate_83A056C
0x083A03E4	rom	0x18	gSpriteTemplate_83A0584
0x083A03FC	rom	0x18	gSpriteTemplate_83A059C
0x083A0414	rom	0x18	gSpriteTemplate_83A05B4
0x083A042C	rom	0x10	sInterfaceSpriteSheet
0x083A043C	rom	0x10	sInterfaceSpritePalette
0x083A044C	rom	0x5	gUnknown_083A05EC
0x083A0451	rom	0x5	gUnknown_083A05F1
0x083A0456	rom	0x2	gEmptySpacce_83A05F6
0x083A0458	rom	0x1	gUnknown_083A05F8
0x083A0459	rom	0x49	DexDescription_Dummy_1
0x083A04A2	rom	0x33	DexDescription_Dummy_2
0x083A04D5	rom	0x4F	DexDescription_Bulbasaur_1
0x083A0524	rom	0x43	DexDescription_Bulbasaur_2
0x083A0567	rom	0x6E	DexDescription_Ivysaur_1
0x083A05D5	rom	0x75	DexDescription_Ivysaur_2
0x083A064A	rom	0x76	DexDescription_Venusaur_1
0x083A06C0	rom	0x41	DexDescription_Venusaur_2
0x083A0701	rom	0x72	DexDescription_Charmander_1
0x083A0773	rom	0x4B	DexDescription_Charmander_2
0x083A07BE	rom	0x68	DexDescription_Charmeleon_1
0x083A0826	rom	0x66	DexDescription_Charmeleon_2
0x083A088C	rom	0x64	DexDescription_Charizard_1
0x083A08F0	rom	0x65	DexDescription_Charizard_2
0x083A0955	rom	0x56	DexDescription_Squirtle_1
0x083A09AB	rom	0x68	DexDescription_Squirtle_2
0x083A0A13	rom	0x77	DexDescription_Wartortle_1
0x083A0A8A	rom	0x52	DexDescription_Wartortle_2
0x083A0ADC	rom	0x5D	DexDescription_Blastoise_1
0x083A0B39	rom	0x6C	DexDescription_Blastoise_2
0x083A0BA5	rom	0x65	DexDescription_Caterpie_1
0x083A0C0A	rom	0x44	DexDescription_Caterpie_2
0x083A0C4E	rom	0x64	DexDescription_Metapod_1
0x083A0CB2	rom	0x5D	DexDescription_Metapod_2
0x083A0D0F	rom	0x4E	DexDescription_Butterfree_1
0x083A0D5D	rom	0x6E	DexDescription_Butterfree_2
0x083A0DCB	rom	0x52	DexDescription_Weedle_1
0x083A0E1D	rom	0x64	DexDescription_Weedle_2
0x083A0E81	rom	0x6D	DexDescription_Kakuna_1
0x083A0EEE	rom	0x60	DexDescription_Kakuna_2
0x083A0F4E	rom	0x68	DexDescription_Beedrill_1
0x083A0FB6	rom	0x31	DexDescription_Beedrill_2
0x083A0FE7	rom	0x58	DexDescription_Pidgey_1
0x083A103F	rom	0x50	DexDescription_Pidgey_2
0x083A108F	rom	0x6C	DexDescription_Pidgeotto_1
0x083A10FB	rom	0x66	DexDescription_Pidgeotto_2
0x083A1161	rom	0x68	DexDescription_Pidgeot_1
0x083A11C9	rom	0x61	DexDescription_Pidgeot_2
0x083A122A	rom	0x6E	DexDescription_Rattata_1
0x083A1298	rom	0x47	DexDescription_Rattata_2
0x083A12DF	rom	0x5D	DexDescription_Raticate_1
0x083A133C	rom	0x29	DexDescription_Raticate_2
0x083A1365	rom	0x67	DexDescription_Spearow_1
0x083A13CC	rom	0x4D	DexDescription_Spearow_2
0x083A1419	rom	0x5B	DexDescription_Fearow_1
0x083A1474	rom	0x58	DexDescription_Fearow_2
0x083A14CC	rom	0x56	DexDescription_Ekans_1
0x083A1522	rom	0x54	DexDescription_Ekans_2
0x083A1576	rom	0x75	DexDescription_Arbok_1
0x083A15EB	rom	0x58	DexDescription_Arbok_2
0x083A1643	rom	0x73	DexDescription_Pikachu_1
0x083A16B6	rom	0x64	DexDescription_Pikachu_2
0x083A171A	rom	0x75	DexDescription_Raichu_1
0x083A178F	rom	0x44	DexDescription_Raichu_2
0x083A17D3	rom	0x70	DexDescription_Sandshrew_1
0x083A1843	rom	0x34	DexDescription_Sandshrew_2
0x083A1877	rom	0x78	DexDescription_Sandslash_1
0x083A18EF	rom	0x74	DexDescription_Sandslash_2
0x083A1963	rom	0x6C	DexDescription_NidoranF_1
0x083A19CF	rom	0x50	DexDescription_NidoranF_2
0x083A1A1F	rom	0x71	DexDescription_Nidorina_1
0x083A1A90	rom	0x45	DexDescription_Nidorina_2
0x083A1AD5	rom	0x6D	DexDescription_Nidoqueen_1
0x083A1B42	rom	0x41	DexDescription_Nidoqueen_2
0x083A1B83	rom	0x6C	DexDescription_NidoranM_1
0x083A1BEF	rom	0x4F	DexDescription_NidoranM_2
0x083A1C3E	rom	0x6E	DexDescription_Nidorino_1
0x083A1CAC	rom	0x42	DexDescription_Nidorino_2
0x083A1CEE	rom	0x74	DexDescription_Nidoking_1
0x083A1D62	rom	0x3E	DexDescription_Nidoking_2
0x083A1DA0	rom	0x6E	DexDescription_Clefairy_1
0x083A1E0E	rom	0x57	DexDescription_Clefairy_2
0x083A1E65	rom	0x75	DexDescription_Clefable_1
0x083A1EDA	rom	0x3F	DexDescription_Clefable_2
0x083A1F19	rom	0x6D	DexDescription_Vulpix_1
0x083A1F86	rom	0x51	DexDescription_Vulpix_2
0x083A1FD7	rom	0x69	DexDescription_Ninetales_1
0x083A2040	rom	0x45	DexDescription_Ninetales_2
0x083A2085	rom	0x6C	DexDescription_Jigglypuff_1
0x083A20F1	rom	0x45	DexDescription_Jigglypuff_2
0x083A2136	rom	0x6F	DexDescription_Wigglytuff_1
0x083A21A5	rom	0x40	DexDescription_Wigglytuff_2
0x083A21E5	rom	0x6F	DexDescription_Zubat_1
0x083A2254	rom	0x43	DexDescription_Zubat_2
0x083A2297	rom	0x6C	DexDescription_Golbat_1
0x083A2303	rom	0x3D	DexDescription_Golbat_2
0x083A2340	rom	0x6F	DexDescription_Oddish_1
0x083A23AF	rom	0x5A	DexDescription_Oddish_2
0x083A2409	rom	0x6A	DexDescription_Gloom_1
0x083A2473	rom	0x45	DexDescription_Gloom_2
0x083A24B8	rom	0x70	DexDescription_Vileplume_1
0x083A2528	rom	0x46	DexDescription_Vileplume_2
0x083A256E	rom	0x73	DexDescription_Paras_1
0x083A25E1	rom	0x51	DexDescription_Paras_2
0x083A2632	rom	0x65	DexDescription_Parasect_1
0x083A2697	rom	0x45	DexDescription_Parasect_2
0x083A26DC	rom	0x6C	DexDescription_Venonat_1
0x083A2748	rom	0x45	DexDescription_Venonat_2
0x083A278D	rom	0x6F	DexDescription_Venomoth_1
0x083A27FC	rom	0x49	DexDescription_Venomoth_2
0x083A2845	rom	0x69	DexDescription_Diglett_1
0x083A28AE	rom	0x5F	DexDescription_Diglett_2
0x083A290D	rom	0x6C	DexDescription_Dugtrio_1
0x083A2979	rom	0x41	DexDescription_Dugtrio_2
0x083A29BA	rom	0x73	DexDescription_Meowth_1
0x083A2A2D	rom	0x49	DexDescription_Meowth_2
0x083A2A76	rom	0x75	DexDescription_Persian_1
0x083A2AEB	rom	0x58	DexDescription_Persian_2
0x083A2B43	rom	0x6D	DexDescription_Psyduck_1
0x083A2BB0	rom	0x52	DexDescription_Psyduck_2
0x083A2C02	rom	0x66	DexDescription_Golduck_1
0x083A2C68	rom	0x49	DexDescription_Golduck_2
0x083A2CB1	rom	0x6C	DexDescription_Mankey_1
0x083A2D1D	rom	0x6F	DexDescription_Mankey_2
0x083A2D8C	rom	0x6E	DexDescription_Primeape_1
0x083A2DFA	rom	0x41	DexDescription_Primeape_2
0x083A2E3B	rom	0x75	DexDescription_Growlithe_1
0x083A2EB0	rom	0x57	DexDescription_Growlithe_2
0x083A2F07	rom	0x76	DexDescription_Arcanine_1
0x083A2F7D	rom	0x4F	DexDescription_Arcanine_2
0x083A2FCC	rom	0x69	DexDescription_Poliwag_1
0x083A3035	rom	0x65	DexDescription_Poliwag_2
0x083A309A	rom	0x74	DexDescription_Poliwhirl_1
0x083A310E	rom	0x42	DexDescription_Poliwhirl_2
0x083A3150	rom	0x5D	DexDescription_Poliwrath_1
0x083A31AD	rom	0x6A	DexDescription_Poliwrath_2
0x083A3217	rom	0x77	DexDescription_Abra_1
0x083A328E	rom	0x4B	DexDescription_Abra_2
0x083A32D9	rom	0x65	DexDescription_Kadabra_1
0x083A333E	rom	0x69	DexDescription_Kadabra_2
0x083A33A7	rom	0x6E	DexDescription_Alakazam_1
0x083A3415	rom	0x69	DexDescription_Alakazam_2
0x083A347E	rom	0x69	DexDescription_Machop_1
0x083A34E7	rom	0x3A	DexDescription_Machop_2
0x083A3521	rom	0x6A	DexDescription_Machoke_1
0x083A358B	rom	0x57	DexDescription_Machoke_2
0x083A35E2	rom	0x78	DexDescription_Machamp_1
0x083A365A	rom	0x52	DexDescription_Machamp_2
0x083A36AC	rom	0x69	DexDescription_Bellsprout_1
0x083A3715	rom	0x4B	DexDescription_Bellsprout_2
0x083A3760	rom	0x70	DexDescription_Weepinbell_1
0x083A37D0	rom	0x4E	DexDescription_Weepinbell_2
0x083A381E	rom	0x6A	DexDescription_Victreebel_1
0x083A3888	rom	0x61	DexDescription_Victreebel_2
0x083A38E9	rom	0x67	DexDescription_Tentacool_1
0x083A3950	rom	0x36	DexDescription_Tentacool_2
0x083A3986	rom	0x75	DexDescription_Tentacruel_1
0x083A39FB	rom	0x5F	DexDescription_Tentacruel_2
0x083A3A5A	rom	0x6D	DexDescription_Geodude_1
0x083A3AC7	rom	0x52	DexDescription_Geodude_2
0x083A3B19	rom	0x70	DexDescription_Graveler_1
0x083A3B89	rom	0x5B	DexDescription_Graveler_2
0x083A3BE4	rom	0x70	DexDescription_Golem_1
0x083A3C54	rom	0x6D	DexDescription_Golem_2
0x083A3CC1	rom	0x57	DexDescription_Ponyta_1
0x083A3D18	rom	0x32	DexDescription_Ponyta_2
0x083A3D4A	rom	0x6B	DexDescription_Rapidash_1
0x083A3DB5	rom	0x4E	DexDescription_Rapidash_2
0x083A3E03	rom	0x54	DexDescription_Slowpoke_1
0x083A3E57	rom	0x6F	DexDescription_Slowpoke_2
0x083A3EC6	rom	0x74	DexDescription_Slowbro_1
0x083A3F3A	rom	0x3F	DexDescription_Slowbro_2
0x083A3F79	rom	0x76	DexDescription_Magnemite_1
0x083A3FEF	rom	0x58	DexDescription_Magnemite_2
0x083A4047	rom	0x6C	DexDescription_Magneton_1
0x083A40B3	rom	0x56	DexDescription_Magneton_2
0x083A4109	rom	0x74	DexDescription_Farfetchd_1
0x083A417D	rom	0x3E	DexDescription_Farfetchd_2
0x083A41BB	rom	0x5B	DexDescription_Doduo_1
0x083A4216	rom	0x5C	DexDescription_Doduo_2
0x083A4272	rom	0x52	DexDescription_Dodrio_1
0x083A42C4	rom	0x68	DexDescription_Dodrio_2
0x083A432C	rom	0x65	DexDescription_Seel_1
0x083A4391	rom	0x48	DexDescription_Seel_2
0x083A43D9	rom	0x54	DexDescription_Dewgong_1
0x083A442D	rom	0x48	DexDescription_Dewgong_2
0x083A4475	rom	0x66	DexDescription_Grimer_1
0x083A44DB	rom	0x4C	DexDescription_Grimer_2
0x083A4527	rom	0x67	DexDescription_Muk_1
0x083A458E	rom	0x4B	DexDescription_Muk_2
0x083A45D9	rom	0x69	DexDescription_Shellder_1
0x083A4642	rom	0x54	DexDescription_Shellder_2
0x083A4696	rom	0x71	DexDescription_Cloyster_1
0x083A4707	rom	0x41	DexDescription_Cloyster_2
0x083A4748	rom	0x75	DexDescription_Gastly_1
0x083A47BD	rom	0x58	DexDescription_Gastly_2
0x083A4815	rom	0x6B	DexDescription_Haunter_1
0x083A4880	rom	0x4C	DexDescription_Haunter_2
0x083A48CC	rom	0x6C	DexDescription_Gengar_1
0x083A4938	rom	0x48	DexDescription_Gengar_2
0x083A4980	rom	0x79	DexDescription_Onix_1
0x083A49F9	rom	0x47	DexDescription_Onix_2
0x083A4A40	rom	0x70	DexDescription_Drowzee_1
0x083A4AB0	rom	0x40	DexDescription_Drowzee_2
0x083A4AF0	rom	0x73	DexDescription_Hypno_1
0x083A4B63	rom	0x4D	DexDescription_Hypno_2
0x083A4BB0	rom	0x69	DexDescription_Krabby_1
0x083A4C19	rom	0x4E	DexDescription_Krabby_2
0x083A4C67	rom	0x68	DexDescription_Kingler_1
0x083A4CCF	rom	0x42	DexDescription_Kingler_2
0x083A4D11	rom	0x71	DexDescription_Voltorb_1
0x083A4D82	rom	0x3C	DexDescription_Voltorb_2
0x083A4DBE	rom	0x68	DexDescription_Electrode_1
0x083A4E26	rom	0x63	DexDescription_Electrode_2
0x083A4E89	rom	0x75	DexDescription_Exeggcute_1
0x083A4EFE	rom	0x4E	DexDescription_Exeggcute_2
0x083A4F4C	rom	0x6D	DexDescription_Exeggutor_1
0x083A4FB9	rom	0x50	DexDescription_Exeggutor_2
0x083A5009	rom	0x71	DexDescription_Cubone_1
0x083A507A	rom	0x4A	DexDescription_Cubone_2
0x083A50C4	rom	0x71	DexDescription_Marowak_1
0x083A5135	rom	0x42	DexDescription_Marowak_2
0x083A5177	rom	0x76	DexDescription_Hitmonlee_1
0x083A51ED	rom	0x51	DexDescription_Hitmonlee_2
0x083A523E	rom	0x67	DexDescription_Hitmonchan_1
0x083A52A5	rom	0x58	DexDescription_Hitmonchan_2
0x083A52FD	rom	0x73	DexDescription_Lickitung_1
0x083A5370	rom	0x47	DexDescription_Lickitung_2
0x083A53B7	rom	0x6C	DexDescription_Koffing_1
0x083A5423	rom	0x72	DexDescription_Koffing_2
0x083A5495	rom	0x5D	DexDescription_Weezing_1
0x083A54F2	rom	0x69	DexDescription_Weezing_2
0x083A555B	rom	0x74	DexDescription_Rhyhorn_1
0x083A55CF	rom	0x3E	DexDescription_Rhyhorn_2
0x083A560D	rom	0x58	DexDescription_Rhydon_1
0x083A5665	rom	0x71	DexDescription_Rhydon_2
0x083A56D6	rom	0x64	DexDescription_Chansey_1
0x083A573A	rom	0x4F	DexDescription_Chansey_2
0x083A5789	rom	0x75	DexDescription_Tangela_1
0x083A57FE	rom	0x44	DexDescription_Tangela_2
0x083A5842	rom	0x6B	DexDescription_Kangaskhan_1
0x083A58AD	rom	0x62	DexDescription_Kangaskhan_2
0x083A590F	rom	0x67	DexDescription_Horsea_1
0x083A5976	rom	0x3E	DexDescription_Horsea_2
0x083A59B4	rom	0x72	DexDescription_Seadra_1
0x083A5A26	rom	0x47	DexDescription_Seadra_2
0x083A5A6D	rom	0x62	DexDescription_Goldeen_1
0x083A5ACF	rom	0x60	DexDescription_Goldeen_2
0x083A5B2F	rom	0x73	DexDescription_Seaking_1
0x083A5BA2	rom	0x40	DexDescription_Seaking_2
0x083A5BE2	rom	0x73	DexDescription_Staryu_1
0x083A5C55	rom	0x5D	DexDescription_Staryu_2
0x083A5CB2	rom	0x62	DexDescription_Starmie_1
0x083A5D14	rom	0x45	DexDescription_Starmie_2
0x083A5D59	rom	0x67	DexDescription_Mrmime_1
0x083A5DC0	rom	0x50	DexDescription_Mrmime_2
0x083A5E10	rom	0x6E	DexDescription_Scyther_1
0x083A5E7E	rom	0x61	DexDescription_Scyther_2
0x083A5EDF	rom	0x75	DexDescription_Jynx_1
0x083A5F54	rom	0x66	DexDescription_Jynx_2
0x083A5FBA	rom	0x6B	DexDescription_Electabuzz_1
0x083A6025	rom	0x53	DexDescription_Electabuzz_2
0x083A6078	rom	0x64	DexDescription_Magmar_1
0x083A60DC	rom	0x5F	DexDescription_Magmar_2
0x083A613B	rom	0x5B	DexDescription_Pinsir_1
0x083A6196	rom	0x72	DexDescription_Pinsir_2
0x083A6208	rom	0x69	DexDescription_Tauros_1
0x083A6271	rom	0x4A	DexDescription_Tauros_2
0x083A62BB	rom	0x70	DexDescription_Magikarp_1
0x083A632B	rom	0x71	DexDescription_Magikarp_2
0x083A639C	rom	0x71	DexDescription_Gyarados_1
0x083A640D	rom	0x44	DexDescription_Gyarados_2
0x083A6451	rom	0x77	DexDescription_Lapras_1
0x083A64C8	rom	0x36	DexDescription_Lapras_2
0x083A64FE	rom	0x74	DexDescription_Ditto_1
0x083A6572	rom	0x54	DexDescription_Ditto_2
0x083A65C6	rom	0x65	DexDescription_Eevee_1
0x083A662B	rom	0x3D	DexDescription_Eevee_2
0x083A6668	rom	0x64	DexDescription_Vaporeon_1
0x083A66CC	rom	0x36	DexDescription_Vaporeon_2
0x083A6702	rom	0x73	DexDescription_Jolteon_1
0x083A6775	rom	0x66	DexDescription_Jolteon_2
0x083A67DB	rom	0x6C	DexDescription_Flareon_1
0x083A6847	rom	0x5B	DexDescription_Flareon_2
0x083A68A2	rom	0x5E	DexDescription_Porygon_1
0x083A6900	rom	0x46	DexDescription_Porygon_2
0x083A6946	rom	0x71	DexDescription_Omanyte_1
0x083A69B7	rom	0x44	DexDescription_Omanyte_2
0x083A69FB	rom	0x77	DexDescription_Omastar_1
0x083A6A72	rom	0x43	DexDescription_Omastar_2
0x083A6AB5	rom	0x6F	DexDescription_Kabuto_1
0x083A6B24	rom	0x50	DexDescription_Kabuto_2
0x083A6B74	rom	0x64	DexDescription_Kabutops_1
0x083A6BD8	rom	0x6D	DexDescription_Kabutops_2
0x083A6C45	rom	0x72	DexDescription_Aerodactyl_1
0x083A6CB7	rom	0x44	DexDescription_Aerodactyl_2
0x083A6CFB	rom	0x70	DexDescription_Snorlax_1
0x083A6D6B	rom	0x3D	DexDescription_Snorlax_2
0x083A6DA8	rom	0x65	DexDescription_Articuno_1
0x083A6E0D	rom	0x46	DexDescription_Articuno_2
0x083A6E53	rom	0x73	DexDescription_Zapdos_1
0x083A6EC6	rom	0x3E	DexDescription_Zapdos_2
0x083A6F04	rom	0x74	DexDescription_Moltres_1
0x083A6F78	rom	0x47	DexDescription_Moltres_2
0x083A6FBF	rom	0x5B	DexDescription_Dratini_1
0x083A701A	rom	0x40	DexDescription_Dratini_2
0x083A705A	rom	0x66	DexDescription_Dragonair_1
0x083A70C0	rom	0x4E	DexDescription_Dragonair_2
0x083A710E	rom	0x69	DexDescription_Dragonite_1
0x083A7177	rom	0x3C	DexDescription_Dragonite_2
0x083A71B3	rom	0x62	DexDescription_Mewtwo_1
0x083A7215	rom	0x65	DexDescription_Mewtwo_2
0x083A727A	rom	0x68	DexDescription_Mew_1
0x083A72E2	rom	0x44	DexDescription_Mew_2
0x083A7326	rom	0x69	DexDescription_Chikorita_1
0x083A738F	rom	0x63	DexDescription_Chikorita_2
0x083A73F2	rom	0x63	DexDescription_Bayleef_1
0x083A7455	rom	0x30	DexDescription_Bayleef_2
0x083A7485	rom	0x66	DexDescription_Meganium_1
0x083A74EB	rom	0x3B	DexDescription_Meganium_2
0x083A7526	rom	0x67	DexDescription_Cyndaquil_1
0x083A758D	rom	0x5C	DexDescription_Cyndaquil_2
0x083A75E9	rom	0x5D	DexDescription_Quilava_1
0x083A7646	rom	0x6B	DexDescription_Quilava_2
0x083A76B1	rom	0x69	DexDescription_Typhlosion_1
0x083A771A	rom	0x4F	DexDescription_Typhlosion_2
0x083A7769	rom	0x6D	DexDescription_Totodile_1
0x083A77D6	rom	0x46	DexDescription_Totodile_2
0x083A781C	rom	0x70	DexDescription_Croconaw_1
0x083A788C	rom	0x5D	DexDescription_Croconaw_2
0x083A78E9	rom	0x63	DexDescription_Feraligatr_1
0x083A794C	rom	0x53	DexDescription_Feraligatr_2
0x083A799F	rom	0x75	DexDescription_Sentret_1
0x083A7A14	rom	0x5E	DexDescription_Sentret_2
0x083A7A72	rom	0x6B	DexDescription_Furret_1
0x083A7ADD	rom	0x44	DexDescription_Furret_2
0x083A7B21	rom	0x73	DexDescription_Hoothoot_1
0x083A7B94	rom	0x35	DexDescription_Hoothoot_2
0x083A7BC9	rom	0x6C	DexDescription_Noctowl_1
0x083A7C35	rom	0x60	DexDescription_Noctowl_2
0x083A7C95	rom	0x77	DexDescription_Ledyba_1
0x083A7D0C	rom	0x4B	DexDescription_Ledyba_2
0x083A7D57	rom	0x6F	DexDescription_Ledian_1
0x083A7DC6	rom	0x59	DexDescription_Ledian_2
0x083A7E1F	rom	0x67	DexDescription_Spinarak_1
0x083A7E86	rom	0x70	DexDescription_Spinarak_2
0x083A7EF6	rom	0x6B	DexDescription_Ariados_1
0x083A7F61	rom	0x43	DexDescription_Ariados_2
0x083A7FA4	rom	0x6F	DexDescription_Crobat_1
0x083A8013	rom	0x34	DexDescription_Crobat_2
0x083A8047	rom	0x74	DexDescription_Chinchou_1
0x083A80BB	rom	0x38	DexDescription_Chinchou_2
0x083A80F3	rom	0x6F	DexDescription_Lanturn_1
0x083A8162	rom	0x6F	DexDescription_Lanturn_2
0x083A81D1	rom	0x6C	DexDescription_Pichu_1
0x083A823D	rom	0x50	DexDescription_Pichu_2
0x083A828D	rom	0x70	DexDescription_Cleffa_1
0x083A82FD	rom	0x57	DexDescription_Cleffa_2
0x083A8354	rom	0x72	DexDescription_Igglybuff_1
0x083A83C6	rom	0x3B	DexDescription_Igglybuff_2
0x083A8401	rom	0x6A	DexDescription_Togepi_1
0x083A846B	rom	0x5D	DexDescription_Togepi_2
0x083A84C8	rom	0x6F	DexDescription_Togetic_1
0x083A8537	rom	0x3F	DexDescription_Togetic_2
0x083A8576	rom	0x71	DexDescription_Natu_1
0x083A85E7	rom	0x32	DexDescription_Natu_2
0x083A8619	rom	0x6D	DexDescription_Xatu_1
0x083A8686	rom	0x5C	DexDescription_Xatu_2
0x083A86E2	rom	0x6F	DexDescription_Mareep_1
0x083A8751	rom	0x3E	DexDescription_Mareep_2
0x083A878F	rom	0x78	DexDescription_Flaaffy_1
0x083A8807	rom	0x47	DexDescription_Flaaffy_2
0x083A884E	rom	0x6F	DexDescription_Ampharos_1
0x083A88BD	rom	0x42	DexDescription_Ampharos_2
0x083A88FF	rom	0x6C	DexDescription_Bellossom_1
0x083A896B	rom	0x3C	DexDescription_Bellossom_2
0x083A89A7	rom	0x6E	DexDescription_Marill_1
0x083A8A15	rom	0x3B	DexDescription_Marill_2
0x083A8A50	rom	0x64	DexDescription_Azumarill_1
0x083A8AB4	rom	0x3B	DexDescription_Azumarill_2
0x083A8AEF	rom	0x70	DexDescription_Sudowoodo_1
0x083A8B5F	rom	0x59	DexDescription_Sudowoodo_2
0x083A8BB8	rom	0x74	DexDescription_Politoed_1
0x083A8C2C	rom	0x3A	DexDescription_Politoed_2
0x083A8C66	rom	0x71	DexDescription_Hoppip_1
0x083A8CD7	rom	0x37	DexDescription_Hoppip_2
0x083A8D0E	rom	0x6F	DexDescription_Skiploom_1
0x083A8D7D	rom	0x53	DexDescription_Skiploom_2
0x083A8DD0	rom	0x71	DexDescription_Jumpluff_1
0x083A8E41	rom	0x32	DexDescription_Jumpluff_2
0x083A8E73	rom	0x4D	DexDescription_Aipom_1
0x083A8EC0	rom	0x5E	DexDescription_Aipom_2
0x083A8F1E	rom	0x71	DexDescription_Sunkern_1
0x083A8F8F	rom	0x64	DexDescription_Sunkern_2
0x083A8FF3	rom	0x68	DexDescription_Sunflora_1
0x083A905B	rom	0x3C	DexDescription_Sunflora_2
0x083A9097	rom	0x6D	DexDescription_Yanma_1
0x083A9104	rom	0x72	DexDescription_Yanma_2
0x083A9176	rom	0x5F	DexDescription_Wooper_1
0x083A91D5	rom	0x35	DexDescription_Wooper_2
0x083A920A	rom	0x70	DexDescription_Quagsire_1
0x083A927A	rom	0x40	DexDescription_Quagsire_2
0x083A92BA	rom	0x6B	DexDescription_Espeon_1
0x083A9325	rom	0x3A	DexDescription_Espeon_2
0x083A935F	rom	0x65	DexDescription_Umbreon_1
0x083A93C4	rom	0x51	DexDescription_Umbreon_2
0x083A9415	rom	0x6B	DexDescription_Murkrow_1
0x083A9480	rom	0x50	DexDescription_Murkrow_2
0x083A94D0	rom	0x59	DexDescription_Slowking_1
0x083A9529	rom	0x6A	DexDescription_Slowking_2
0x083A9593	rom	0x67	DexDescription_Misdreavus_1
0x083A95FA	rom	0x42	DexDescription_Misdreavus_2
0x083A963C	rom	0x71	DexDescription_Unown_1
0x083A96AD	rom	0x49	DexDescription_Unown_2
0x083A96F6	rom	0x6E	DexDescription_Wobbuffet_1
0x083A9764	rom	0x5E	DexDescription_Wobbuffet_2
0x083A97C2	rom	0x73	DexDescription_Girafarig_1
0x083A9835	rom	0x42	DexDescription_Girafarig_2
0x083A9877	rom	0x6E	DexDescription_Pineco_1
0x083A98E5	rom	0x5E	DexDescription_Pineco_2
0x083A9943	rom	0x73	DexDescription_Forretress_1
0x083A99B6	rom	0x4C	DexDescription_Forretress_2
0x083A9A02	rom	0x5B	DexDescription_Dunsparce_1
0x083A9A5D	rom	0x50	DexDescription_Dunsparce_2
0x083A9AAD	rom	0x6A	DexDescription_Gligar_1
0x083A9B17	rom	0x76	DexDescription_Gligar_2
0x083A9B8D	rom	0x69	DexDescription_Steelix_1
0x083A9BF6	rom	0x5D	DexDescription_Steelix_2
0x083A9C53	rom	0x66	DexDescription_Snubbull_1
0x083A9CB9	rom	0x42	DexDescription_Snubbull_2
0x083A9CFB	rom	0x70	DexDescription_Granbull_1
0x083A9D6B	rom	0x5C	DexDescription_Granbull_2
0x083A9DC7	rom	0x6D	DexDescription_Qwilfish_1
0x083A9E34	rom	0x59	DexDescription_Qwilfish_2
0x083A9E8D	rom	0x63	DexDescription_Scizor_1
0x083A9EF0	rom	0x3F	DexDescription_Scizor_2
0x083A9F2F	rom	0x68	DexDescription_Shuckle_1
0x083A9F97	rom	0x54	DexDescription_Shuckle_2
0x083A9FEB	rom	0x72	DexDescription_Heracross_1
0x083AA05D	rom	0x56	DexDescription_Heracross_2
0x083AA0B3	rom	0x62	DexDescription_Sneasel_1
0x083AA115	rom	0x3B	DexDescription_Sneasel_2
0x083AA150	rom	0x76	DexDescription_Teddiursa_1
0x083AA1C6	rom	0x32	DexDescription_Teddiursa_2
0x083AA1F8	rom	0x6B	DexDescription_Ursaring_1
0x083AA263	rom	0x4D	DexDescription_Ursaring_2
0x083AA2B0	rom	0x6E	DexDescription_Slugma_1
0x083AA31E	rom	0x3D	DexDescription_Slugma_2
0x083AA35B	rom	0x5E	DexDescription_Magcargo_1
0x083AA3B9	rom	0x72	DexDescription_Magcargo_2
0x083AA42B	rom	0x70	DexDescription_Swinub_1
0x083AA49B	rom	0x4A	DexDescription_Swinub_2
0x083AA4E5	rom	0x5F	DexDescription_Piloswine_1
0x083AA544	rom	0x4B	DexDescription_Piloswine_2
0x083AA58F	rom	0x69	DexDescription_Corsola_1
0x083AA5F8	rom	0x4E	DexDescription_Corsola_2
0x083AA646	rom	0x70	DexDescription_Remoraid_1
0x083AA6B6	rom	0x48	DexDescription_Remoraid_2
0x083AA6FE	rom	0x6C	DexDescription_Octillery_1
0x083AA76A	rom	0x56	DexDescription_Octillery_2
0x083AA7C0	rom	0x71	DexDescription_Delibird_1
0x083AA831	rom	0x40	DexDescription_Delibird_2
0x083AA871	rom	0x56	DexDescription_Mantine_1
0x083AA8C7	rom	0x41	DexDescription_Mantine_2
0x083AA908	rom	0x71	DexDescription_Skarmory_1
0x083AA979	rom	0x46	DexDescription_Skarmory_2
0x083AA9BF	rom	0x75	DexDescription_Houndour_1
0x083AAA34	rom	0x34	DexDescription_Houndour_2
0x083AAA68	rom	0x64	DexDescription_Houndoom_1
0x083AAACC	rom	0x42	DexDescription_Houndoom_2
0x083AAB0E	rom	0x6A	DexDescription_Kingdra_1
0x083AAB78	rom	0x33	DexDescription_Kingdra_2
0x083AABAB	rom	0x74	DexDescription_Phanpy_1
0x083AAC1F	rom	0x50	DexDescription_Phanpy_2
0x083AAC6F	rom	0x6F	DexDescription_Donphan_1
0x083AACDE	rom	0x44	DexDescription_Donphan_2
0x083AAD22	rom	0x66	DexDescription_Porygon2_1
0x083AAD88	rom	0x57	DexDescription_Porygon2_2
0x083AADDF	rom	0x70	DexDescription_Stantler_1
0x083AAE4F	rom	0x43	DexDescription_Stantler_2
0x083AAE92	rom	0x6B	DexDescription_Smeargle_1
0x083AAEFD	rom	0x41	DexDescription_Smeargle_2
0x083AAF3E	rom	0x6B	DexDescription_Tyrogue_1
0x083AAFA9	rom	0x34	DexDescription_Tyrogue_2
0x083AAFDD	rom	0x71	DexDescription_Hitmontop_1
0x083AB04E	rom	0x65	DexDescription_Hitmontop_2
0x083AB0B3	rom	0x5F	DexDescription_Smoochum_1
0x083AB112	rom	0x43	DexDescription_Smoochum_2
0x083AB155	rom	0x75	DexDescription_Elekid_1
0x083AB1CA	rom	0x45	DexDescription_Elekid_2
0x083AB20F	rom	0x6B	DexDescription_Magby_1
0x083AB27A	rom	0x70	DexDescription_Magby_2
0x083AB2EA	rom	0x75	DexDescription_Miltank_1
0x083AB35F	rom	0x44	DexDescription_Miltank_2
0x083AB3A3	rom	0x72	DexDescription_Blissey_1
0x083AB415	rom	0x57	DexDescription_Blissey_2
0x083AB46C	rom	0x72	DexDescription_Raikou_1
0x083AB4DE	rom	0x3F	DexDescription_Raikou_2
0x083AB51D	rom	0x6D	DexDescription_Entei_1
0x083AB58A	rom	0x4D	DexDescription_Entei_2
0x083AB5D7	rom	0x66	DexDescription_Suicune_1
0x083AB63D	rom	0x32	DexDescription_Suicune_2
0x083AB66F	rom	0x79	DexDescription_Larvitar_1
0x083AB6E8	rom	0x39	DexDescription_Larvitar_2
0x083AB721	rom	0x6C	DexDescription_Pupitar_1
0x083AB78D	rom	0x49	DexDescription_Pupitar_2
0x083AB7D6	rom	0x5E	DexDescription_Tyranitar_1
0x083AB834	rom	0x48	DexDescription_Tyranitar_2
0x083AB87C	rom	0x66	DexDescription_Lugia_1
0x083AB8E2	rom	0x4B	DexDescription_Lugia_2
0x083AB92D	rom	0x60	DexDescription_HoOh_1
0x083AB98D	rom	0x72	DexDescription_HoOh_2
0x083AB9FF	rom	0x5E	DexDescription_Celebi_1
0x083ABA5D	rom	0x30	DexDescription_Celebi_2
0x083ABA8D	rom	0x72	DexDescription_Treecko_1
0x083ABAFF	rom	0x48	DexDescription_Treecko_2
0x083ABB47	rom	0x61	DexDescription_Grovyle_1
0x083ABBA8	rom	0x35	DexDescription_Grovyle_2
0x083ABBDD	rom	0x6B	DexDescription_Sceptile_1
0x083ABC48	rom	0x3C	DexDescription_Sceptile_2
0x083ABC84	rom	0x6E	DexDescription_Torchic_1
0x083ABCF2	rom	0x3B	DexDescription_Torchic_2
0x083ABD2D	rom	0x71	DexDescription_Combusken_1
0x083ABD9E	rom	0x31	DexDescription_Combusken_2
0x083ABDCF	rom	0x5B	DexDescription_Blaziken_1
0x083ABE2A	rom	0x46	DexDescription_Blaziken_2
0x083ABE70	rom	0x62	DexDescription_Mudkip_1
0x083ABED2	rom	0x5D	DexDescription_Mudkip_2
0x083ABF2F	rom	0x6E	DexDescription_Marshtomp_1
0x083ABF9D	rom	0x4A	DexDescription_Marshtomp_2
0x083ABFE7	rom	0x6D	DexDescription_Swampert_1
0x083AC054	rom	0x43	DexDescription_Swampert_2
0x083AC097	rom	0x71	DexDescription_Poochyena_1
0x083AC108	rom	0x60	DexDescription_Poochyena_2
0x083AC168	rom	0x74	DexDescription_Mightyena_1
0x083AC1DC	rom	0x3D	DexDescription_Mightyena_2
0x083AC219	rom	0x6C	DexDescription_Zigzagoon_1
0x083AC285	rom	0x3D	DexDescription_Zigzagoon_2
0x083AC2C2	rom	0x70	DexDescription_Linoone_1
0x083AC332	rom	0x48	DexDescription_Linoone_2
0x083AC37A	rom	0x72	DexDescription_Wurmple_1
0x083AC3EC	rom	0x4E	DexDescription_Wurmple_2
0x083AC43A	rom	0x6F	DexDescription_Silcoon_1
0x083AC4A9	rom	0x55	DexDescription_Silcoon_2
0x083AC4FE	rom	0x6E	DexDescription_Beautifly_1
0x083AC56C	rom	0x49	DexDescription_Beautifly_2
0x083AC5B5	rom	0x6D	DexDescription_Cascoon_1
0x083AC622	rom	0x64	DexDescription_Cascoon_2
0x083AC686	rom	0x72	DexDescription_Dustox_1
0x083AC6F8	rom	0x5D	DexDescription_Dustox_2
0x083AC755	rom	0x69	DexDescription_Lotad_1
0x083AC7BE	rom	0x5C	DexDescription_Lotad_2
0x083AC81A	rom	0x6E	DexDescription_Lombre_1
0x083AC888	rom	0x3D	DexDescription_Lombre_2
0x083AC8C5	rom	0x6B	DexDescription_Ludicolo_1
0x083AC930	rom	0x46	DexDescription_Ludicolo_2
0x083AC976	rom	0x71	DexDescription_Seedot_1
0x083AC9E7	rom	0x40	DexDescription_Seedot_2
0x083ACA27	rom	0x6C	DexDescription_Nuzleaf_1
0x083ACA93	rom	0x3F	DexDescription_Nuzleaf_2
0x083ACAD2	rom	0x71	DexDescription_Shiftry_1
0x083ACB43	rom	0x4B	DexDescription_Shiftry_2
0x083ACB8E	rom	0x72	DexDescription_Taillow_1
0x083ACC00	rom	0x34	DexDescription_Taillow_2
0x083ACC34	rom	0x68	DexDescription_Swellow_1
0x083ACC9C	rom	0x35	DexDescription_Swellow_2
0x083ACCD1	rom	0x5C	DexDescription_Wingull_1
0x083ACD2D	rom	0x36	DexDescription_Wingull_2
0x083ACD63	rom	0x6E	DexDescription_Pelipper_1
0x083ACDD1	rom	0x40	DexDescription_Pelipper_2
0x083ACE11	rom	0x5D	DexDescription_Ralts_1
0x083ACE6E	rom	0x38	DexDescription_Ralts_2
0x083ACEA6	rom	0x67	DexDescription_Kirlia_1
0x083ACF0D	rom	0x4E	DexDescription_Kirlia_2
0x083ACF5B	rom	0x5F	DexDescription_Gardevoir_1
0x083ACFBA	rom	0x4F	DexDescription_Gardevoir_2
0x083AD009	rom	0x56	DexDescription_Surskit_1
0x083AD05F	rom	0x34	DexDescription_Surskit_2
0x083AD093	rom	0x6D	DexDescription_Masquerain_1
0x083AD100	rom	0x49	DexDescription_Masquerain_2
0x083AD149	rom	0x5D	DexDescription_Shroomish_1
0x083AD1A6	rom	0x44	DexDescription_Shroomish_2
0x083AD1EA	rom	0x65	DexDescription_Breloom_1
0x083AD24F	rom	0x4D	DexDescription_Breloom_2
0x083AD29C	rom	0x65	DexDescription_Slakoth_1
0x083AD301	rom	0x2A	DexDescription_Slakoth_2
0x083AD32B	rom	0x6B	DexDescription_Vigoroth_1
0x083AD396	rom	0x5F	DexDescription_Vigoroth_2
0x083AD3F5	rom	0x6E	DexDescription_Slaking_1
0x083AD463	rom	0x47	DexDescription_Slaking_2
0x083AD4AA	rom	0x72	DexDescription_Nincada_1
0x083AD51C	rom	0x3B	DexDescription_Nincada_2
0x083AD557	rom	0x64	DexDescription_Ninjask_1
0x083AD5BB	rom	0x67	DexDescription_Ninjask_2
0x083AD622	rom	0x64	DexDescription_Shedinja_1
0x083AD686	rom	0x45	DexDescription_Shedinja_2
0x083AD6CB	rom	0x70	DexDescription_Whismur_1
0x083AD73B	rom	0x48	DexDescription_Whismur_2
0x083AD783	rom	0x6E	DexDescription_Loudred_1
0x083AD7F1	rom	0x3D	DexDescription_Loudred_2
0x083AD82E	rom	0x6C	DexDescription_Exploud_1
0x083AD89A	rom	0x39	DexDescription_Exploud_2
0x083AD8D3	rom	0x71	DexDescription_Makuhita_1
0x083AD944	rom	0x55	DexDescription_Makuhita_2
0x083AD999	rom	0x70	DexDescription_Hariyama_1
0x083ADA09	rom	0x3E	DexDescription_Hariyama_2
0x083ADA47	rom	0x63	DexDescription_Azurill_1
0x083ADAAA	rom	0x43	DexDescription_Azurill_2
0x083ADAED	rom	0x5C	DexDescription_Nosepass_1
0x083ADB49	rom	0x74	DexDescription_Nosepass_2
0x083ADBBD	rom	0x74	DexDescription_Skitty_1
0x083ADC31	rom	0x47	DexDescription_Skitty_2
0x083ADC78	rom	0x67	DexDescription_Delcatty_1
0x083ADCDF	rom	0x4F	DexDescription_Delcatty_2
0x083ADD2E	rom	0x67	DexDescription_Sableye_1
0x083ADD95	rom	0x37	DexDescription_Sableye_2
0x083ADDCC	rom	0x70	DexDescription_Mawile_1
0x083ADE3C	rom	0x6B	DexDescription_Mawile_2
0x083ADEA7	rom	0x66	DexDescription_Aron_1
0x083ADF0D	rom	0x44	DexDescription_Aron_2
0x083ADF51	rom	0x6C	DexDescription_Lairon_1
0x083ADFBD	rom	0x48	DexDescription_Lairon_2
0x083AE005	rom	0x70	DexDescription_Aggron_1
0x083AE075	rom	0x5F	DexDescription_Aggron_2
0x083AE0D4	rom	0x5D	DexDescription_Meditite_1
0x083AE131	rom	0x3D	DexDescription_Meditite_2
0x083AE16E	rom	0x62	DexDescription_Medicham_1
0x083AE1D0	rom	0x5A	DexDescription_Medicham_2
0x083AE22A	rom	0x6E	DexDescription_Electrike_1
0x083AE298	rom	0x2C	DexDescription_Electrike_2
0x083AE2C4	rom	0x6A	DexDescription_Manectric_1
0x083AE32E	rom	0x3F	DexDescription_Manectric_2
0x083AE36D	rom	0x60	DexDescription_Plusle_1
0x083AE3CD	rom	0x31	DexDescription_Plusle_2
0x083AE3FE	rom	0x67	DexDescription_Minun_1
0x083AE465	rom	0x53	DexDescription_Minun_2
0x083AE4B8	rom	0x77	DexDescription_Volbeat_1
0x083AE52F	rom	0x3A	DexDescription_Volbeat_2
0x083AE569	rom	0x74	DexDescription_Illumise_1
0x083AE5DD	rom	0x45	DexDescription_Illumise_2
0x083AE622	rom	0x5D	DexDescription_Roselia_1
0x083AE67F	rom	0x3C	DexDescription_Roselia_2
0x083AE6BB	rom	0x64	DexDescription_Gulpin_1
0x083AE71F	rom	0x48	DexDescription_Gulpin_2
0x083AE767	rom	0x6B	DexDescription_Swalot_1
0x083AE7D2	rom	0x41	DexDescription_Swalot_2
0x083AE813	rom	0x69	DexDescription_Carvanha_1
0x083AE87C	rom	0x38	DexDescription_Carvanha_2
0x083AE8B4	rom	0x55	DexDescription_Sharpedo_1
0x083AE909	rom	0x41	DexDescription_Sharpedo_2
0x083AE94A	rom	0x6B	DexDescription_Wailmer_1
0x083AE9B5	rom	0x5A	DexDescription_Wailmer_2
0x083AEA0F	rom	0x61	DexDescription_Wailord_1
0x083AEA70	rom	0x56	DexDescription_Wailord_2
0x083AEAC6	rom	0x6B	DexDescription_Numel_1
0x083AEB31	rom	0x51	DexDescription_Numel_2
0x083AEB82	rom	0x6A	DexDescription_Camerupt_1
0x083AEBEC	rom	0x40	DexDescription_Camerupt_2
0x083AEC2C	rom	0x51	DexDescription_Torkoal_1
0x083AEC7D	rom	0x3F	DexDescription_Torkoal_2
0x083AECBC	rom	0x6D	DexDescription_Spoink_1
0x083AED29	rom	0x39	DexDescription_Spoink_2
0x083AED62	rom	0x73	DexDescription_Grumpig_1
0x083AEDD5	rom	0x3A	DexDescription_Grumpig_2
0x083AEE0F	rom	0x6E	DexDescription_Spinda_1
0x083AEE7D	rom	0x66	DexDescription_Spinda_2
0x083AEEE3	rom	0x73	DexDescription_Trapinch_1
0x083AEF56	rom	0x3E	DexDescription_Trapinch_2
0x083AEF94	rom	0x62	DexDescription_Vibrava_1
0x083AEFF6	rom	0x43	DexDescription_Vibrava_2
0x083AF039	rom	0x6F	DexDescription_Flygon_1
0x083AF0A8	rom	0x78	DexDescription_Flygon_2
0x083AF120	rom	0x5D	DexDescription_Cacnea_1
0x083AF17D	rom	0x39	DexDescription_Cacnea_2
0x083AF1B6	rom	0x67	DexDescription_Cacturne_1
0x083AF21D	rom	0x64	DexDescription_Cacturne_2
0x083AF281	rom	0x73	DexDescription_Swablu_1
0x083AF2F4	rom	0x4B	DexDescription_Swablu_2
0x083AF33F	rom	0x6E	DexDescription_Altaria_1
0x083AF3AD	rom	0x3A	DexDescription_Altaria_2
0x083AF3E7	rom	0x6A	DexDescription_Zangoose_1
0x083AF451	rom	0x54	DexDescription_Zangoose_2
0x083AF4A5	rom	0x65	DexDescription_Seviper_1
0x083AF50A	rom	0x4A	DexDescription_Seviper_2
0x083AF554	rom	0x6E	DexDescription_Lunatone_1
0x083AF5C2	rom	0x5F	DexDescription_Lunatone_2
0x083AF621	rom	0x6D	DexDescription_Solrock_1
0x083AF68E	rom	0x3D	DexDescription_Solrock_2
0x083AF6CB	rom	0x6C	DexDescription_Barboach_1
0x083AF737	rom	0x3D	DexDescription_Barboach_2
0x083AF774	rom	0x67	DexDescription_Whiscash_1
0x083AF7DB	rom	0x3A	DexDescription_Whiscash_2
0x083AF815	rom	0x76	DexDescription_Corphish_1
0x083AF88B	rom	0x34	DexDescription_Corphish_2
0x083AF8BF	rom	0x66	DexDescription_Crawdaunt_1
0x083AF925	rom	0x63	DexDescription_Crawdaunt_2
0x083AF988	rom	0x6F	DexDescription_Baltoy_1
0x083AF9F7	rom	0x45	DexDescription_Baltoy_2
0x083AFA3C	rom	0x70	DexDescription_Claydol_1
0x083AFAAC	rom	0x2F	DexDescription_Claydol_2
0x083AFADB	rom	0x6C	DexDescription_Lileep_1
0x083AFB47	rom	0x51	DexDescription_Lileep_2
0x083AFB98	rom	0x58	DexDescription_Cradily_1
0x083AFBF0	rom	0x43	DexDescription_Cradily_2
0x083AFC33	rom	0x61	DexDescription_Anorith_1
0x083AFC94	rom	0x49	DexDescription_Anorith_2
0x083AFCDD	rom	0x6E	DexDescription_Armaldo_1
0x083AFD4B	rom	0x47	DexDescription_Armaldo_2
0x083AFD92	rom	0x6D	DexDescription_Feebas_1
0x083AFDFF	rom	0x4B	DexDescription_Feebas_2
0x083AFE4A	rom	0x76	DexDescription_Milotic_1
0x083AFEC0	rom	0x36	DexDescription_Milotic_2
0x083AFEF6	rom	0x73	DexDescription_Castform_1
0x083AFF69	rom	0x31	DexDescription_Castform_2
0x083AFF9A	rom	0x75	DexDescription_Kecleon_1
0x083B000F	rom	0x60	DexDescription_Kecleon_2
0x083B006F	rom	0x64	DexDescription_Shuppet_1
0x083B00D3	rom	0x40	DexDescription_Shuppet_2
0x083B0113	rom	0x6F	DexDescription_Banette_1
0x083B0182	rom	0x45	DexDescription_Banette_2
0x083B01C7	rom	0x72	DexDescription_Duskull_1
0x083B0239	rom	0x60	DexDescription_Duskull_2
0x083B0299	rom	0x70	DexDescription_Dusclops_1
0x083B0309	rom	0x71	DexDescription_Dusclops_2
0x083B037A	rom	0x6B	DexDescription_Tropius_1
0x083B03E5	rom	0x4D	DexDescription_Tropius_2
0x083B0432	rom	0x73	DexDescription_Chimecho_1
0x083B04A5	rom	0x44	DexDescription_Chimecho_2
0x083B04E9	rom	0x68	DexDescription_Absol_1
0x083B0551	rom	0x48	DexDescription_Absol_2
0x083B0599	rom	0x72	DexDescription_Wynaut_1
0x083B060B	rom	0x3E	DexDescription_Wynaut_2
0x083B0649	rom	0x57	DexDescription_Snorunt_1
0x083B06A0	rom	0x41	DexDescription_Snorunt_2
0x083B06E1	rom	0x62	DexDescription_Glalie_1
0x083B0743	rom	0x57	DexDescription_Glalie_2
0x083B079A	rom	0x6B	DexDescription_Spheal_1
0x083B0805	rom	0x3F	DexDescription_Spheal_2
0x083B0844	rom	0x71	DexDescription_Sealeo_1
0x083B08B5	rom	0x50	DexDescription_Sealeo_2
0x083B0905	rom	0x62	DexDescription_Walrein_1
0x083B0967	rom	0x46	DexDescription_Walrein_2
0x083B09AD	rom	0x6F	DexDescription_Clamperl_1
0x083B0A1C	rom	0x4C	DexDescription_Clamperl_2
0x083B0A68	rom	0x75	DexDescription_Huntail_1
0x083B0ADD	rom	0x4C	DexDescription_Huntail_2
0x083B0B29	rom	0x78	DexDescription_Gorebyss_1
0x083B0BA1	rom	0x5C	DexDescription_Gorebyss_2
0x083B0BFD	rom	0x6D	DexDescription_Relicanth_1
0x083B0C6A	rom	0x6D	DexDescription_Relicanth_2
0x083B0CD7	rom	0x65	DexDescription_Luvdisc_1
0x083B0D3C	rom	0x3B	DexDescription_Luvdisc_2
0x083B0D77	rom	0x74	DexDescription_Bagon_1
0x083B0DEB	rom	0x6F	DexDescription_Bagon_2
0x083B0E5A	rom	0x6E	DexDescription_Shelgon_1
0x083B0EC8	rom	0x3E	DexDescription_Shelgon_2
0x083B0F06	rom	0x60	DexDescription_Salamence_1
0x083B0F66	rom	0x5F	DexDescription_Salamence_2
0x083B0FC5	rom	0x63	DexDescription_Beldum_1
0x083B1028	rom	0x54	DexDescription_Beldum_2
0x083B107C	rom	0x73	DexDescription_Metang_1
0x083B10EF	rom	0x45	DexDescription_Metang_2
0x083B1134	rom	0x6F	DexDescription_Metagross_1
0x083B11A3	rom	0x60	DexDescription_Metagross_2
0x083B1203	rom	0x6D	DexDescription_Regirock_1
0x083B1270	rom	0x2D	DexDescription_Regirock_2
0x083B129D	rom	0x67	DexDescription_Regice_1
0x083B1304	rom	0x5E	DexDescription_Regice_2
0x083B1362	rom	0x5D	DexDescription_Registeel_1
0x083B13BF	rom	0x35	DexDescription_Registeel_2
0x083B13F4	rom	0x6E	DexDescription_Latias_1
0x083B1462	rom	0x57	DexDescription_Latias_2
0x083B14B9	rom	0x71	DexDescription_Latios_1
0x083B152A	rom	0x3A	DexDescription_Latios_2
0x083B1564	rom	0x6D	DexDescription_Kyogre_1
0x083B15D1	rom	0x54	DexDescription_Kyogre_2
0x083B1625	rom	0x5B	DexDescription_Groudon_1
0x083B1680	rom	0x4B	DexDescription_Groudon_2
0x083B16CB	rom	0x6F	DexDescription_Rayquaza_1
0x083B173A	rom	0x4F	DexDescription_Rayquaza_2
0x083B1789	rom	0x5F	DexDescription_Jirachi_1
0x083B17E8	rom	0x35	DexDescription_Jirachi_2
0x083B181D	rom	0x6C	DexDescription_Deoxys_1
0x083B1889	rom	0x44	DexDescription_Deoxys_2
0x083B18D0	rom	0x366C	gPokedexEntries
0x083B4F3C	rom	0x20	sSizeScreenSilhouette_Pal
0x083B4F5C	rom	0x674	sMonFootprintTable
0x083B55D0	rom	0x4	sText_ClearTo0
0x083B55D4	rom	0x20	gUnknown_083B555C
0x083B55F4	rom	0x8	sOamData_MonOrTrainerPic
0x083B55FC	rom	0x10	sMonOrTrainerPicDecompressDestPtrs
0x083B560C	rom	0x80	sSpriteFrameImages_MonOrTrainerPic_0
0x083B568C	rom	0x80	sSpriteFrameImages_MonOrTrainerPic_1
0x083B570C	rom	0x80	sSpriteFrameImages_MonOrTrainerPic_2
0x083B578C	rom	0x80	sSpriteFrameImages_MonOrTrainerPic_3
0x083B580C	rom	0x10	sSpriteFrameImages_MonOrTrainerPic
0x083B581C	rom	0x18	sMonOrTrainerPicSpriteTemplate
0x083B5834	rom	0x28	sLetterSearchRanges
0x083B585C	rom	0x18	sSearchMenuTopBarItems
0x083B5874	rom	0x54	sSearchMenuItems
0x083B58C8	rom	0x1C	sSearchMovementMap_SearchNatDex
0x083B58E4	rom	0x1C	sSearchMovementMap_ShiftNatDex
0x083B5900	rom	0x1C	sSearchMovementMap_SearchHoennDex
0x083B591C	rom	0x1C	sSearchMovementMap_ShiftHoennDex
0x083B5938	rom	0x18	sDexModeOptions
0x083B5950	rom	0x38	sDexOrderOptions
0x083B5988	rom	0x58	sDexSearchNameOptions
0x083B59E0	rom	0x60	sDexSearchColorOptions
0x083B5A40	rom	0x98	sDexSearchTypeOptions
0x083B5AD8	rom	0x2	sPokedexModes
0x083B5ADA	rom	0x6	sOrderOptions
0x083B5AE0	rom	0x12	sDexSearchTypeIds
0x083B5AF4	rom	0x30	sSearchOptions
0x083B5B24	rom	0x6	gUnknown_083B5AAC
0x083B5B2A	rom	0x6	gUnknown_083B5AB2
0x083B5B30	rom	0x400	gBadgesTiles
0x083B5F30	rom	0x4	gTrainerCardPtr
0x083B5F34	rom	0x1C	TrainerCard_StateMachine
0x083B5F50	rom	0x14	TrainerCard_FlipAnimationStateMachine
0x083B5F6C	rom	0x4	gUnknown_083B5EF4
0x083B5F70	rom	0x14	gTrainerCardPalettes
0x083B5F84	rom	0x20	gUnknown_083B5F0C
0x083B5FA4	rom	0x20	gBadgesPalette
0x083B5FC4	rom	0x20	gUnknown_083B5F4C
0x083B5FE4	rom	0x20	gUnknown_083B5F6C
0x083B6004	rom	0x40	gTrainerCardBadgesMap
0x083B6044	rom	0x20	sBattlePartyMenuActions
0x083B6064	rom	0x3	Unknown_83B5FEC
0x083B6067	rom	0x3	Unknown_83B5FEF
0x083B606A	rom	0x2	Unknown_83B5FF2
0x083B606C	rom	0x18	sBattlePartyPopupMenus
0x083B6084	rom	0x20	gUnknown_083B600C
0x083B60A4	rom	0x8	gSpriteAnim_83B602C
0x083B60AC	rom	0x8	gSpriteAnim_83B6034
0x083B60B4	rom	0x8	gSpriteAnim_83B603C
0x083B60BC	rom	0x8	gSpriteAnim_83B6044
0x083B60C4	rom	0x10	gSpriteAnimTable_83B604C
0x083B60D4	rom	0x10	gSpriteAffineAnim_83B605C
0x083B60E4	rom	0x4	gSpriteAffineAnimTable_83B606C
0x083B60E8	rom	0x20	gBoxSelectionPopupPalette
0x083B6108	rom	0x800	gBoxSelectionPopupCenterTiles
0x083B6908	rom	0x180	gBoxSelectionPopupSidesTiles
0x083B6A88	rom	0x20	gPokemonStorageScrollingBGPalette
0x083B6AA8	rom	0x20	gPokemonStorageScrollingBGTile
0x083B6AC8	rom	0xFC	gPokemonStorageScrollingBGTilemap
0x083B6BC4	rom	0x48	sUnknownTilemap
0x083B6C0C	rom	0x20	WaveformPalette
0x083B6C2C	rom	0x1C0	WaveformTiles
0x083B6DEC	rom	0x20	gUnknown_083B6D74
0x083B6E0C	rom	0x20	gUnknown_083B6D94
0x083B6E2C	rom	0x4	gPokemonStorageSystemPtr
0x083B6E30	rom	0x4	gUnknown_083B6DB8
0x083B6E34	rom	0x8	gWaveformSpritePalette
0x083B6E6C	rom	0xB8	gPCStorageActionTexts
0x083B6F24	rom	0x8	gOamData_83B6EAC
0x083B6F2C	rom	0x8	gOamData_83B6EB4
0x083B6F34	rom	0x8	gSpriteAnim_83B6EBC
0x083B6F3C	rom	0x10	gSpriteAnim_83B6EC4
0x083B6F4C	rom	0x8	gSpriteAnim_83B6ED4
0x083B6F54	rom	0x10	gSpriteAnim_83B6EDC
0x083B6F64	rom	0x10	gSpriteAnimTable_83B6EEC
0x083B6F74	rom	0x18	gSpriteTemplate_83B6EFC
0x083B6F8C	rom	0x18	gSpriteTemplate_83B6F14
0x083B6FA4	rom	0x8	gOamData_83B6F2C
0x083B6FAC	rom	0x10	gSpriteAffineAnim_83B6F34
0x083B6FBC	rom	0x18	gSpriteAffineAnim_83B6F44
0x083B6FD4	rom	0x8	gSpriteAffineAnimTable_83B6F5C
0x083B6FDC	rom	0x20	gWallpaperPalettes_Forest
0x083B6FFC	rom	0x20	gWallpaperPalettes_Forest_2
0x083B701C	rom	0x20	gWallpaperPalettes_Forest_2_3
0x083B703C	rom	0x3D0	gWallpaperTiles_Forest
0x083B740C	rom	0xDC	gWallpaperTilemap_Forest
0x083B74E8	rom	0x20	gWallpaperPalettes_City
0x083B7508	rom	0x20	gWallpaperPalettes_City_2
0x083B7528	rom	0x20	gWallpaperPalettes_City_2_3
0x083B7548	rom	0x208	gWallpaperTiles_City
0x083B7750	rom	0xB0	gWallpaperTilemap_City
0x083B7800	rom	0x20	gWallpaperPalettes_Desert
0x083B7820	rom	0x20	gWallpaperPalettes_Desert_2
0x083B7840	rom	0x20	gWallpaperPalettes_Desert_2_3
0x083B7860	rom	0x2EC	gWallpaperTiles_Desert
0x083B7B4C	rom	0xE4	gWallpaperTilemap_Desert
0x083B7C30	rom	0x20	gWallpaperPalettes_Savanna
0x083B7C50	rom	0x20	gWallpaperPalettes_Savanna_2
0x083B7C70	rom	0x20	gWallpaperPalettes_Savanna_2_3
0x083B7C90	rom	0x220	gWallpaperTiles_Savanna
0x083B7EB0	rom	0xCC	gWallpaperTilemap_Savanna
0x083B7F7C	rom	0x20	gWallpaperPalettes_Crag
0x083B7F9C	rom	0x20	gWallpaperPalettes_Crag_2
0x083B7FBC	rom	0x20	gWallpaperPalettes_Crag_2_3
0x083B7FDC	rom	0x350	gWallpaperTiles_Crag
0x083B832C	rom	0xD8	gWallpaperTilemap_Crag
0x083B8404	rom	0x20	gWallpaperPalettes_Volcano
0x083B8424	rom	0x20	gWallpaperPalettes_Volcano_2
0x083B8444	rom	0x20	gWallpaperPalettes_Volcano_2_3
0x083B8464	rom	0x330	gWallpaperTiles_Volcano
0x083B8794	rom	0x4	filler_83b871c
0x083B8798	rom	0xD8	gWallpaperTilemap_Volcano
0x083B8870	rom	0x20	gWallpaperPalettes_Snow
0x083B8890	rom	0x20	gWallpaperPalettes_Snow_2
0x083B88B0	rom	0x20	gWallpaperPalettes_Snow_2_3
0x083B88D0	rom	0x2B8	gWallpaperTiles_Snow
0x083B8B88	rom	0xCC	gWallpaperTilemap_Snow
0x083B8C54	rom	0x20	gWallpaperPalettes_Cave
0x083B8C74	rom	0x20	gWallpaperPalettes_Cave_2
0x083B8C94	rom	0x20	gWallpaperPalettes_Cave_2_3
0x083B8CB4	rom	0x344	gWallpaperTiles_Cave
0x083B8FF8	rom	0xDC	gWallpaperTilemap_Cave
0x083B90D4	rom	0x20	gWallpaperPalettes_Beach
0x083B90F4	rom	0x20	gWallpaperPalettes_Beach_2
0x083B9114	rom	0x20	gWallpaperPalettes_Beach_2_3
0x083B9134	rom	0x384	gWallpaperTiles_Beach
0x083B94B8	rom	0xE8	gWallpaperTilemap_Beach
0x083B95A0	rom	0x20	gWallpaperPalettes_Seafloor
0x083B95C0	rom	0x20	gWallpaperPalettes_Seafloor_2
0x083B95E0	rom	0x20	gWallpaperPalettes_Seafloor_2_3
0x083B9600	rom	0x2B4	gWallpaperTiles_Seafloor
0x083B98B4	rom	0xDC	gWallpaperTilemap_Seafloor
0x083B9990	rom	0x20	gWallpaperPalettes_River
0x083B99B0	rom	0x20	gWallpaperPalettes_River_2
0x083B99D0	rom	0x20	gWallpaperPalettes_River_2_3
0x083B99F0	rom	0x294	gWallpaperTiles_River
0x083B9C84	rom	0xEC	gWallpaperTilemap_River
0x083B9D70	rom	0x20	gWallpaperPalettes_Sky
0x083B9D90	rom	0x20	gWallpaperPalettes_Sky_2
0x083B9DB0	rom	0x20	gWallpaperPalettes_Sky_2_3
0x083B9DD0	rom	0x298	gWallpaperTiles_Sky
0x083BA068	rom	0xE0	gWallpaperTilemap_Sky
0x083BA148	rom	0x20	gWallpaperPalettes_Polkadot
0x083BA168	rom	0x20	gWallpaperPalettes_Polkadot_2
0x083BA188	rom	0x20	gWallpaperPalettes_Polkadot_2_3
0x083BA1A8	rom	0x1FC	gWallpaperTiles_Polkadot
0x083BA3A4	rom	0xB8	gWallpaperTilemap_Polkadot
0x083BA45C	rom	0x20	gWallpaperPalettes_Pokecenter
0x083BA47C	rom	0x20	gWallpaperPalettes_Pokecenter_2
0x083BA49C	rom	0x20	gWallpaperPalettes_Pokecenter_2_3
0x083BA4BC	rom	0x3A4	gWallpaperTiles_Pokecenter
0x083BA860	rom	0x114	gWallpaperTilemap_Pokecenter
0x083BA974	rom	0x20	gWallpaperPalettes_Machine
0x083BA994	rom	0x20	gWallpaperPalettes_Machine_2
0x083BA9B4	rom	0x20	gWallpaperPalettes_Machine_2_3
0x083BA9D4	rom	0x2F0	gWallpaperTiles_Machine
0x083BACC4	rom	0xCC	gWallpaperTilemap_Machine
0x083BAD90	rom	0x20	gWallpaperPalettes_Plain
0x083BADB0	rom	0x20	gWallpaperPalettes_Plain_2
0x083BADD0	rom	0x20	gWallpaperPalettes_Plain_2_3
0x083BADF0	rom	0xFC	gWallpaperTiles_Plain
0x083BAEEC	rom	0x84	gWallpaperTilemap_Plain
0x083BAF70	rom	0x1B0	gUnknown_083BAEF8
0x083BB120	rom	0x40	gUnknown_083BB0A8
0x083BB160	rom	0x100	gWallpaperTable
0x083BB260	rom	0x20	PCPal_Arrow
0x083BB280	rom	0x80	PCGfx_Arrow
0x083BB300	rom	0x8	gUnknown_083BB288
0x083BB308	rom	0x8	gUnknown_083BB290
0x083BB310	rom	0x8	gOamData_83BB298
0x083BB318	rom	0x8	gSpriteAnim_83BB2A0
0x083BB320	rom	0x8	gSpriteAnim_83BB2A8
0x083BB328	rom	0x8	gSpriteAnimTable_83BB2B0
0x083BB330	rom	0x18	gSpriteTemplate_83BB2B8
0x083BB348	rom	0x8	gOamData_83BB2D0
0x083BB350	rom	0x8	gSpriteAnim_83BB2D8
0x083BB358	rom	0x8	gSpriteAnim_83BB2E0
0x083BB360	rom	0x8	gSpriteAnimTable_83BB2E8
0x083BB368	rom	0x18	gSpriteTemplate_83BB2F0
0x083BB380	rom	0x20	HandCursorPalette
0x083BB3A0	rom	0x20	HandCursorAltPalette
0x083BB3C0	rom	0x800	HandCursorTiles
0x083BBBC0	rom	0x80	HandCursorShadowTiles
0x083BBC40	rom	0xC	gUnknown_083BBBC8
0x083BBD98	rom	0x6E0	gMonIconTable
0x083BC478	rom	0x1B8	gMonIconPaletteIndices
0x083BC630	rom	0x30	gMonIconPaletteTable
0x083BC660	rom	0x8	sMonIconOamData
0x083BC668	rom	0xC	sAnim_0
0x083BC674	rom	0xC	sAnim_1
0x083BC680	rom	0xC	sAnim_2
0x083BC68C	rom	0xC	sAnim_3
0x083BC698	rom	0xC	sAnim_4
0x083BC6A4	rom	0x14	sMonIconAnims
0x083BC6B8	rom	0x10	sAffineAnim_0
0x083BC6C8	rom	0x10	sAffineAnim_1
0x083BC6D8	rom	0x8	sMonIconAffineAnims
0x083BC6E0	rom	0x18	sSpriteImageSizes
0x083BC6F8	rom	0x26	MoveDescription_Pound
0x083BC71E	rom	0x32	MoveDescription_KarateChop
0x083BC750	rom	0x27	MoveDescription_DoubleSlap
0x083BC777	rom	0x29	MoveDescription_CometPunch
0x083BC7A0	rom	0x2D	MoveDescription_MegaPunch
0x083BC7CD	rom	0x33	MoveDescription_PayDay
0x083BC800	rom	0x25	MoveDescription_FirePunch
0x083BC825	rom	0x26	MoveDescription_IcePunch
0x083BC84B	rom	0x30	MoveDescription_ThunderPunch
0x083BC87B	rom	0x24	MoveDescription_Scratch
0x083BC89F	rom	0x2F	MoveDescription_ViceGrip
0x083BC8CE	rom	0x32	MoveDescription_Guillotine
0x083BC900	rom	0x34	MoveDescription_RazorWind
0x083BC934	rom	0x2D	MoveDescription_SwordsDance
0x083BC961	rom	0x2D	MoveDescription_Cut
0x083BC98E	rom	0x39	MoveDescription_Gust
0x083BC9C7	rom	0x28	MoveDescription_WingAttack
0x083BC9EF	rom	0x32	MoveDescription_Whirlwind
0x083BCA21	rom	0x38	MoveDescription_Fly
0x083BCA59	rom	0x2D	MoveDescription_Bind
0x083BCA86	rom	0x2B	MoveDescription_Slam
0x083BCAB1	rom	0x2E	MoveDescription_VineWhip
0x083BCADF	rom	0x37	MoveDescription_Stomp
0x083BCB16	rom	0x34	MoveDescription_DoubleKick
0x083BCB4A	rom	0x2F	MoveDescription_MegaKick
0x083BCB79	rom	0x35	MoveDescription_JumpKick
0x083BCBAE	rom	0x29	MoveDescription_RollingKick
0x083BCBD7	rom	0x38	MoveDescription_SandAttack
0x083BCC0F	rom	0x2B	MoveDescription_Headbutt
0x083BCC3A	rom	0x1F	MoveDescription_HornAttack
0x083BCC59	rom	0x31	MoveDescription_FuryAttack
0x083BCC8A	rom	0x33	MoveDescription_HornDrill
0x083BCCBD	rom	0x2A	MoveDescription_Tackle
0x083BCCE7	rom	0x2B	MoveDescription_BodySlam
0x083BCD12	rom	0x39	MoveDescription_Wrap
0x083BCD4B	rom	0x33	MoveDescription_TakeDown
0x083BCD7E	rom	0x32	MoveDescription_Thrash
0x083BCDB0	rom	0x30	MoveDescription_DoubleEdge
0x083BCDE0	rom	0x2A	MoveDescription_TailWhip
0x083BCE0A	rom	0x32	MoveDescription_PoisonSting
0x083BCE3C	rom	0x2C	MoveDescription_Twineedle
0x083BCE68	rom	0x2D	MoveDescription_PinMissile
0x083BCE95	rom	0x30	MoveDescription_Leer
0x083BCEC5	rom	0x2F	MoveDescription_Bite
0x083BCEF4	rom	0x2A	MoveDescription_Growl
0x083BCF1E	rom	0x26	MoveDescription_Roar
0x083BCF44	rom	0x33	MoveDescription_Sing
0x083BCF77	rom	0x34	MoveDescription_Supersonic
0x083BCFAB	rom	0x37	MoveDescription_SonicBoom
0x083BCFE2	rom	0x2D	MoveDescription_Disable
0x083BD00F	rom	0x2F	MoveDescription_Acid
0x083BD03E	rom	0x2C	MoveDescription_Ember
0x083BD06A	rom	0x30	MoveDescription_Flamethrower
0x083BD09A	rom	0x32	MoveDescription_Mist
0x083BD0CC	rom	0x21	MoveDescription_WaterGun
0x083BD0ED	rom	0x2E	MoveDescription_HydroPump
0x083BD11B	rom	0x36	MoveDescription_Surf
0x083BD151	rom	0x34	MoveDescription_IceBeam
0x083BD185	rom	0x33	MoveDescription_Blizzard
0x083BD1B8	rom	0x2F	MoveDescription_Psybeam
0x083BD1E7	rom	0x30	MoveDescription_BubbleBeam
0x083BD217	rom	0x34	MoveDescription_AuroraBeam
0x083BD24B	rom	0x36	MoveDescription_HyperBeam
0x083BD281	rom	0x2A	MoveDescription_Peck
0x083BD2AB	rom	0x37	MoveDescription_DrillPeck
0x083BD2E2	rom	0x2F	MoveDescription_Submission
0x083BD311	rom	0x32	MoveDescription_LowKick
0x083BD343	rom	0x33	MoveDescription_Counter
0x083BD376	rom	0x2F	MoveDescription_SeismicToss
0x083BD3A5	rom	0x2B	MoveDescription_Strength
0x083BD3D0	rom	0x32	MoveDescription_Absorb
0x083BD402	rom	0x32	MoveDescription_MegaDrain
0x083BD434	rom	0x34	MoveDescription_LeechSeed
0x083BD468	rom	0x2F	MoveDescription_Growth
0x083BD497	rom	0x35	MoveDescription_RazorLeaf
0x083BD4CC	rom	0x33	MoveDescription_SolarBeam
0x083BD4FF	rom	0x31	MoveDescription_PoisonPowder
0x083BD530	rom	0x2D	MoveDescription_StunSpore
0x083BD55D	rom	0x33	MoveDescription_SleepPowder
0x083BD590	rom	0x32	MoveDescription_PetalDance
0x083BD5C2	rom	0x2F	MoveDescription_StringShot
0x083BD5F1	rom	0x37	MoveDescription_DragonRage
0x083BD628	rom	0x32	MoveDescription_FireSpin
0x083BD65A	rom	0x30	MoveDescription_ThunderShock
0x083BD68A	rom	0x36	MoveDescription_Thunderbolt
0x083BD6C0	rom	0x33	MoveDescription_ThunderWave
0x083BD6F3	rom	0x2D	MoveDescription_Thunder
0x083BD720	rom	0x26	MoveDescription_RockThrow
0x083BD746	rom	0x34	MoveDescription_Earthquake
0x083BD77A	rom	0x33	MoveDescription_Fissure
0x083BD7AD	rom	0x37	MoveDescription_Dig
0x083BD7E4	rom	0x2C	MoveDescription_Toxic
0x083BD810	rom	0x2B	MoveDescription_Confusion
0x083BD83B	rom	0x32	MoveDescription_Psychic
0x083BD86D	rom	0x2A	MoveDescription_Hypnosis
0x083BD897	rom	0x31	MoveDescription_Meditate
0x083BD8C8	rom	0x29	MoveDescription_Agility
0x083BD8F1	rom	0x34	MoveDescription_QuickAttack
0x083BD925	rom	0x2F	MoveDescription_Rage
0x083BD954	rom	0x32	MoveDescription_Teleport
0x083BD986	rom	0x2F	MoveDescription_NightShade
0x083BD9B5	rom	0x31	MoveDescription_Mimic
0x083BD9E6	rom	0x35	MoveDescription_Screech
0x083BDA1B	rom	0x2E	MoveDescription_DoubleTeam
0x083BDA49	rom	0x2B	MoveDescription_Recover
0x083BDA74	rom	0x2F	MoveDescription_Harden
0x083BDAA3	rom	0x30	MoveDescription_Minimize
0x083BDAD3	rom	0x31	MoveDescription_Smokescreen
0x083BDB04	rom	0x26	MoveDescription_ConfuseRay
0x083BDB2A	rom	0x39	MoveDescription_Withdraw
0x083BDB63	rom	0x32	MoveDescription_DefenseCurl
0x083BDB95	rom	0x2F	MoveDescription_Barrier
0x083BDBC4	rom	0x34	MoveDescription_LightScreen
0x083BDBF8	rom	0x37	MoveDescription_Haze
0x083BDC2F	rom	0x37	MoveDescription_Reflect
0x083BDC66	rom	0x2F	MoveDescription_FocusEnergy
0x083BDC95	rom	0x30	MoveDescription_Bide
0x083BDCC5	rom	0x34	MoveDescription_Metronome
0x083BDCF9	rom	0x2E	MoveDescription_MirrorMove
0x083BDD27	rom	0x31	MoveDescription_SelfDestruct
0x083BDD58	rom	0x26	MoveDescription_EggBomb
0x083BDD7E	rom	0x37	MoveDescription_Lick
0x083BDDB5	rom	0x2C	MoveDescription_Smog
0x083BDDE1	rom	0x35	MoveDescription_Sludge
0x083BDE16	rom	0x30	MoveDescription_BoneClub
0x083BDE46	rom	0x33	MoveDescription_FireBlast
0x083BDE79	rom	0x30	MoveDescription_Waterfall
0x083BDEA9	rom	0x2D	MoveDescription_Clamp
0x083BDED6	rom	0x29	MoveDescription_Swift
0x083BDEFF	rom	0x32	MoveDescription_SkullBash
0x083BDF31	rom	0x30	MoveDescription_SpikeCannon
0x083BDF61	rom	0x2D	MoveDescription_Constrict
0x083BDF8E	rom	0x34	MoveDescription_Amnesia
0x083BDFC2	rom	0x27	MoveDescription_Kinesis
0x083BDFE9	rom	0x2B	MoveDescription_SoftBoiled
0x083BE014	rom	0x35	MoveDescription_HiJumpKick
0x083BE049	rom	0x32	MoveDescription_Glare
0x083BE07B	rom	0x37	MoveDescription_DreamEater
0x083BE0B2	rom	0x31	MoveDescription_PoisonGas
0x083BE0E3	rom	0x2D	MoveDescription_Barrage
0x083BE110	rom	0x31	MoveDescription_LeechLife
0x083BE141	rom	0x35	MoveDescription_LovelyKiss
0x083BE176	rom	0x35	MoveDescription_SkyAttack
0x083BE1AB	rom	0x35	MoveDescription_Transform
0x083BE1E0	rom	0x34	MoveDescription_Bubble
0x083BE214	rom	0x2B	MoveDescription_DizzyPunch
0x083BE23F	rom	0x35	MoveDescription_Spore
0x083BE274	rom	0x35	MoveDescription_Flash
0x083BE2A9	rom	0x32	MoveDescription_Psywave
0x083BE2DB	rom	0x30	MoveDescription_Splash
0x083BE30B	rom	0x34	MoveDescription_AcidArmor
0x083BE33F	rom	0x36	MoveDescription_Crabhammer
0x083BE375	rom	0x31	MoveDescription_Explosion
0x083BE3A6	rom	0x34	MoveDescription_FurySwipes
0x083BE3DA	rom	0x2C	MoveDescription_Bonemerang
0x083BE406	rom	0x36	MoveDescription_Rest
0x083BE43C	rom	0x30	MoveDescription_RockSlide
0x083BE46C	rom	0x2F	MoveDescription_HyperFang
0x083BE49B	rom	0x2D	MoveDescription_Sharpen
0x083BE4C8	rom	0x31	MoveDescription_Conversion
0x083BE4F9	rom	0x2D	MoveDescription_TriAttack
0x083BE526	rom	0x35	MoveDescription_SuperFang
0x083BE55B	rom	0x38	MoveDescription_Slash
0x083BE593	rom	0x34	MoveDescription_Substitute
0x083BE5C7	rom	0x3C	MoveDescription_Struggle
0x083BE603	rom	0x28	MoveDescription_Sketch
0x083BE62B	rom	0x36	MoveDescription_TripleKick
0x083BE661	rom	0x33	MoveDescription_Thief
0x083BE694	rom	0x37	MoveDescription_SpiderWeb
0x083BE6CB	rom	0x37	MoveDescription_MindReader
0x083BE702	rom	0x32	MoveDescription_Nightmare
0x083BE734	rom	0x2F	MoveDescription_FlameWheel
0x083BE763	rom	0x32	MoveDescription_Snore
0x083BE795	rom	0x2E	MoveDescription_Curse
0x083BE7C3	rom	0x31	MoveDescription_Flail
0x083BE7F4	rom	0x34	MoveDescription_Conversion2
0x083BE828	rom	0x34	MoveDescription_Aeroblast
0x083BE85C	rom	0x31	MoveDescription_CottonSpore
0x083BE88D	rom	0x31	MoveDescription_Reversal
0x083BE8BE	rom	0x2F	MoveDescription_Spite
0x083BE8ED	rom	0x36	MoveDescription_PowderSnow
0x083BE923	rom	0x33	MoveDescription_Protect
0x083BE956	rom	0x33	MoveDescription_MachPunch
0x083BE989	rom	0x35	MoveDescription_ScaryFace
0x083BE9BE	rom	0x30	MoveDescription_FaintAttack
0x083BE9EE	rom	0x36	MoveDescription_SweetKiss
0x083BEA24	rom	0x27	MoveDescription_BellyDrum
0x083BEA4B	rom	0x35	MoveDescription_SludgeBomb
0x083BEA80	rom	0x34	MoveDescription_MudSlap
0x083BEAB4	rom	0x30	MoveDescription_Octazooka
0x083BEAE4	rom	0x2C	MoveDescription_Spikes
0x083BEB10	rom	0x36	MoveDescription_ZapCannon
0x083BEB46	rom	0x33	MoveDescription_Foresight
0x083BEB79	rom	0x33	MoveDescription_DestinyBond
0x083BEBAC	rom	0x31	MoveDescription_PerishSong
0x083BEBDD	rom	0x2F	MoveDescription_IcyWind
0x083BEC0C	rom	0x33	MoveDescription_Detect
0x083BEC3F	rom	0x32	MoveDescription_BoneRush
0x083BEC71	rom	0x32	MoveDescription_LockOn
0x083BECA3	rom	0x32	MoveDescription_Outrage
0x083BECD5	rom	0x31	MoveDescription_Sandstorm
0x083BED06	rom	0x31	MoveDescription_GigaDrain
0x083BED37	rom	0x35	MoveDescription_Endure
0x083BED6C	rom	0x2F	MoveDescription_Charm
0x083BED9B	rom	0x31	MoveDescription_Rollout
0x083BEDCC	rom	0x32	MoveDescription_FalseSwipe
0x083BEDFE	rom	0x32	MoveDescription_Swagger
0x083BEE30	rom	0x2B	MoveDescription_MilkDrink
0x083BEE5B	rom	0x31	MoveDescription_Spark
0x083BEE8C	rom	0x33	MoveDescription_FuryCutter
0x083BEEBF	rom	0x2D	MoveDescription_SteelWing
0x083BEEEC	rom	0x35	MoveDescription_MeanLook
0x083BEF21	rom	0x31	MoveDescription_Attract
0x083BEF52	rom	0x28	MoveDescription_SleepTalk
0x083BEF7A	rom	0x34	MoveDescription_HealBell
0x083BEFAE	rom	0x33	MoveDescription_Return
0x083BEFE1	rom	0x2E	MoveDescription_Present
0x083BF00F	rom	0x37	MoveDescription_Frustration
0x083BF046	rom	0x2F	MoveDescription_Safeguard
0x083BF075	rom	0x36	MoveDescription_PainSplit
0x083BF0AB	rom	0x30	MoveDescription_SacredFire
0x083BF0DB	rom	0x2D	MoveDescription_Magnitude
0x083BF108	rom	0x36	MoveDescription_DynamicPunch
0x083BF13E	rom	0x30	MoveDescription_Megahorn
0x083BF16E	rom	0x34	MoveDescription_DragonBreath
0x083BF1A2	rom	0x35	MoveDescription_BatonPass
0x083BF1D7	rom	0x36	MoveDescription_Encore
0x083BF20D	rom	0x34	MoveDescription_Pursuit
0x083BF241	rom	0x30	MoveDescription_RapidSpin
0x083BF271	rom	0x27	MoveDescription_SweetScent
0x083BF298	rom	0x32	MoveDescription_IronTail
0x083BF2CA	rom	0x30	MoveDescription_MetalClaw
0x083BF2FA	rom	0x31	MoveDescription_VitalThrow
0x083BF32B	rom	0x31	MoveDescription_MorningSun
0x083BF35C	rom	0x31	MoveDescription_Synthesis
0x083BF38D	rom	0x31	MoveDescription_Moonlight
0x083BF3BE	rom	0x28	MoveDescription_HiddenPower
0x083BF3E6	rom	0x33	MoveDescription_CrossChop
0x083BF419	rom	0x2F	MoveDescription_Twister
0x083BF448	rom	0x33	MoveDescription_RainDance
0x083BF47B	rom	0x32	MoveDescription_SunnyDay
0x083BF4AD	rom	0x2E	MoveDescription_Crunch
0x083BF4DB	rom	0x37	MoveDescription_MirrorCoat
0x083BF512	rom	0x32	MoveDescription_PsychUp
0x083BF544	rom	0x27	MoveDescription_ExtremeSpeed
0x083BF56B	rom	0x24	MoveDescription_AncientPower
0x083BF58F	rom	0x35	MoveDescription_ShadowBall
0x083BF5C4	rom	0x2F	MoveDescription_FutureSight
0x083BF5F3	rom	0x2F	MoveDescription_RockSmash
0x083BF622	rom	0x39	MoveDescription_Whirlpool
0x083BF65B	rom	0x2D	MoveDescription_BeatUp
0x083BF688	rom	0x33	MoveDescription_FakeOut
0x083BF6BB	rom	0x36	MoveDescription_Uproar
0x083BF6F1	rom	0x24	MoveDescription_Stockpile
0x083BF715	rom	0x31	MoveDescription_SpitUp
0x083BF746	rom	0x2A	MoveDescription_Swallow
0x083BF770	rom	0x35	MoveDescription_HeatWave
0x083BF7A5	rom	0x2D	MoveDescription_Hail
0x083BF7D2	rom	0x35	MoveDescription_Torment
0x083BF807	rom	0x2A	MoveDescription_Flatter
0x083BF831	rom	0x2E	MoveDescription_WillOWisp
0x083BF85F	rom	0x30	MoveDescription_Memento
0x083BF88F	rom	0x33	MoveDescription_Facade
0x083BF8C2	rom	0x35	MoveDescription_FocusPunch
0x083BF8F7	rom	0x36	MoveDescription_SmellingSalt
0x083BF92D	rom	0x33	MoveDescription_FollowMe
0x083BF960	rom	0x35	MoveDescription_NaturePower
0x083BF995	rom	0x34	MoveDescription_Charge
0x083BF9C9	rom	0x2D	MoveDescription_Taunt
0x083BF9F6	rom	0x2B	MoveDescription_HelpingHand
0x083BFA21	rom	0x28	MoveDescription_Trick
0x083BFA49	rom	0x32	MoveDescription_RolePlay
0x083BFA7B	rom	0x30	MoveDescription_Wish
0x083BFAAB	rom	0x32	MoveDescription_Assist
0x083BFADD	rom	0x37	MoveDescription_Ingrain
0x083BFB14	rom	0x2F	MoveDescription_Superpower
0x083BFB43	rom	0x2F	MoveDescription_MagicCoat
0x083BFB72	rom	0x27	MoveDescription_Recycle
0x083BFB99	rom	0x32	MoveDescription_Revenge
0x083BFBCB	rom	0x35	MoveDescription_BrickBreak
0x083BFC00	rom	0x35	MoveDescription_Yawn
0x083BFC35	rom	0x34	MoveDescription_KnockOff
0x083BFC69	rom	0x39	MoveDescription_Endeavor
0x083BFCA2	rom	0x32	MoveDescription_Eruption
0x083BFCD4	rom	0x32	MoveDescription_SkillSwap
0x083BFD06	rom	0x32	MoveDescription_Imprison
0x083BFD38	rom	0x27	MoveDescription_Refresh
0x083BFD5F	rom	0x36	MoveDescription_Grudge
0x083BFD95	rom	0x32	MoveDescription_Snatch
0x083BFDC7	rom	0x2E	MoveDescription_SecretPower
0x083BFDF5	rom	0x37	MoveDescription_Dive
0x083BFE2C	rom	0x37	MoveDescription_ArmThrust
0x083BFE63	rom	0x35	MoveDescription_Camouflage
0x083BFE98	rom	0x2D	MoveDescription_TailGlow
0x083BFEC5	rom	0x32	MoveDescription_LusterPurge
0x083BFEF7	rom	0x32	MoveDescription_MistBall
0x083BFF29	rom	0x35	MoveDescription_FeatherDance
0x083BFF5E	rom	0x23	MoveDescription_TeeterDance
0x083BFF81	rom	0x3A	MoveDescription_BlazeKick
0x083BFFBB	rom	0x37	MoveDescription_MudSport
0x083BFFF2	rom	0x35	MoveDescription_IceBall
0x083C0027	rom	0x2F	MoveDescription_NeedleArm
0x083C0056	rom	0x2D	MoveDescription_SlackOff
0x083C0083	rom	0x2F	MoveDescription_HyperVoice
0x083C00B2	rom	0x31	MoveDescription_PoisonFang
0x083C00E3	rom	0x36	MoveDescription_CrushClaw
0x083C0119	rom	0x36	MoveDescription_BlastBurn
0x083C014F	rom	0x36	MoveDescription_HydroCannon
0x083C0185	rom	0x2D	MoveDescription_MeteorMash
0x083C01B2	rom	0x31	MoveDescription_Astonish
0x083C01E3	rom	0x33	MoveDescription_WeatherBall
0x083C0216	rom	0x31	MoveDescription_Aromatherapy
0x083C0247	rom	0x32	MoveDescription_FakeTears
0x083C0279	rom	0x34	MoveDescription_AirCutter
0x083C02AD	rom	0x38	MoveDescription_Overheat
0x083C02E5	rom	0x33	MoveDescription_OdorSleuth
0x083C0318	rom	0x35	MoveDescription_RockTomb
0x083C034D	rom	0x2B	MoveDescription_SilverWind
0x083C0378	rom	0x36	MoveDescription_MetalSound
0x083C03AE	rom	0x31	MoveDescription_GrassWhistle
0x083C03DF	rom	0x31	MoveDescription_Tickle
0x083C0410	rom	0x30	MoveDescription_CosmicPower
0x083C0440	rom	0x2F	MoveDescription_WaterSpout
0x083C046F	rom	0x30	MoveDescription_SignalBeam
0x083C049F	rom	0x32	MoveDescription_ShadowPunch
0x083C04D1	rom	0x34	MoveDescription_Extrasensory
0x083C0505	rom	0x2F	MoveDescription_SkyUppercut
0x083C0534	rom	0x37	MoveDescription_SandTomb
0x083C056B	rom	0x33	MoveDescription_SheerCold
0x083C059E	rom	0x2E	MoveDescription_MuddyWater
0x083C05CC	rom	0x30	MoveDescription_BulletSeed
0x083C05FC	rom	0x2C	MoveDescription_AerialAce
0x083C0628	rom	0x33	MoveDescription_IcicleSpear
0x083C065B	rom	0x35	MoveDescription_IronDefense
0x083C0690	rom	0x28	MoveDescription_Block
0x083C06B8	rom	0x2D	MoveDescription_Howl
0x083C06E5	rom	0x22	MoveDescription_DragonClaw
0x083C0707	rom	0x36	MoveDescription_FrenzyPlant
0x083C073D	rom	0x34	MoveDescription_BulkUp
0x083C0771	rom	0x33	MoveDescription_Bounce
0x083C07A4	rom	0x28	MoveDescription_MudShot
0x083C07CC	rom	0x30	MoveDescription_PoisonTail
0x083C07FC	rom	0x2F	MoveDescription_Covet
0x083C082B	rom	0x34	MoveDescription_VoltTackle
0x083C085F	rom	0x33	MoveDescription_MagicalLeaf
0x083C0892	rom	0x35	MoveDescription_WaterSport
0x083C08C7	rom	0x31	MoveDescription_CalmMind
0x083C08F8	rom	0x34	MoveDescription_LeafBlade
0x083C092C	rom	0x2C	MoveDescription_DragonDance
0x083C0958	rom	0x31	MoveDescription_RockBlast
0x083C0989	rom	0x28	MoveDescription_ShockWave
0x083C09B1	rom	0x33	MoveDescription_WaterPulse
0x083C09E4	rom	0x31	MoveDescription_DoomDesire
0x083C0A15	rom	0x38	MoveDescription_PsychoBoost
0x083C0A50	rom	0x588	gMoveDescriptions
0x083C0FD8	rom	0x6	NatureName_Hardy
0x083C0FDE	rom	0x7	NatureName_Lonely
0x083C0FE5	rom	0x6	NatureName_Brave
0x083C0FEB	rom	0x8	NatureName_Adamant
0x083C0FF3	rom	0x8	NatureName_Naughty
0x083C0FFB	rom	0x5	NatureName_Bold
0x083C1000	rom	0x7	NatureName_Docile
0x083C1007	rom	0x8	NatureName_Relaxed
0x083C100F	rom	0x7	NatureName_Impish
0x083C1016	rom	0x4	NatureName_Lax
0x083C101A	rom	0x6	NatureName_Timid
0x083C1020	rom	0x6	NatureName_Hasty
0x083C1026	rom	0x8	NatureName_Serious
0x083C102E	rom	0x6	NatureName_Jolly
0x083C1034	rom	0x6	NatureName_Naive
0x083C103A	rom	0x7	NatureName_Modest
0x083C1041	rom	0x5	NatureName_Mild
0x083C1046	rom	0x6	NatureName_Quiet
0x083C104C	rom	0x8	NatureName_Bashful
0x083C1054	rom	0x5	NatureName_Rash
0x083C1059	rom	0x5	NatureName_Calm
0x083C105E	rom	0x7	NatureName_Gentle
0x083C1065	rom	0x6	NatureName_Sassy
0x083C106B	rom	0x8	NatureName_Careful
0x083C1073	rom	0x7	NatureName_Quirky
0x083C107C	rom	0x64	gNatureNames
0x083C10E0	rom	0x20	sPageHeaderTexts
0x083C1100	rom	0x10	sUnusedSpriteAffineAnim
0x083C1110	rom	0x4	sUnsuedSpriteAffineAnimTable
0x083C1114	rom	0x8	sOamData_MoveTypes
0x083C111C	rom	0x8	sSpriteAnim_TypeNormal
0x083C1124	rom	0x8	sSpriteAnim_TypeFighting
0x083C112C	rom	0x8	sSpriteAnim_TypeFlying
0x083C1134	rom	0x8	sSpriteAnim_TypePoison
0x083C113C	rom	0x8	sSpriteAnim_TypeGround
0x083C1144	rom	0x8	sSpriteAnim_TypeRock
0x083C114C	rom	0x8	sSpriteAnim_TypeBug
0x083C1154	rom	0x8	sSpriteAnim_TypeGhost
0x083C115C	rom	0x8	sSpriteAnim_TypeSteel
0x083C1164	rom	0x8	sSpriteAnim_TypeMystery
0x083C116C	rom	0x8	sSpriteAnim_TypeFire
0x083C1174	rom	0x8	sSpriteAnim_TypeWater
0x083C117C	rom	0x8	sSpriteAnim_TypeGrass
0x083C1184	rom	0x8	sSpriteAnim_TypeElectric
0x083C118C	rom	0x8	sSpriteAnim_TypePsychic
0x083C1194	rom	0x8	sSpriteAnim_TypeIce
0x083C119C	rom	0x8	sSpriteAnim_TypeDragon
0x083C11A4	rom	0x8	sSpriteAnim_TypeDark
0x083C11AC	rom	0x8	sSpriteAnim_CategoryCool
0x083C11B4	rom	0x8	sSpriteAnim_CategoryBeauty
0x083C11BC	rom	0x8	sSpriteAnim_CategoryCute
0x083C11C4	rom	0x8	sSpriteAnim_CategorySmart
0x083C11CC	rom	0x8	sSpriteAnim_CategoryTough
0x083C11D4	rom	0x5C	sSpriteAnimTable_MoveTypes
0x083C1230	rom	0x8	sSpriteSheet_MoveTypes
0x083C1238	rom	0x18	sSpriteTemplate_MoveTypes
0x083C1250	rom	0x17	sMoveTypeToOamPaletteNum
0x083C1268	rom	0x8	sOamData_83C11F0
0x083C1270	rom	0x8	sSpriteAnim_83C11F8
0x083C1278	rom	0x8	sSpriteAnim_83C1200
0x083C1280	rom	0x8	sSpriteAnim_83C1208
0x083C1288	rom	0x8	sSpriteAnim_83C1210
0x083C1290	rom	0x8	sSpriteAnim_83C1218
0x083C1298	rom	0x8	sSpriteAnim_83C1220
0x083C12A0	rom	0x8	sSpriteAnim_83C1228
0x083C12A8	rom	0x8	sSpriteAnim_83C1230
0x083C12B0	rom	0x8	sSpriteAnim_83C1238
0x083C12B8	rom	0x8	sSpriteAnim_83C1240
0x083C12C0	rom	0x28	sSpriteAnimTable_83C1248
0x083C12E8	rom	0x8	sUnknown_083C1270
0x083C12F0	rom	0x8	sUnknown_083C1278
0x083C12F8	rom	0x18	sSpriteTemplate_83C1280
0x083C1310	rom	0x8	sOamData_StatusCondition
0x083C1318	rom	0x8	sSpriteAnim_StatusPoison
0x083C1320	rom	0x8	sSpriteAnim_StatusParalyzed
0x083C1328	rom	0x8	sSpriteAnim_StatusSleep
0x083C1330	rom	0x8	sSpriteAnim_StatusFrozen
0x083C1338	rom	0x8	sSpriteAnim_StatusBurn
0x083C1340	rom	0x8	sSpriteAnim_StatusPokerus
0x083C1348	rom	0x8	sSpriteAnim_StatusFaint
0x083C1350	rom	0x1C	sSpriteAnimTable_StatusCondition
0x083C136C	rom	0x8	sUnknown_083C12F4
0x083C1374	rom	0x8	sUnknown_083C12FC
0x083C137C	rom	0x18	sSpriteTemplate_StatusCondition
0x083C1394	rom	0x20	sSummaryScreenMonMarkingsPalette
0x083C13B4	rom	0x140	gSummaryScreenTextTiles
0x083C14F4	rom	0x100	sSummaryScreenButtonTiles
0x083C15F4	rom	0x2	sUnknown_083C157C
0x083C15F6	rom	0x2	sUnknown_083C157E
0x083C15F8	rom	0x8	sUnknown_083C1580
0x083C1600	rom	0x10	sUnknown_083C1588
0x083C1610	rom	0x10	sUnknown_083C1598
0x083C1620	rom	0x6	sDoubleBattlePartyOrder
0x083C1626	rom	0x6	sUnknown_083C15AE
0x083C162C	rom	0x6	sUnknown_083C15B4
0x083C1634	rom	0x20	sSummaryScreenTextColors
0x083C1654	rom	0x8	gOamData_CutGrass
0x083C165C	rom	0x8	sSpriteAnim_CutGrass
0x083C1664	rom	0x4	sSpriteAnimTable_CutGrass
0x083C1668	rom	0x8	gSpriteImageTable_CutGrass
0x083C1670	rom	0x8	gFieldEffectObjectPaletteInfo6
0x083C1678	rom	0x18	sSpriteTemplate_CutGrass
0x083C1690	rom	0x28	gBagPockets
0x083C16B8	rom	0x50	sItemPopupMenuActions
0x083C1708	rom	0x1E	sItemPopupMenuChoicesTable
0x083C1726	rom	0xA	gUnknown_083C16AE
0x083C1730	rom	0x4	gUnknown_083C16B8
0x083C1734	rom	0x38	sItemSelectFuncs
0x083C176C	rom	0x8	gUnknown_083C16F4
0x083C1774	rom	0x8	gUnknown_083C16FC
0x083C1780	rom	0x2	gUnknown_083C1708
0x083C1782	rom	0x2	gUnknown_083C170A
0x083C1784	rom	0x20	gPalette_83C170C
0x083C17A4	rom	0x80	gSpriteImage_BagSpinner
0x083C1824	rom	0x480	gSpriteImage_UnusedCherry
0x083C1CA4	rom	0x20	gSpritePalette_UnusedCherry
0x083C1CC4	rom	0x8	sBagSpriteOamData
0x083C1CCC	rom	0x8	sBagSpriteAnimSeq0
0x083C1CD4	rom	0x8	sBagSpriteAnimSeq1
0x083C1CDC	rom	0x8	sBagSpriteAnimSeq5
0x083C1CE4	rom	0x8	sBagSpriteAnimSeq2
0x083C1CEC	rom	0x8	sBagSpriteAnimSeq3
0x083C1CF4	rom	0x8	sBagSpriteAnimSeq4
0x083C1CFC	rom	0x18	sBagSpriteAnimTable
0x083C1D14	rom	0x28	sBagSpriteAffineAnimSeq
0x083C1D3C	rom	0x4	sBagSpriteAffineAnimTable
0x083C1D40	rom	0x8	sMaleBagSpriteSheet
0x083C1D48	rom	0x8	sFemaleBagSpriteSheet
0x083C1D50	rom	0x8	sBagSpritePalette
0x083C1D58	rom	0x18	sBagSpriteTemplate
0x083C1D70	rom	0x8	gOamData_83C1CF8
0x083C1D78	rom	0x10	gSpriteAffineAnim_83C1D00
0x083C1D88	rom	0x10	gSpriteAffineAnim_83C1D10
0x083C1D98	rom	0x8	gSpriteAffineAnimTable_83C1D20
0x083C1DA0	rom	0x8	gSpriteImageTable_83C1D28
0x083C1DA8	rom	0x8	sPokeballSpritePalette
0x083C1DB0	rom	0x18	sPokeballSpriteTemplate
0x083C1DC8	rom	0x8	sBerrySpriteOamData
0x083C1DD0	rom	0x8	gOamData_83C1D58
0x083C1DD8	rom	0x8	sBerrySpriteAnimSeq
0x083C1DE0	rom	0x4	sBerrySpriteAnimTable
0x083C1DE4	rom	0x8	sBerrySpriteImageTable
0x083C1DEC	rom	0x18	sBerrySpriteTemplate
0x083C1E04	rom	0x38	gSpriteAffineAnim_83C1D8C
0x083C1E3C	rom	0x38	gSpriteAffineAnim_83C1DC4
0x083C1E74	rom	0x8	gSpriteAffineAnimTable_83C1DFC
0x083C1E7C	rom	0x18	gSpriteTemplate_83C1E04
0x083C1E94	rom	0x158	sBerryGraphicsTable
0x083C1FEC	rom	0x8	gUnknown_083C1F74
0x083C1FF4	rom	0x8	gUnknown_083C1F7C
0x083C1FFC	rom	0x8	gOamData_83C1F84
0x083C2004	rom	0x8	gSpriteAnim_83C1F8C
0x083C200C	rom	0x4	gSpriteAnimTable_83C1F94
0x083C2010	rom	0x18	gSpriteTemplate_83C1F98
0x083C2028	rom	0x18	gHorizontalLungeSpriteTemplate
0x083C2040	rom	0x18	gVerticalDipSpriteTemplate
0x083C2058	rom	0x18	gSlideMonToOriginalPosSpriteTemplate
0x083C2070	rom	0x18	gSlideMonToOffsetSpriteTemplate
0x083C2088	rom	0x18	gBattleAnimSpriteTemplate_83C2010
0x083C20A0	rom	0x33	gItemDescription_MasterBall
0x083C20D3	rom	0x3A	gItemDescription_UltraBall
0x083C210D	rom	0x37	gItemDescription_GreatBall
0x083C2144	rom	0x27	gItemDescription_PokeBall
0x083C216B	rom	0x35	gItemDescription_SafariBall
0x083C21A0	rom	0x37	gItemDescription_NetBall
0x083C21D7	rom	0x38	gItemDescription_DiveBall
0x083C220F	rom	0x2C	gItemDescription_NestBall
0x083C223B	rom	0x33	gItemDescription_RepeatBall
0x083C226E	rom	0x32	gItemDescription_TimerBall
0x083C22A0	rom	0x2E	gItemDescription_LuxuryBall
0x083C22CE	rom	0x31	gItemDescription_PremierBall
0x083C22FF	rom	0x2B	gItemDescription_Potion
0x083C232A	rom	0x1A	gItemDescription_Antidote
0x083C2344	rom	0x19	gItemDescription_BurnHeal
0x083C235D	rom	0x1B	gItemDescription_IceHeal
0x083C2378	rom	0x1C	gItemDescription_Awakening
0x083C2394	rom	0x1B	gItemDescription_ParalyzeHeal
0x083C23AF	rom	0x2F	gItemDescription_FullRestore
0x083C23DE	rom	0x24	gItemDescription_MaxPotion
0x083C2402	rom	0x2C	gItemDescription_HyperPotion
0x083C242E	rom	0x2B	gItemDescription_SuperPotion
0x083C2459	rom	0x2E	gItemDescription_FullHeal
0x083C2487	rom	0x2C	gItemDescription_Revive
0x083C24B3	rom	0x2B	gItemDescription_MaxRevive
0x083C24DE	rom	0x2F	gItemDescription_FreshWater
0x083C250D	rom	0x32	gItemDescription_SodaPop
0x083C253F	rom	0x32	gItemDescription_Lemonade
0x083C2571	rom	0x32	gItemDescription_MoomooMilk
0x083C25A3	rom	0x2F	gItemDescription_EnergyPowder
0x083C25D2	rom	0x2E	gItemDescription_EnergyRoot
0x083C2600	rom	0x30	gItemDescription_HealPowder
0x083C2630	rom	0x33	gItemDescription_RevivalHerb
0x083C2663	rom	0x2A	gItemDescription_Ether
0x083C268D	rom	0x2A	gItemDescription_MaxEther
0x083C26B7	rom	0x24	gItemDescription_Elixir
0x083C26DB	rom	0x2C	gItemDescription_MaxElixir
0x083C2707	rom	0x32	gItemDescription_LavaCookie
0x083C2739	rom	0x2D	gItemDescription_BlueFlute
0x083C2766	rom	0x33	gItemDescription_YellowFlute
0x083C2799	rom	0x34	gItemDescription_RedFlute
0x083C27CD	rom	0x2C	gItemDescription_BlackFlute
0x083C27F9	rom	0x27	gItemDescription_WhiteFlute
0x083C2820	rom	0x31	gItemDescription_BerryJuice
0x083C2851	rom	0x30	gItemDescription_SacredAsh
0x083C2881	rom	0x2F	gItemDescription_ShoalSalt
0x083C28B0	rom	0x2D	gItemDescription_ShoalShell
0x083C28DD	rom	0x33	gItemDescription_RedShard
0x083C2910	rom	0x33	gItemDescription_BlueShard
0x083C2943	rom	0x33	gItemDescription_YellowShard
0x083C2976	rom	0x33	gItemDescription_GreenShard
0x083C29A9	rom	0x1E	gItemDescription_HPUp
0x083C29C7	rom	0x27	gItemDescription_Protein
0x083C29EE	rom	0x28	gItemDescription_Iron
0x083C2A16	rom	0x26	gItemDescription_Carbos
0x083C2A3C	rom	0x28	gItemDescription_Calcium
0x083C2A64	rom	0x26	gItemDescription_RareCandy
0x083C2A8A	rom	0x2A	gItemDescription_PPUp
0x083C2AB4	rom	0x28	gItemDescription_Zinc
0x083C2ADC	rom	0x2F	gItemDescription_PPMax
0x083C2B0B	rom	0x2D	gItemDescription_GuardSpec
0x083C2B38	rom	0x31	gItemDescription_DireHit
0x083C2B69	rom	0x2A	gItemDescription_XAttack
0x083C2B93	rom	0x2B	gItemDescription_XDefend
0x083C2BBE	rom	0x29	gItemDescription_XSpeed
0x083C2BE7	rom	0x33	gItemDescription_XAccuracy
0x083C2C1A	rom	0x2B	gItemDescription_XSpecial
0x083C2C45	rom	0x31	gItemDescription_PokeDoll
0x083C2C76	rom	0x31	gItemDescription_FluffyTail
0x083C2CA7	rom	0x28	gItemDescription_SuperRepel
0x083C2CCF	rom	0x28	gItemDescription_MaxRepel
0x083C2CF7	rom	0x32	gItemDescription_EscapeRope
0x083C2D29	rom	0x28	gItemDescription_Repel
0x083C2D51	rom	0x29	gItemDescription_SunStone
0x083C2D7A	rom	0x29	gItemDescription_MoonStone
0x083C2DA3	rom	0x29	gItemDescription_FireStone
0x083C2DCC	rom	0x29	gItemDescription_ThunderStone
0x083C2DF5	rom	0x29	gItemDescription_WaterStone
0x083C2E1E	rom	0x29	gItemDescription_LeafStone
0x083C2E47	rom	0x31	gItemDescription_TinyMushroom
0x083C2E78	rom	0x31	gItemDescription_BigMushroom
0x083C2EA9	rom	0x25	gItemDescription_Pearl
0x083C2ECE	rom	0x36	gItemDescription_BigPearl
0x083C2F04	rom	0x31	gItemDescription_Stardust
0x083C2F35	rom	0x36	gItemDescription_StarPiece
0x083C2F6B	rom	0x34	gItemDescription_Nugget
0x083C2F9F	rom	0x2D	gItemDescription_HeartScale
0x083C2FCC	rom	0x30	gItemDescription_OrangeMail
0x083C2FFC	rom	0x2E	gItemDescription_HarborMail
0x083C302A	rom	0x2E	gItemDescription_GlitterMail
0x083C3058	rom	0x30	gItemDescription_MechMail
0x083C3088	rom	0x2E	gItemDescription_WoodMail
0x083C30B6	rom	0x2E	gItemDescription_WaveMail
0x083C30E4	rom	0x30	gItemDescription_BeadMail
0x083C3114	rom	0x2E	gItemDescription_ShadowMail
0x083C3142	rom	0x30	gItemDescription_TropicMail
0x083C3172	rom	0x30	gItemDescription_DreamMail
0x083C31A2	rom	0x2F	gItemDescription_FabMail
0x083C31D1	rom	0x2E	gItemDescription_RetroMail
0x083C31FF	rom	0x2C	gItemDescription_CheriBerry
0x083C322B	rom	0x2C	gItemDescription_ChestoBerry
0x083C3257	rom	0x2C	gItemDescription_PechaBerry
0x083C3283	rom	0x29	gItemDescription_RawstBerry
0x083C32AC	rom	0x2D	gItemDescription_AspearBerry
0x083C32D9	rom	0x2B	gItemDescription_LeppaBerry
0x083C3304	rom	0x2B	gItemDescription_OranBerry
0x083C332F	rom	0x2C	gItemDescription_PersimBerry
0x083C335B	rom	0x29	gItemDescription_LumBerry
0x083C3384	rom	0x2B	gItemDescription_SitrusBerry
0x083C33AF	rom	0x2E	gItemDescription_FigyBerry
0x083C33DD	rom	0x2E	gItemDescription_WikiBerry
0x083C340B	rom	0x2E	gItemDescription_MagoBerry
0x083C3439	rom	0x2E	gItemDescription_AguavBerry
0x083C3467	rom	0x2E	gItemDescription_IapapaBerry
0x083C3495	rom	0x34	gItemDescription_RazzBerry
0x083C34C9	rom	0x34	gItemDescription_BlukBerry
0x083C34FD	rom	0x35	gItemDescription_NanabBerry
0x083C3532	rom	0x36	gItemDescription_WepearBerry
0x083C3568	rom	0x35	gItemDescription_PinapBerry
0x083C359D	rom	0x35	gItemDescription_PomegBerry
0x083C35D2	rom	0x36	gItemDescription_KelpsyBerry
0x083C3608	rom	0x36	gItemDescription_QualotBerry
0x083C363E	rom	0x36	gItemDescription_HondewBerry
0x083C3674	rom	0x35	gItemDescription_GrepaBerry
0x083C36A9	rom	0x36	gItemDescription_TamatoBerry
0x083C36DF	rom	0x35	gItemDescription_CornnBerry
0x083C3714	rom	0x36	gItemDescription_MagostBerry
0x083C374A	rom	0x36	gItemDescription_RabutaBerry
0x083C3780	rom	0x35	gItemDescription_NomelBerry
0x083C37B5	rom	0x36	gItemDescription_SpelonBerry
0x083C37EB	rom	0x36	gItemDescription_PamtreBerry
0x083C3821	rom	0x36	gItemDescription_WatmelBerry
0x083C3857	rom	0x35	gItemDescription_DurinBerry
0x083C388C	rom	0x35	gItemDescription_BelueBerry
0x083C38C1	rom	0x2B	gItemDescription_LiechiBerry
0x083C38EC	rom	0x2C	gItemDescription_GanlonBerry
0x083C3918	rom	0x2A	gItemDescription_SalacBerry
0x083C3942	rom	0x2C	gItemDescription_PetayaBerry
0x083C396E	rom	0x2C	gItemDescription_ApicotBerry
0x083C399A	rom	0x38	gItemDescription_LansatBerry
0x083C39D2	rom	0x33	gItemDescription_StarfBerry
0x083C3A05	rom	0x39	gItemDescription_EnigmaBerry
0x083C3A3E	rom	0x33	gItemDescription_BrightPowder
0x083C3A71	rom	0x2C	gItemDescription_WhiteHerb
0x083C3A9D	rom	0x35	gItemDescription_MachoBrace
0x083C3AD2	rom	0x30	gItemDescription_ExpShare
0x083C3B02	rom	0x37	gItemDescription_QuickClaw
0x083C3B39	rom	0x37	gItemDescription_SootheBell
0x083C3B70	rom	0x33	gItemDescription_MentalHerb
0x083C3BA3	rom	0x33	gItemDescription_ChoiceBand
0x083C3BD6	rom	0x3A	gItemDescription_KingsRock
0x083C3C10	rom	0x35	gItemDescription_SilverPowder
0x083C3C45	rom	0x32	gItemDescription_AmuletCoin
0x083C3C77	rom	0x2B	gItemDescription_CleanseTag
0x083C3CA2	rom	0x38	gItemDescription_SoulDew
0x083C3CDA	rom	0x31	gItemDescription_DeepSeaTooth
0x083C3D0B	rom	0x31	gItemDescription_DeepSeaScale
0x083C3D3C	rom	0x3A	gItemDescription_SmokeBall
0x083C3D76	rom	0x38	gItemDescription_Everstone
0x083C3DAE	rom	0x31	gItemDescription_FocusBand
0x083C3DDF	rom	0x36	gItemDescription_LuckyEgg
0x083C3E15	rom	0x30	gItemDescription_ScopeLens
0x083C3E45	rom	0x37	gItemDescription_MetalCoat
0x083C3E7C	rom	0x32	gItemDescription_Leftovers
0x083C3EAE	rom	0x2E	gItemDescription_DragonScale
0x083C3EDC	rom	0x30	gItemDescription_LightBall
0x083C3F0C	rom	0x38	gItemDescription_SoftSand
0x083C3F44	rom	0x36	gItemDescription_HardStone
0x083C3F7A	rom	0x37	gItemDescription_MiracleSeed
0x083C3FB1	rom	0x36	gItemDescription_BlackGlasses
0x083C3FE7	rom	0x2E	gItemDescription_BlackBelt
0x083C4015	rom	0x2E	gItemDescription_Magnet
0x083C4043	rom	0x37	gItemDescription_MysticWater
0x083C407A	rom	0x38	gItemDescription_SharpBeak
0x083C40B2	rom	0x38	gItemDescription_PoisonBarb
0x083C40EA	rom	0x35	gItemDescription_NeverMeltIce
0x083C411F	rom	0x37	gItemDescription_SpellTag
0x083C4156	rom	0x2D	gItemDescription_TwistedSpoon
0x083C4183	rom	0x36	gItemDescription_Charcoal
0x083C41B9	rom	0x38	gItemDescription_DragonFang
0x083C41F1	rom	0x38	gItemDescription_SilkScarf
0x083C4229	rom	0x21	gItemDescription_UpGrade
0x083C424A	rom	0x34	gItemDescription_ShellBell
0x083C427E	rom	0x33	gItemDescription_SeaIncense
0x083C42B1	rom	0x35	gItemDescription_LaxIncense
0x083C42E6	rom	0x35	gItemDescription_LuckyPunch
0x083C431B	rom	0x21	gItemDescription_MetalPowder
0x083C433C	rom	0x2D	gItemDescription_ThickClub
0x083C4369	rom	0x29	gItemDescription_Stick
0x083C4392	rom	0x2A	gItemDescription_RedScarf
0x083C43BC	rom	0x2C	gItemDescription_BlueScarf
0x083C43E8	rom	0x2A	gItemDescription_PinkScarf
0x083C4412	rom	0x2B	gItemDescription_GreenScarf
0x083C443D	rom	0x2B	gItemDescription_YellowScarf
0x083C4468	rom	0x35	gItemDescription_MachBike
0x083C449D	rom	0x25	gItemDescription_CoinCase
0x083C44C2	rom	0x32	gItemDescription_Itemfinder
0x083C44F4	rom	0x33	gItemDescription_OldRod
0x083C4527	rom	0x30	gItemDescription_GoodRod
0x083C4557	rom	0x30	gItemDescription_SuperRod
0x083C4587	rom	0x2C	gItemDescription_SSTicket
0x083C45B3	rom	0x31	gItemDescription_ContestPass
0x083C45E4	rom	0x2D	gItemDescription_WailmerPail
0x083C4611	rom	0x2F	gItemDescription_DevonGoods
0x083C4640	rom	0x2D	gItemDescription_SootSack
0x083C466D	rom	0x30	gItemDescription_BasementKey
0x083C469D	rom	0x31	gItemDescription_AcroBike
0x083C46CE	rom	0x35	gItemDescription_PokeblockCase
0x083C4703	rom	0x39	gItemDescription_Letter
0x083C473C	rom	0x35	gItemDescription_EonTicket
0x083C4771	rom	0x35	gItemDescription_RedOrb
0x083C47A6	rom	0x36	gItemDescription_BlueOrb
0x083C47DC	rom	0x2A	gItemDescription_Scanner
0x083C4806	rom	0x38	gItemDescription_GoGoggles
0x083C483E	rom	0x23	gItemDescription_Meteorite
0x083C4861	rom	0x33	gItemDescription_Room1Key
0x083C4894	rom	0x33	gItemDescription_Room2Key
0x083C48C7	rom	0x33	gItemDescription_Room4Key
0x083C48FA	rom	0x33	gItemDescription_Room6Key
0x083C492D	rom	0x32	gItemDescription_StorageKey
0x083C495F	rom	0x34	gItemDescription_RootFossil
0x083C4993	rom	0x34	gItemDescription_ClawFossil
0x083C49C7	rom	0x36	gItemDescription_DevonScope
0x083C49FD	rom	0x37	gItemDescription_TM01
0x083C4A34	rom	0x32	gItemDescription_TM02
0x083C4A66	rom	0x2F	gItemDescription_TM03
0x083C4A95	rom	0x31	gItemDescription_TM04
0x083C4AC6	rom	0x3A	gItemDescription_TM05
0x083C4B00	rom	0x35	gItemDescription_TM06
0x083C4B35	rom	0x35	gItemDescription_TM07
0x083C4B6A	rom	0x32	gItemDescription_TM08
0x083C4B9C	rom	0x30	gItemDescription_TM09
0x083C4BCC	rom	0x31	gItemDescription_TM10
0x083C4BFD	rom	0x31	gItemDescription_TM11
0x083C4C2E	rom	0x31	gItemDescription_TM12
0x083C4C5F	rom	0x30	gItemDescription_TM13
0x083C4C8F	rom	0x39	gItemDescription_TM14
0x083C4CC8	rom	0x2E	gItemDescription_TM15
0x083C4CF6	rom	0x34	gItemDescription_TM16
0x083C4D2A	rom	0x38	gItemDescription_TM17
0x083C4D62	rom	0x32	gItemDescription_TM18
0x083C4D94	rom	0x38	gItemDescription_TM19
0x083C4DCC	rom	0x33	gItemDescription_TM20
0x083C4DFF	rom	0x3A	gItemDescription_TM21
0x083C4E39	rom	0x3A	gItemDescription_TM22
0x083C4E73	rom	0x36	gItemDescription_TM23
0x083C4EA9	rom	0x35	gItemDescription_TM24
0x083C4EDE	rom	0x35	gItemDescription_TM25
0x083C4F13	rom	0x32	gItemDescription_TM26
0x083C4F45	rom	0x3A	gItemDescription_TM27
0x083C4F7F	rom	0x37	gItemDescription_TM28
0x083C4FB6	rom	0x32	gItemDescription_TM29
0x083C4FE8	rom	0x34	gItemDescription_TM30
0x083C501C	rom	0x37	gItemDescription_TM31
0x083C5053	rom	0x30	gItemDescription_TM32
0x083C5083	rom	0x37	gItemDescription_TM33
0x083C50BA	rom	0x3B	gItemDescription_TM34
0x083C50F5	rom	0x2F	gItemDescription_TM35
0x083C5124	rom	0x30	gItemDescription_TM36
0x083C5154	rom	0x39	gItemDescription_TM37
0x083C518D	rom	0x2E	gItemDescription_TM38
0x083C51BB	rom	0x37	gItemDescription_TM39
0x083C51F2	rom	0x30	gItemDescription_TM40
0x083C5222	rom	0x34	gItemDescription_TM41
0x083C5256	rom	0x33	gItemDescription_TM42
0x083C5289	rom	0x34	gItemDescription_TM43
0x083C52BD	rom	0x3A	gItemDescription_TM44
0x083C52F7	rom	0x37	gItemDescription_TM45
0x083C532E	rom	0x33	gItemDescription_TM46
0x083C5361	rom	0x31	gItemDescription_TM47
0x083C5392	rom	0x3A	gItemDescription_TM48
0x083C53CC	rom	0x39	gItemDescription_TM49
0x083C5405	rom	0x37	gItemDescription_TM50
0x083C543C	rom	0x2C	gItemDescription_HM01
0x083C5468	rom	0x34	gItemDescription_HM02
0x083C549C	rom	0x36	gItemDescription_HM03
0x083C54D2	rom	0x2B	gItemDescription_HM04
0x083C54FD	rom	0x38	gItemDescription_HM05
0x083C5535	rom	0x37	gItemDescription_HM06
0x083C556C	rom	0x37	gItemDescription_HM07
0x083C55A3	rom	0x37	gItemDescription_HM08
0x083C55DA	rom	0x1	gItemDescription_Dummy
0x083C55DC	rom	0x3BFC	gItems
0x083C91D8	rom	0x6	gText_Unused83C9150
0x083C91DE	rom	0x8	gMatsudaDebugMenu_ActionContestText
0x083C91E6	rom	0x10	gMatsudaDebugMenu_ActionContestResultsText
0x083C91F6	rom	0xA	gMatsudaDebugMenu_ActionChangeParameterText
0x083C9200	rom	0x8	gMatsudaDebugMenu_ActionChangeMoveText
0x083C9208	rom	0x10	gMatsudaDebugMenu_ActionContestCommText
0x083C9218	rom	0x10	gMatsudaDebugMenu_ActionCommTestText
0x083C9228	rom	0x12	gMatsudaDebugMenu_ActionSetHighScoreText
0x083C923A	rom	0x14	gMatsudaDebugMenu_ActionResetHighScoreText
0x083C924E	rom	0x19	gMatsudaDebugMenu_ActionSetAllArtMuseumText
0x083C9268	rom	0x38	gMatsudaDebugMenuActions
0x083C92A5	rom	0x20	Unknown_083C922D
0x083C92C6	rom	0x20	Unknown_083C924E
0x083C92E6	rom	0x8	gUnknown_083C926E
0x083C92EE	rom	0xC	gMatsudaDebugMenuContestTopLeft
0x083C92FA	rom	0xC	gUnknown_083C9282
0x083C9306	rom	0x8	gUnknown_083C928E
0x083C930E	rom	0x12	gUnknown_083C9296
0x083C9320	rom	0x9	gUnknown_083C92A8
0x083C932C	rom	0x8	gUnknown_083C92B4
0x083C9334	rom	0x8	gUnknown_083C92BC
0x083C933C	rom	0x8	gOamData_83C92C4
0x083C9344	rom	0x18	gSpriteTemplate_83C92CC
0x083C935C	rom	0x48	gUnknown_083C92E4
0x083C93A4	rom	0x7	gMatsudaDebugMenu_StartText
0x083C93AB	rom	0x4	gMatsudaDebugMenu_StartJapText
0x083C93AF	rom	0x4	gMatsudaDebugMenu_GoBackText
0x083C93B3	rom	0x7	gMatsudaDebugMenu_BattlePointsText
0x083C93BA	rom	0x6	MatsudaDebugMenuText_Cool
0x083C93C0	rom	0x5	MatsudaDebugMenuText_Cute
0x083C93C5	rom	0x6	MatsudaDebugMenuText_Beauty
0x083C93CB	rom	0x5	MatsudaDebugMenuText_Smart
0x083C93D0	rom	0x6	MatsudaDebugMenuText_Tough
0x083C93D6	rom	0x4	MatsudaDebugMenuText_Sheen
0x083C93DC	rom	0x18	gMatsudaDebugMenuTextList1
0x083C93F4	rom	0xB	MatsudaDebugMenuText_CoolContest
0x083C93FF	rom	0xB	MatsudaDebugMenuText_BeautyContest
0x083C940A	rom	0xB	MatsudaDebugMenuText_CuteContest
0x083C9415	rom	0xB	MatsudaDebugMenuText_SmartContest
0x083C9420	rom	0xB	MatsudaDebugMenuText_ToughContest
0x083C942C	rom	0x14	gMatsudaDebugMenuTextList2
0x083C9440	rom	0xA	MatsudaDebugMenuText_Fallarbor
0x083C944A	rom	0xA	MatsudaDebugMenuText_Verdanturf
0x083C9454	rom	0xA	MatsudaDebugMenuText_Slateport
0x083C945E	rom	0xA	MatsudaDebugMenuText_Lilycove
0x083C9468	rom	0x10	gMatsudaDebugMenuTextList3
0x083C9478	rom	0x8	gUnknown_083C9400
0x083C9480	rom	0xF00	gContestOpponents
0x083CA380	rom	0x8	gUnknown_083CA308
0x083CA388	rom	0x8	gUnknown_083CA310
0x083CA390	rom	0x18	gUnknown_083CA318
0x083CA3A8	rom	0x8	gUnknown_083CA330
0x083CA3B0	rom	0x4	sSliderHeartYPositions
0x083CA3B4	rom	0x4	gUnknown_083CA33C
0x083CA3B8	rom	0x10	gUnknown_083CA340
0x083CA3C8	rom	0x8	sSpriteSheet_SliderHeart
0x083CA3D0	rom	0x8	gOamData_83CA358
0x083CA3D8	rom	0x10	gSpriteAffineAnim_83CA360
0x083CA3E8	rom	0x18	gSpriteAffineAnim_83CA370
0x083CA400	rom	0x18	gSpriteAffineAnim_83CA388
0x083CA418	rom	0xC	gSpriteAffineAnimTable_83CA3A0
0x083CA424	rom	0x18	sSpriteTemplate_SliderHeart
0x083CA43C	rom	0x20	gUnknown_083CA3C4
0x083CA45C	rom	0x8	gUnknown_083CA3E4
0x083CA464	rom	0x8	gOamData_83CA3EC
0x083CA46C	rom	0x60	gSpriteTemplate_83CA3F4
0x083CA4CC	rom	0x10	gSubspriteTable_83CA454
0x083CA4DC	rom	0x8	gSubspriteTables_83CA464
0x083CA4E4	rom	0x8	gUnknown_083CA46C
0x083CA4EC	rom	0x8	gUnknown_083CA474
0x083CA4F4	rom	0x8	gOamData_83CA47C
0x083CA4FC	rom	0x18	gSpriteTemplate_83CA484
0x083CA514	rom	0x8	gOamData_83CA49C
0x083CA51C	rom	0x18	sSpriteTemplate_Judge
0x083CA534	rom	0x8	sSpriteSheet_Judge
0x083CA53C	rom	0x8	sSpriteSheet_JudgeSymbols
0x083CA544	rom	0x8	sSpritePalette_JudgeSymbols
0x083CA54C	rom	0x18	sSpriteTemplate_JudgeSpeechBubble
0x083CA564	rom	0x19	ContestString_DescHighlyAppealing
0x083CA57D	rom	0x33	ContestString_DescStartled1
0x083CA5B0	rom	0x35	ContestString_DescGreatLock
0x083CA5E5	rom	0x31	ContestString_DescRepeatable
0x083CA616	rom	0x29	ContestString_DescStartled2
0x083CA63F	rom	0x24	ContestString_DescStartled3
0x083CA663	rom	0x2D	ContestString_DescStartled4
0x083CA690	rom	0x39	ContestString_DescStartled5
0x083CA6C9	rom	0x28	ContestString_DescStartled6
0x083CA6F1	rom	0x30	ContestString_DescStartled7
0x083CA721	rom	0x34	ContestString_DescStartled8
0x083CA755	rom	0x33	ContestString_DescStartled9
0x083CA788	rom	0x25	ContestString_DescStartled10
0x083CA7AD	rom	0x2D	ContestString_DescStartled11
0x083CA7DA	rom	0x34	ContestString_DescStartled12
0x083CA80E	rom	0x34	ContestString_DescStartled13
0x083CA842	rom	0x2A	ContestString_DescAttentionShift
0x083CA86C	rom	0x35	ContestString_DescStartled14
0x083CA8A1	rom	0x31	ContestString_DescJamOthersMissTurn
0x083CA8D2	rom	0x2F	ContestString_DescStartled15
0x083CA901	rom	0x2F	ContestString_DescStartled16
0x083CA930	rom	0x31	ContestString_DescStartled17
0x083CA961	rom	0x2F	ContestString_DescStartled18
0x083CA990	rom	0x30	ContestString_DescStartled19
0x083CA9C0	rom	0x30	ContestString_DescStartled20
0x083CA9F0	rom	0x2A	ContestString_DescNervousOne
0x083CAA1A	rom	0x2A	ContestString_DescNervousAllAfter
0x083CAA44	rom	0x32	ContestString_DescConditionWorseBefore
0x083CAA76	rom	0x2A	ContestString_DescStartled21
0x083CAAA0	rom	0x2B	ContestString_DescGreatWhenFirst
0x083CAACB	rom	0x2A	ContestString_DescGreatWhenLast
0x083CAAF5	rom	0x2D	ContestString_DescAppealGoodBeforeAll
0x083CAB22	rom	0x2F	ContestString_DescAppealGoodBeforeOne
0x083CAB51	rom	0x33	ContestString_DescBetterWhenLater
0x083CAB84	rom	0x35	ContestString_DescAffectedByTiming
0x083CABB9	rom	0x34	ContestString_DescBetterWhenSameType
0x083CABED	rom	0x35	ContestString_DescBetterWhenDiffType
0x083CAC22	rom	0x2F	ContestString_DescAffectedByFront
0x083CAC51	rom	0x35	ContestString_DescConditionUp
0x083CAC86	rom	0x37	ContestString_DescAffectedByCondition
0x083CACBD	rom	0x2F	ContestString_DescAppealEarlier
0x083CACEC	rom	0x2D	ContestString_DescAppealLater
0x083CAD19	rom	0x33	ContestString_DescRandomOrderEasier
0x083CAD4C	rom	0x31	ContestString_DescRandomOrder
0x083CAD7D	rom	0x34	ContestString_DescAnyExcitement
0x083CADB1	rom	0x33	ContestString_DescStartled22
0x083CADE4	rom	0x35	ContestString_DescScaleWithExcitement
0x083CAE19	rom	0x32	ContestString_DescStopExcitement
0x083CAE4C	rom	0xC0	gContestEffectStrings
0x083CAF0C	rom	0xB	ContestString_MoveRainDance
0x083CAF17	rom	0x5	ContestString_MoveRage
0x083CAF1C	rom	0xD	ContestString_MoveFocusEnergy
0x083CAF29	rom	0x9	ContestString_MoveHypnosis
0x083CAF32	rom	0xB	ContestString_MoveSoftboiled
0x083CAF3D	rom	0xC	ContestString_MoveHornAttack
0x083CAF49	rom	0xD	ContestString_MoveSwordsDance
0x083CAF56	rom	0xB	ContestString_MoveConversion
0x083CAF61	rom	0xA	ContestString_MoveSunnyDay
0x083CAF6B	rom	0x5	ContestString_MoveRest
0x083CAF70	rom	0x9	ContestString_MoveVicegrip
0x083CAF79	rom	0xD	ContestString_MoveDefenseCurl
0x083CAF86	rom	0x8	ContestString_MoveLockOn
0x083CAF90	rom	0x38	gContestStrings_UnreferencedTable1
0x083CAFC8	rom	0x5	ContestString_Cool
0x083CAFCD	rom	0x7	ContestString_Beauty
0x083CAFD4	rom	0x5	ContestString_Cute
0x083CAFD9	rom	0x6	ContestString_Smart
0x083CAFDF	rom	0x6	ContestString_Tough
0x083CAFE8	rom	0x14	gContestCategoryNames
0x083CAFFC	rom	0x2A	gText_Contest_WhichMoveWillBePlayed
0x083CB026	rom	0x29	gText_Contest_ButItCantParticipate
0x083CB04F	rom	0x15	gText_MonAppealedWithMove
0x083CB064	rom	0x21	gText_OtherPokemonMadeMoves
0x083CB085	rom	0x1F	gText_MonWasWatchingOthers
0x083CB0A4	rom	0x21	gText_AllOutOfAppealTime
0x083CB0C5	rom	0x14	gText_Strvar1sStrvar3Move
0x083CB0D9	rom	0x6	gText_TRICK
0x083CB0DF	rom	0x8	gText_SPECIAL
0x083CB0E7	rom	0x1B	ContestString_AppealJammed
0x083CB102	rom	0x24	ContestString_FollowLead
0x083CB126	rom	0x12	ContestString_MessedUp
0x083CB138	rom	0x1B	ContestString_BetterUsual
0x083CB153	rom	0x27	ContestString_JudgeLookAway
0x083CB17A	rom	0x2A	ContestString_WorkHard
0x083CB1A4	rom	0x1E	ContestString_NoMoreMoves
0x083CB1C2	rom	0x1E	ContestString_WorkReallyWell
0x083CB1E0	rom	0x2B	ContestString_WorkHardStandout
0x083CB20B	rom	0x21	ContestString_JudgeExpectantly
0x083CB22C	rom	0x17	ContestString_WorkRatherWell
0x083CB243	rom	0x26	ContestString_WorkBetter
0x083CB26C	rom	0x34	gContestStrings_UnreferencedTable2
0x083CB2A0	rom	0x23	ContestString_StandOutNone
0x083CB2C3	rom	0x23	ContestString_StandOutNotMuch
0x083CB2E6	rom	0x20	ContestString_StandOutLittle
0x083CB306	rom	0x23	ContestString_StandOutLot
0x083CB329	rom	0x20	ContestString_StandOutTotal
0x083CB349	rom	0x1D	ContestString_StandOutDidnt
0x083CB368	rom	0x18	gContestStandOutStrings
0x083CB380	rom	0x2B	ContestString_AppealAnticipation3
0x083CB3AB	rom	0x1E	ContestString_JudgeSatisfied
0x083CB3C9	rom	0x1	ContestString_Terminator
0x083CB3CA	rom	0x24	ContestString_JudgeHeldFirm
0x083CB3EE	rom	0x1D	ContestString_ChangedPerceptions
0x083CB40B	rom	0x1D	ContestString_AppealWoreOff
0x083CB428	rom	0x26	ContestString_AppealWoreOff2
0x083CB44E	rom	0x2F	ContestString_AppealLookSame
0x083CB47D	rom	0x1B	ContestString_AppealCheapened
0x083CB498	rom	0x28	ContestString_AppealCheapened2
0x083CB4C0	rom	0x21	ContestString_AppealAttentionStolen
0x083CB4E1	rom	0x1A	ContestString_AppealCheapened3
0x083CB4FB	rom	0x25	ContestString_AppealCheapened4
0x083CB520	rom	0x2B	ContestString_AppealAnticipation
0x083CB54B	rom	0x28	ContestString_AppealCheapened5
0x083CB573	rom	0x2A	ContestString_AppealCheapened6
0x083CB59D	rom	0x2E	ContestString_AppealCheapened7
0x083CB5CB	rom	0x2A	ContestString_JammedStoodOut
0x083CB5F5	rom	0x2A	ContestString_AppealNoMore
0x083CB61F	rom	0x2D	ContestString_AppealTouched
0x083CB64C	rom	0x28	ContestString_AppealAnticipation2
0x083CB674	rom	0x29	ContestString_AppealStoodOut2
0x083CB69D	rom	0x1C	ContestString_AppealStoodOut3
0x083CB6B9	rom	0x2F	ContestString_JammedAppealsNotice
0x083CB6E8	rom	0x27	ContestString_AppealSame
0x083CB70F	rom	0x28	ContestString_AppealFullWorse
0x083CB738	rom	0x68	gContestString_UnreferencedPtrTable3
0x083CB7A0	rom	0x32	ContestString_MoreConscious
0x083CB7D2	rom	0x27	ContestString_NoAppeal
0x083CB7F9	rom	0x26	ContestString_SettleDown
0x083CB81F	rom	0x2D	ContestString_ObliviousToOthers
0x083CB84C	rom	0x2E	ContestString_LessAware
0x083CB87A	rom	0x2F	ContestString_StoppedCaring
0x083CB8A9	rom	0x2A	ContestString_StartleAttempt
0x083CB8D3	rom	0x22	ContestString_DazzleAttempt
0x083CB8F5	rom	0x22	ContestString_JudgeLookAway2
0x083CB917	rom	0x29	ContestString_UnnerveAttempt
0x083CB940	rom	0x16	ContestString_Nervous
0x083CB956	rom	0x30	ContestString_UnnerveWaiting
0x083CB986	rom	0x22	ContestString_TauntWell
0x083CB9A8	rom	0x19	ContestString_RegainedForm
0x083CB9C1	rom	0x27	ContestString_JamWell
0x083CB9E8	rom	0x26	ContestString_HustleStandout
0x083CBA0E	rom	0x29	ContestString_WorkHardUnnoticed
0x083CBA37	rom	0x2B	ContestString_WorkBefore
0x083CBA62	rom	0x20	ContestString_AppealNotWell
0x083CBA82	rom	0x2F	ContestString_WorkPreceding
0x083CBAB1	rom	0x20	ContestString_AppealNotWell2
0x083CBAD1	rom	0x27	ContestString_AppealNotShownWell
0x083CBAF8	rom	0x23	ContestString_AppealSlightlyWell
0x083CBB1B	rom	0x21	ContestString_AppealPrettyWell
0x083CBB3C	rom	0x21	ContestString_AppealExcellently
0x083CBB5D	rom	0x1A	ContestString_AppealDud
0x083CBB77	rom	0x27	ContestString_AppealNotVeryWell
0x083CBB9E	rom	0x23	ContestString_AppealSlightlyWell2
0x083CBBC1	rom	0x21	ContestString_AppealPrettyWell2
0x083CBBE2	rom	0x1F	ContestString_AppealVeryWell
0x083CBC01	rom	0x21	ContestString_AppealExcellently2
0x083CBC22	rom	0x34	ContestString_SameTypeGood
0x083CBC56	rom	0x34	ContestString_DiffTypeGood
0x083CBC8A	rom	0x33	ContestString_StoodOutAsMuch
0x083CBCBD	rom	0x2F	ContestString_NotAsWell
0x083CBCEC	rom	0x24	ContestString_ConditionRose
0x083CBD10	rom	0x2B	ContestString_HotStatus
0x083CBD3B	rom	0x2C	ContestString_MoveUpLine
0x083CBD67	rom	0x33	ContestString_MoveBackLine
0x083CBD9A	rom	0x30	ContestString_ScrambleOrder
0x083CBDCA	rom	0x27	ContestString_JudgeExpectantly2
0x083CBDF1	rom	0x24	ContestString_WentOverWell
0x083CBE15	rom	0x29	ContestString_WentOverVeryWell
0x083CBE3E	rom	0x2B	ContestString_AppealComboExcellently
0x083CBE69	rom	0x21	ContestString_AvertGaze
0x083CBE8A	rom	0x22	ContestString_AvoidSeeing
0x083CBEAC	rom	0x29	ContestString_NotFazed
0x083CBED5	rom	0x22	ContestString_LittleDistracted
0x083CBEF7	rom	0x2A	ContestString_AttemptStartle
0x083CBF21	rom	0x26	ContestString_LookedDown
0x083CBF47	rom	0x26	ContestString_TurnedBack
0x083CBF6D	rom	0x24	ContestString_UtterCry
0x083CBF91	rom	0x20	ContestString_LeaptUp
0x083CBFB1	rom	0x27	ContestString_TrippedOver
0x083CBFD8	rom	0x1F	ContestString_TooNervous
0x083CBFF7	rom	0x15	ContestString_MessedUp2
0x083CC00C	rom	0x2D	ContestString_FailedTargetNervous
0x083CC039	rom	0x29	ContestString_FailedAnyoneNervous
0x083CC062	rom	0x19	ContestString_Ignored
0x083CC07B	rom	0x2C	ContestString_NoConditionImprove
0x083CC0A7	rom	0x30	ContestString_BadConditionWeakAppeal
0x083CC0D7	rom	0x16	ContestString_Unaffected
0x083CC0ED	rom	0x2B	ContestString_DissapointedRepeat
0x083CC118	rom	0x1C	ContestString_WentOverGreat
0x083CC134	rom	0x27	ContestString_DidntGoWell
0x083CC15B	rom	0x20	ContestString_GotCrowdGoing
0x083CC17B	rom	0x20	ContestString_CantAppealNextTurn
0x083CC19B	rom	0x27	ContestString_AttractedAttention
0x083CC1C2	rom	0x24	ContestString_CrowdWatches
0x083CC1E6	rom	0x17	ContestString_Ignored2
0x083CC200	rom	0xF8	gUnknown_083CC188
0x083CC2F8	rom	0x8	gText_Contest_Shyness
0x083CC300	rom	0x8	gText_Contest_Anxiety
0x083CC308	rom	0x9	gText_Contest_Laziness
0x083CC311	rom	0xA	gText_Contest_Hesitancy
0x083CC31B	rom	0x5	gText_Contest_Fear
0x083CC320	rom	0x9	ContestString_Coolness
0x083CC329	rom	0x7	ContestString_Beauty2
0x083CC330	rom	0x9	ContestString_Cuteness
0x083CC339	rom	0xA	ContestString_Smartness
0x083CC343	rom	0xA	ContestString_Toughness
0x083CC350	rom	0x14	gContestCategoryStrings
0x083CC364	rom	0x9	gUnknown_083CC2EC
0x083CC36D	rom	0xA	ContestString_CoolMove
0x083CC377	rom	0xC	ContestString_BeautyMove
0x083CC383	rom	0xA	ContestString_CuteMove
0x083CC38D	rom	0xB	ContestString_SmartMove
0x083CC398	rom	0xB	ContestString_ToughMove
0x083CC3A3	rom	0x4	ContestString_UnknownMoveType
0x083CC3A8	rom	0x18	sInvalidContestMoveNames
0x083CC3C0	rom	0x5	ContestString_Rank
0x083CC3C5	rom	0x8	ContestString_HighlightTransparent_ColorMagenta
0x083CC3CD	rom	0xC	gUnknownText_MissedTurn
0x083CC3D9	rom	0x10	gUnknownText_LinkStandbyAndWinner
0x083CC3E9	rom	0x4	gUnknownText_ColorWhite2
0x083CC3ED	rom	0x28	gUnknownText_LinkWinner
0x083CC416	rom	0x2	_unk_83CC3BE
0x083CC418	rom	0x7	gUnknownText_UnknownFormatting2
0x083CC41F	rom	0x4	gUnknownText_UnknownFormatting3
0x083CC424	rom	0x8	gUnknown_083CC3AC
0x083CC42C	rom	0x20	gUnknown_083CC3B4
0x083CC44C	rom	0x8	gSpriteAnim_83CC3D4
0x083CC454	rom	0x8	gSpriteAnim_83CC3DC
0x083CC45C	rom	0x8	gSpriteAnim_83CC3E4
0x083CC464	rom	0x8	gSpriteAnim_83CC3EC
0x083CC46C	rom	0x10	gSpriteAnimTable_83CC3F4
0x083CC47C	rom	0x10	gSpriteAffineAnim_83CC404
0x083CC48C	rom	0x10	gSpriteAffineAnim_83CC414
0x083CC49C	rom	0x18	gSpriteAffineAnim_83CC424
0x083CC4B4	rom	0x10	gSpriteAffineAnimTable_83CC43C
0x083CC4C4	rom	0x8	gOamData_83CC44C
0x083CC4CC	rom	0x60	gSpriteTemplate_83CC454
0x083CC52C	rom	0x20	gUnknown_083CC4B4
0x083CC54C	rom	0x20	gUnknown_083CC4D4
0x083CC56C	rom	0x8	gOamData_83CC4F4
0x083CC574	rom	0x10	gSpriteAffineAnim_83CC4FC
0x083CC584	rom	0x28	gSpriteAffineAnim_83CC50C
0x083CC5AC	rom	0x8	gSpriteAffineAnimTable_83CC534
0x083CC5B4	rom	0x60	gSpriteTemplate_83CC53C
0x083CC614	rom	0x6	gUnknown_083CC59C
0x083CC61A	rom	0x2	gText_Slash
0x083CC61C	rom	0x10	gUnknown_083CC5A4
0x083CC62C	rom	0x19	gContestExcitementTable
0x083CC648	rom	0x100	gDefaultContestWinners
0x083CC748	rom	0x18	sBuySellQuitMenuActions
0x083CC760	rom	0x3	gMartBuySellOptionList
0x083CC763	rom	0x2	gMartBuyNoSellOptionList
0x083CC766	rom	0x1A	gUnusedMartArray
0x083CC780	rom	0x8	sShopPurchaseYesNoFuncs
0x083CC78C	rom	0x6	sEscalatorMetatiles_1F_0
0x083CC792	rom	0x6	sEscalatorMetatiles_1F_1
0x083CC798	rom	0x6	sEscalatorMetatiles_1F_2
0x083CC79E	rom	0x6	sEscalatorMetatiles_1F_3
0x083CC7A4	rom	0x6	sEscalatorMetatiles_2F_0
0x083CC7AA	rom	0x6	sEscalatorMetatiles_2F_1
0x083CC7B0	rom	0x6	sEscalatorMetatiles_2F_2
0x083CC7B8	rom	0x25	sBerryDescriptionPart1_Cheri
0x083CC7DD	rom	0x24	sBerryDescriptionPart2_Cheri
0x083CC801	rom	0x25	sBerryDescriptionPart1_Chesto
0x083CC826	rom	0x28	sBerryDescriptionPart2_Chesto
0x083CC84E	rom	0x1A	sBerryDescriptionPart1_Pecha
0x083CC868	rom	0x25	sBerryDescriptionPart2_Pecha
0x083CC88D	rom	0x23	sBerryDescriptionPart1_Rawst
0x083CC8B0	rom	0x25	sBerryDescriptionPart2_Rawst
0x083CC8D5	rom	0x24	sBerryDescriptionPart1_Aspear
0x083CC8F9	rom	0x19	sBerryDescriptionPart2_Aspear
0x083CC912	rom	0x24	sBerryDescriptionPart1_Leppa
0x083CC936	rom	0x24	sBerryDescriptionPart2_Leppa
0x083CC95A	rom	0x28	sBerryDescriptionPart1_Oran
0x083CC982	rom	0x1C	sBerryDescriptionPart2_Oran
0x083CC99E	rom	0x22	sBerryDescriptionPart1_Persim
0x083CC9C0	rom	0x25	sBerryDescriptionPart2_Persim
0x083CC9E5	rom	0x24	sBerryDescriptionPart1_Lum
0x083CCA09	rom	0x1F	sBerryDescriptionPart2_Lum
0x083CCA28	rom	0x23	sBerryDescriptionPart1_Sitrus
0x083CCA4B	rom	0x21	sBerryDescriptionPart2_Sitrus
0x083CCA6C	rom	0x22	sBerryDescriptionPart1_Figy
0x083CCA8E	rom	0x1D	sBerryDescriptionPart2_Figy
0x083CCAAB	rom	0x26	sBerryDescriptionPart1_Wiki
0x083CCAD1	rom	0x19	sBerryDescriptionPart2_Wiki
0x083CCAEA	rom	0x23	sBerryDescriptionPart1_Mago
0x083CCB0D	rom	0x26	sBerryDescriptionPart2_Mago
0x083CCB33	rom	0x28	sBerryDescriptionPart1_Aguav
0x083CCB5B	rom	0x1F	sBerryDescriptionPart2_Aguav
0x083CCB7A	rom	0x20	sBerryDescriptionPart1_Iapapa
0x083CCB9A	rom	0x21	sBerryDescriptionPart2_Iapapa
0x083CCBBB	rom	0x25	sBerryDescriptionPart1_Razz
0x083CCBE0	rom	0x25	sBerryDescriptionPart2_Razz
0x083CCC05	rom	0x26	sBerryDescriptionPart1_Bluk
0x083CCC2B	rom	0x22	sBerryDescriptionPart2_Bluk
0x083CCC4D	rom	0x1B	sBerryDescriptionPart1_Nanab
0x083CCC68	rom	0x26	sBerryDescriptionPart2_Nanab
0x083CCC8E	rom	0x28	sBerryDescriptionPart1_Wepear
0x083CCCB6	rom	0x25	sBerryDescriptionPart2_Wepear
0x083CCCDB	rom	0x1C	sBerryDescriptionPart1_Pinap
0x083CCCF7	rom	0x27	sBerryDescriptionPart2_Pinap
0x083CCD1E	rom	0x1C	sBerryDescriptionPart1_Pomeg
0x083CCD3A	rom	0x21	sBerryDescriptionPart2_Pomeg
0x083CCD5B	rom	0x23	sBerryDescriptionPart1_Kelpsy
0x083CCD7E	rom	0x1B	sBerryDescriptionPart2_Kelpsy
0x083CCD99	rom	0x22	sBerryDescriptionPart1_Qualot
0x083CCDBB	rom	0x22	sBerryDescriptionPart2_Qualot
0x083CCDDD	rom	0x22	sBerryDescriptionPart1_Hondew
0x083CCDFF	rom	0x23	sBerryDescriptionPart2_Hondew
0x083CCE22	rom	0x21	sBerryDescriptionPart1_Grepa
0x083CCE43	rom	0x27	sBerryDescriptionPart2_Grepa
0x083CCE6A	rom	0x22	sBerryDescriptionPart1_Tamato
0x083CCE8C	rom	0x17	sBerryDescriptionPart2_Tamato
0x083CCEA3	rom	0x25	sBerryDescriptionPart1_Cornn
0x083CCEC8	rom	0x21	sBerryDescriptionPart2_Cornn
0x083CCEE9	rom	0x24	sBerryDescriptionPart1_Magost
0x083CCF0D	rom	0x1A	sBerryDescriptionPart2_Magost
0x083CCF27	rom	0x26	sBerryDescriptionPart1_Rabuta
0x083CCF4D	rom	0x1A	sBerryDescriptionPart2_Rabuta
0x083CCF67	rom	0x23	sBerryDescriptionPart1_Nomel
0x083CCF8A	rom	0x24	sBerryDescriptionPart2_Nomel
0x083CCFAE	rom	0x25	sBerryDescriptionPart1_Spelon
0x083CCFD3	rom	0x25	sBerryDescriptionPart2_Spelon
0x083CCFF8	rom	0x22	sBerryDescriptionPart1_Pamtre
0x083CD01A	rom	0x21	sBerryDescriptionPart2_Pamtre
0x083CD03B	rom	0x20	sBerryDescriptionPart1_Watmel
0x083CD05B	rom	0x26	sBerryDescriptionPart2_Watmel
0x083CD081	rom	0x21	sBerryDescriptionPart1_Durin
0x083CD0A2	rom	0x28	sBerryDescriptionPart2_Durin
0x083CD0CA	rom	0x26	sBerryDescriptionPart1_Belue
0x083CD0F0	rom	0x28	sBerryDescriptionPart2_Belue
0x083CD118	rom	0x25	sBerryDescriptionPart1_Liechi
0x083CD13D	rom	0x1E	sBerryDescriptionPart2_Liechi
0x083CD15B	rom	0x25	sBerryDescriptionPart1_Ganlon
0x083CD180	rom	0x1F	sBerryDescriptionPart2_Ganlon
0x083CD19F	rom	0x25	sBerryDescriptionPart1_Salac
0x083CD1C4	rom	0x1E	sBerryDescriptionPart2_Salac
0x083CD1E2	rom	0x25	sBerryDescriptionPart1_Petaya
0x083CD207	rom	0x28	sBerryDescriptionPart2_Petaya
0x083CD22F	rom	0x24	sBerryDescriptionPart1_Apicot
0x083CD253	rom	0x27	sBerryDescriptionPart2_Apicot
0x083CD27A	rom	0x1E	sBerryDescriptionPart1_Lansat
0x083CD298	rom	0x22	sBerryDescriptionPart2_Lansat
0x083CD2BA	rom	0x23	sBerryDescriptionPart1_Starf
0x083CD2DD	rom	0x23	sBerryDescriptionPart2_Starf
0x083CD300	rom	0x1E	sBerryDescriptionPart1_Enigma
0x083CD31E	rom	0x24	sBerryDescriptionPart2_Enigma
0x083CD344	rom	0x4B4	gBerries
0x083CD7F8	rom	0x8	gBlankBerryTree
0x083CD800	rom	0x18	MultichoiceList_00
0x083CD818	rom	0x18	MultichoiceList_02
0x083CD830	rom	0x20	MultichoiceList_03
0x083CD850	rom	0x30	MultichoiceList_04
0x083CD880	rom	0x20	MultichoiceList_06
0x083CD8A0	rom	0x18	MultichoiceList_05
0x083CD8B8	rom	0x20	MultichoiceList_07
0x083CD8D8	rom	0x10	MultichoiceList_12
0x083CD8E8	rom	0x30	MultichoiceList_13
0x083CD918	rom	0x10	MultichoiceList_14
0x083CD928	rom	0x10	MultichoiceList_16
0x083CD938	rom	0x18	MultichoiceList_17
0x083CD950	rom	0x20	MultichoiceList_18
0x083CD970	rom	0x18	MultichoiceList_19
0x083CD988	rom	0x18	MultichoiceList_20
0x083CD9A0	rom	0x18	MultichoiceList_23
0x083CD9B8	rom	0x18	MultichoiceList_24
0x083CD9D0	rom	0x18	MultichoiceList_25
0x083CD9E8	rom	0x18	MultichoiceList_26
0x083CDA00	rom	0x18	MultichoiceList_27
0x083CDA18	rom	0x18	MultichoiceList_28
0x083CDA30	rom	0x18	MultichoiceList_29
0x083CDA48	rom	0x18	MultichoiceList_30
0x083CDA60	rom	0x18	MultichoiceList_31
0x083CDA78	rom	0x18	MultichoiceList_32
0x083CDA90	rom	0x18	MultichoiceList_33
0x083CDAA8	rom	0x18	MultichoiceList_34
0x083CDAC0	rom	0x18	MultichoiceList_35
0x083CDAD8	rom	0x18	MultichoiceList_36
0x083CDAF0	rom	0x18	MultichoiceList_37
0x083CDB08	rom	0x18	MultichoiceList_38
0x083CDB20	rom	0x18	MultichoiceList_39
0x083CDB38	rom	0x20	MultichoiceList_42
0x083CDB58	rom	0x20	MultichoiceList_43
0x083CDB78	rom	0x20	MultichoiceList_44
0x083CDB98	rom	0x10	MultichoiceList_45
0x083CDBA8	rom	0x18	MultichoiceList_46
0x083CDBC0	rom	0x40	MultichoiceList_47
0x083CDC00	rom	0x20	MultichoiceList_48
0x083CDC20	rom	0x30	MultichoiceList_55
0x083CDC50	rom	0x18	MultichoiceList_49
0x083CDC68	rom	0x10	MultichoiceList_50
0x083CDC78	rom	0x18	MultichoiceList_52
0x083CDC90	rom	0x18	MultichoiceList_53
0x083CDCA8	rom	0x10	MultichoiceList_54
0x083CDCB8	rom	0x18	MultichoiceList_56
0x083CDCD0	rom	0x28	MultichoiceList_57
0x083CDCF8	rom	0x10	MultichoiceList_58
0x083CDD08	rom	0x10	MultichoiceList_59
0x083CDD18	rom	0x18	MultichoiceList_60
0x083CDD30	rom	0x10	MultichoiceList_61
0x083CDD40	rom	0x18	MultichoiceList_62
0x083CDD58	rom	0x18	MultichoiceList_63
0x083CDD70	rom	0x20	MultichoiceList_64
0x083CDD90	rom	0x10	MultichoiceList_65
0x083CDDA0	rom	0x18	MultichoiceList_66
0x083CDDB8	rom	0x18	MultichoiceList_67
0x083CDDD0	rom	0x20	MultichoiceList_68
0x083CDDF0	rom	0x18	MultichoiceList_69
0x083CDE08	rom	0x20	MultichoiceList_70
0x083CDE28	rom	0x20	MultichoiceList_71
0x083CDE48	rom	0x28	MultichoiceList_72
0x083CDE70	rom	0x8	MultichoiceList_01
0x083CDE78	rom	0x248	gMultichoiceLists
0x083CE0C0	rom	0x4C	gStdStrings
0x083CE10C	rom	0xC0	gSpriteImage_83CE094
0x083CE1CC	rom	0xC0	gSpriteImage_83CE154
0x083CE28C	rom	0x4	namingScreenDataPtr
0x083CE290	rom	0x28	sMainStateFuncs
0x083CE2B8	rom	0x10	sKeyboardKeyHandlers
0x083CE2C8	rom	0x8	sInputStateFuncs
0x083CE2D0	rom	0xA	sDpadDeltaX
0x083CE2DA	rom	0xA	sDpadDeltaY
0x083CE2E4	rom	0x8	s4RowTo3RowTableY
0x083CE2EC	rom	0x8	gUnknown_083CE274
0x083CE2F4	rom	0x10	sPageSwapAnimStateFuncs
0x083CE30C	rom	0x1B	sKeyboardSymbolPositions
0x083CE32C	rom	0x10	gUnknown_083CE2B4
0x083CE33C	rom	0x6	gUnknown_083CE2C4
0x083CE342	rom	0x6	gUnknown_083CE2CA
0x083CE358	rom	0x10	gUnknown_083CE2E0
0x083CE368	rom	0x18	gUnknown_083CE2F0
0x083CE388	rom	0x18	gUnknown_083CE310
0x083CE3A0	rom	0x30	gUnknown_083CE328
0x083CE3D0	rom	0x10	gUnknown_083CE358
0x083CE3E0	rom	0x8	gUnknown_083CE368
0x083CE3EC	rom	0xC	playerNamingScreenTemplate
0x083CE3F8	rom	0xC	pcBoxNamingTemplate
0x083CE404	rom	0xC	monNamingScreenTemplate
0x083CE410	rom	0x10	sNamingScreenTemplates
0x083CE420	rom	0xF0	sKeyboardCharacters
0x083CE510	rom	0x8	gOamData_83CE498
0x083CE518	rom	0x8	gOamData_83CE4A0
0x083CE520	rom	0x8	gOamData_83CE4A8
0x083CE528	rom	0x40	gSubspriteTable_83CE4B0
0x083CE568	rom	0x10	gSubspriteTable_83CE4F0
0x083CE578	rom	0x10	gSubspriteTable_83CE500
0x083CE588	rom	0x30	gSubspriteTable_83CE510
0x083CE5B8	rom	0x18	gSubspriteTable_83CE540
0x083CE5D0	rom	0x8	gSubspriteTables_83CE558
0x083CE5D8	rom	0x18	gSubspriteTables_83CE560
0x083CE5F0	rom	0x8	gSubspriteTables_83CE578
0x083CE5F8	rom	0x8	gSubspriteTables_83CE580
0x083CE600	rom	0x10	gSpriteImageTable_83CE588
0x083CE610	rom	0x8	gSpriteAnim_83CE598
0x083CE618	rom	0xC	gSpriteAnim_83CE5A0
0x083CE624	rom	0xC	gSpriteAnim_83CE5AC
0x083CE630	rom	0x4	gSpriteAnimTable_83CE5B8
0x083CE634	rom	0x8	gSpriteAnimTable_83CE5BC
0x083CE63C	rom	0x4	gSpriteAnimTable_83CE5C4
0x083CE640	rom	0x18	gSpriteTemplate_83CE5C8
0x083CE658	rom	0x18	gSpriteTemplate_83CE5E0
0x083CE670	rom	0x18	gSpriteTemplate_83CE5F8
0x083CE688	rom	0x18	gSpriteTemplate_83CE610
0x083CE6A0	rom	0x18	gSpriteTemplate_83CE628
0x083CE6B8	rom	0x18	gSpriteTemplate_83CE640
0x083CE6D0	rom	0x18	gSpriteTemplate_83CE658
0x083CE6E8	rom	0x18	gSpriteTemplate_83CE670
0x083CE700	rom	0x18	gSpriteTemplate_83CE688
0x083CE718	rom	0x68	gUnknown_083CE6A0
0x083CE780	rom	0x40	gUnknown_083CE708
0x083CE7C0	rom	0x4B0	gUnknown_083CE748
0x083CEC70	rom	0x4B0	gUnknown_083CEBF8
0x083CF120	rom	0x4B0	gUnknown_083CF0A8
0x083CF5D0	rom	0x8	gOamData_83CF558
0x083CF5D8	rom	0x8	gSpriteAnim_83CF560
0x083CF5E0	rom	0x4	gSpriteAnimTable_83CF568
0x083CF5E4	rom	0x18	gSpriteTemplate_83CF56C
0x083CF5FC	rom	0x8	gUnknown_083CF584
0x083CF604	rom	0x8	gUnknown_083CF58C
0x083CF60C	rom	0xB18	gContestMoves
0x083D0124	rom	0xC0	gContestEffects
0x083D01E4	rom	0x3F	gComboStarterLookupTable
0x083D0224	rom	0xC0	gContestEffectFuncs
0x083D02E4	rom	0x4	recordMixingSecretBases
0x083D02E8	rom	0x4	recordMixingTvShows
0x083D02EC	rom	0x4	recordMixingPokeNews
0x083D02F0	rom	0x4	recordMixingMauvilleMan
0x083D02F4	rom	0x4	recordMixingEasyChatPairs
0x083D02F8	rom	0x4	gDayCareMailPlayerRecord
0x083D02FC	rom	0x4	gBattleTowerPlayerRecord
0x083D0300	rom	0x2	gUnknown_083D0288
0x083D0302	rom	0x6	gUnknown_083D028A
0x083D0308	rom	0x24	gUnknown_083D0290
0x083D032C	rom	0x6	gUnknown_083D02B4
0x083D0332	rom	0xC	gUnknown_083D02BA
0x083D0378	rom	0x12	gUnknown_083D0300
0x083D0470	rom	0x5	gUnknown_083D03F8
0x083D0486	rom	0x5	sBGMName_MUS_STOP
0x083D048B	rom	0x8	sBGMName_MUS_LITTLEROOT_TEST
0x083D0493	rom	0x8	sBGMName_MUS_GSC_ROUTE38
0x083D049B	rom	0x8	sBGMName_MUS_CAUGHT
0x083D04A3	rom	0x7	sBGMName_MUS_VICTORY_WILD
0x083D04AA	rom	0x7	sBGMName_MUS_VICTORY_GYM_LEADER
0x083D04B1	rom	0x7	sBGMName_MUS_VICTORY_LEAGUE
0x083D04B8	rom	0x4	sBGMName_MUS_C_COMM_CENTER
0x083D04BC	rom	0x5	sBGMName_MUS_GSC_PEWTER
0x083D04C1	rom	0x7	sBGMName_MUS_C_VS_LEGEND_BEAST
0x083D04C8	rom	0x7	sBGMName_MUS_ROUTE101
0x083D04CF	rom	0x9	sBGMName_MUS_ROUTE110
0x083D04D8	rom	0x9	sBGMName_MUS_ROUTE120
0x083D04E1	rom	0x9	sBGMName_MUS_PETALBURG
0x083D04EA	rom	0x9	sBGMName_MUS_OLDALE
0x083D04F3	rom	0x4	sBGMName_MUS_GYM
0x083D04F7	rom	0x9	sBGMName_MUS_SURF
0x083D0500	rom	0x6	sBGMName_MUS_PETALBURG_WOODS
0x083D0506	rom	0x7	sBGMName_MUS_LEVEL_UP
0x083D050D	rom	0x7	sBGMName_MUS_HEAL
0x083D0514	rom	0x9	sBGMName_MUS_OBTAIN_BADGE
0x083D051D	rom	0x7	sBGMName_MUS_OBTAIN_ITEM
0x083D0524	rom	0x7	sBGMName_MUS_EVOLVED
0x083D052B	rom	0x8	sBGMName_MUS_OBTAIN_TMHM
0x083D0533	rom	0x8	sBGMName_MUS_LILYCOVE_MUSEUM
0x083D053B	rom	0x9	sBGMName_MUS_ROUTE122
0x083D0544	rom	0x9	sBGMName_MUS_OCEANIC_MUSEUM
0x083D054D	rom	0xA	sBGMName_MUS_EVOLUTION_INTRO
0x083D0557	rom	0x7	sBGMName_MUS_EVOLUTION
0x083D055E	rom	0xA	sBGMName_MUS_MOVE_DELETED
0x083D0568	rom	0xA	sBGMName_MUS_ENCOUNTER_GIRL
0x083D0572	rom	0x7	sBGMName_MUS_ENCOUNTER_MALE
0x083D0579	rom	0x6	sBGMName_MUS_ABANDONED_SHIP
0x083D057F	rom	0x9	sBGMName_MUS_FORTREE
0x083D0588	rom	0x8	sBGMName_MUS_BIRCH_LAB
0x083D0590	rom	0x8	sBGMName_MUS_B_TOWER
0x083D0598	rom	0x8	sBGMName_MUS_ENCOUNTER_SWIMMER
0x083D05A0	rom	0x6	sBGMName_MUS_CAVE_OF_ORIGIN
0x083D05A6	rom	0xA	sBGMName_MUS_OBTAIN_BERRY
0x083D05B0	rom	0x8	sBGMName_MUS_AWAKEN_LEGEND
0x083D05B8	rom	0x9	sBGMName_MUS_SLOTS_JACKPOT
0x083D05C1	rom	0xB	sBGMName_MUS_SLOTS_WIN
0x083D05CC	rom	0xA	sBGMName_MUS_TOO_BAD
0x083D05D6	rom	0x8	sBGMName_MUS_ROULETTE
0x083D05DE	rom	0x6	sBGMName_MUS_LINK_CONTEST_P1
0x083D05E4	rom	0x6	sBGMName_MUS_LINK_CONTEST_P2
0x083D05EA	rom	0x6	sBGMName_MUS_LINK_CONTEST_P3
0x083D05F0	rom	0x6	sBGMName_MUS_LINK_CONTEST_P4
0x083D05F6	rom	0x5	sBGMName_MUS_ENCOUNTER_RICH
0x083D05FB	rom	0x9	sBGMName_MUS_VERDANTURF
0x083D0604	rom	0x7	sBGMName_MUS_RUSTBORO
0x083D060B	rom	0x8	sBGMName_MUS_POKE_CENTER
0x083D0613	rom	0x9	sBGMName_MUS_ROUTE104
0x083D061C	rom	0x9	sBGMName_MUS_ROUTE119
0x083D0625	rom	0x8	sBGMName_MUS_CYCLING
0x083D062D	rom	0x9	sBGMName_MUS_POKE_MART
0x083D0636	rom	0x8	sBGMName_MUS_LITTLEROOT
0x083D063E	rom	0x6	sBGMName_MUS_MT_CHIMNEY
0x083D0644	rom	0x8	sBGMName_MUS_ENCOUNTER_FEMALE
0x083D064C	rom	0x7	sBGMName_MUS_LILYCOVE
0x083D0653	rom	0x8	sBGMName_MUS_ROUTE111
0x083D065B	rom	0x7	sBGMName_MUS_HELP
0x083D0662	rom	0x9	sBGMName_MUS_UNDERWATER
0x083D066B	rom	0x7	sBGMName_MUS_VICTORY_TRAINER
0x083D0672	rom	0x7	sBGMName_MUS_TITLE
0x083D0679	rom	0x6	sBGMName_MUS_INTRO
0x083D067F	rom	0x9	sBGMName_MUS_ENCOUNTER_MAY
0x083D0688	rom	0x9	sBGMName_MUS_ENCOUNTER_INTENSE
0x083D0691	rom	0x8	sBGMName_MUS_ENCOUNTER_COOL
0x083D0699	rom	0x9	sBGMName_MUS_ROUTE113
0x083D06A2	rom	0x6	sBGMName_MUS_ENCOUNTER_AQUA
0x083D06A8	rom	0x9	sBGMName_MUS_FOLLOW_ME
0x083D06B1	rom	0x8	sBGMName_MUS_ENCOUNTER_BRENDAN
0x083D06B9	rom	0x8	sBGMName_MUS_EVER_GRANDE
0x083D06C1	rom	0x7	sBGMName_MUS_ENCOUNTER_SUSPICIOUS
0x083D06C8	rom	0x7	sBGMName_MUS_VICTORY_AQUA_MAGMA
0x083D06CF	rom	0x8	sBGMName_MUS_CABLE_CAR
0x083D06D7	rom	0x7	sBGMName_MUS_GAME_CORNER
0x083D06DE	rom	0x9	sBGMName_MUS_DEWFORD
0x083D06E7	rom	0x7	sBGMName_MUS_SAFARI_ZONE
0x083D06EE	rom	0x7	sBGMName_MUS_VICTORY_ROAD
0x083D06F5	rom	0x6	sBGMName_MUS_AQUA_MAGMA_HIDEOUT
0x083D06FB	rom	0x7	sBGMName_MUS_SAILING
0x083D0702	rom	0x9	sBGMName_MUS_MT_PYRE
0x083D070B	rom	0x9	sBGMName_MUS_SLATEPORT
0x083D0714	rom	0x8	sBGMName_MUS_MT_PYRE_EXTERIOR
0x083D071C	rom	0x9	sBGMName_MUS_SCHOOL
0x083D0725	rom	0x7	sBGMName_MUS_HALL_OF_FAME
0x083D072C	rom	0x9	sBGMName_MUS_FALLARBOR
0x083D0735	rom	0x9	sBGMName_MUS_SEALED_CHAMBER
0x083D073E	rom	0x8	sBGMName_MUS_CONTEST_WINNER
0x083D0746	rom	0x9	sBGMName_MUS_CONTEST
0x083D074F	rom	0x5	sBGMName_MUS_ENCOUNTER_MAGMA
0x083D0754	rom	0x9	sBGMName_MUS_INTRO_BATTLE
0x083D075D	rom	0x6	sBGMName_MUS_WEATHER_KYOGRE
0x083D0763	rom	0x7	sBGMName_MUS_WEATHER_GROUDON
0x083D076A	rom	0x9	sBGMName_MUS_SOOTOPOLIS
0x083D0773	rom	0x6	sBGMName_MUS_CONTEST_RESULTS
0x083D0779	rom	0x8	sBGMName_MUS_HALL_OF_FAME_ROOM
0x083D0781	rom	0x9	sBGMName_MUS_TRICK_HOUSE
0x083D078A	rom	0x7	sBGMName_MUS_ENCOUNTER_TWINS
0x083D0791	rom	0x9	sBGMName_MUS_ENCOUNTER_ELITE_FOUR
0x083D079A	rom	0x9	sBGMName_MUS_ENCOUNTER_HIKER
0x083D07A3	rom	0x9	sBGMName_MUS_CONTEST_LOBBY
0x083D07AC	rom	0x8	sBGMName_MUS_ENCOUNTER_INTERVIEWER
0x083D07B4	rom	0x6	sBGMName_MUS_ENCOUNTER_CHAMPION
0x083D07BA	rom	0x9	sBGMName_MUS_CREDITS
0x083D07C3	rom	0x4	sBGMName_MUS_END
0x083D07C7	rom	0x9	sBGMName_MUS_VS_WILD
0x083D07D0	rom	0x9	sBGMName_MUS_VS_AQUA_MAGMA
0x083D07D9	rom	0x9	sBGMName_MUS_VS_TRAINER
0x083D07E2	rom	0x9	sBGMName_MUS_VS_GYM_LEADER
0x083D07EB	rom	0x9	sBGMName_MUS_VS_CHAMPION
0x083D07F4	rom	0x9	sBGMName_MUS_VS_REGI
0x083D07FD	rom	0x9	sBGMName_MUS_VS_KYOGRE_GROUDON
0x083D0806	rom	0x9	sBGMName_MUS_VS_RIVAL
0x083D080F	rom	0x9	sBGMName_MUS_VS_ELITE_FOUR
0x083D0818	rom	0x9	sBGMName_MUS_VS_AQUA_MAGMA_LEADER
0x083D0824	rom	0x1D8	gBGMNames
0x083D09FC	rom	0x5	sSEName_MUS_DUMMY
0x083D0A01	rom	0x8	sSEName_SE_USE_ITEM
0x083D0A09	rom	0x9	sSEName_SE_PC_LOGIN
0x083D0A12	rom	0x7	sSEName_SE_PC_OFF
0x083D0A19	rom	0x6	sSEName_SE_PC_ON
0x083D0A1F	rom	0x7	sSEName_SE_SELECT
0x083D0A26	rom	0x9	sSEName_SE_WIN_OPEN
0x083D0A2F	rom	0x9	sSEName_SE_WALL_HIT
0x083D0A38	rom	0x5	sSEName_SE_DOOR
0x083D0A3D	rom	0x7	sSEName_SE_EXIT
0x083D0A44	rom	0x6	sSEName_SE_LEDGE
0x083D0A4A	rom	0x9	sSEName_SE_BIKE_BELL
0x083D0A53	rom	0x8	sSEName_SE_NOT_EFFECTIVE
0x083D0A5B	rom	0x8	sSEName_SE_EFFECTIVE
0x083D0A63	rom	0x8	sSEName_SE_SUPER_EFFECTIVE
0x083D0A6B	rom	0x6	sSEName_SE_BALL_OPEN
0x083D0A71	rom	0xA	sSEName_SE_FAINT
0x083D0A7B	rom	0x7	sSEName_SE_FLEE
0x083D0A82	rom	0x9	sSEName_SE_SLIDING_DOOR
0x083D0A8B	rom	0x9	sSEName_SE_SHIP
0x083D0A94	rom	0x4	sSEName_SE_BANG
0x083D0A98	rom	0x4	sSEName_SE_PIN
0x083D0A9C	rom	0x4	sSEName_SE_BOO
0x083D0AA0	rom	0x5	sSEName_SE_BALL
0x083D0AA5	rom	0x6	sSEName_SE_CONTEST_PLACE
0x083D0AAB	rom	0x2	sSEName_SE_A
0x083D0AAD	rom	0x2	sSEName_SE_I
0x083D0AAF	rom	0x2	sSEName_SE_U
0x083D0AB1	rom	0x2	sSEName_SE_E
0x083D0AB3	rom	0x2	sSEName_SE_O
0x083D0AB5	rom	0x2	sSEName_SE_N
0x083D0AB7	rom	0x7	sSEName_SE_SUCCESS
0x083D0ABE	rom	0x7	sSEName_SE_FAILURE
0x083D0AC5	rom	0x4	sSEName_SE_EXP
0x083D0AC9	rom	0xB	sSEName_SE_BIKE_HOP
0x083D0AD4	rom	0x9	sSEName_SE_SWITCH
0x083D0ADD	rom	0x9	sSEName_SE_CLICK
0x083D0AE6	rom	0x8	sSEName_SE_FU_ZAKU
0x083D0AEE	rom	0x9	sSEName_SE_CONTEST_CONDITION_LOSE
0x083D0AF7	rom	0xA	sSEName_SE_LAVARIDGE_FALL_WARP
0x083D0B01	rom	0xA	sSEName_SE_ICE_STAIRS
0x083D0B0B	rom	0xA	sSEName_SE_ICE_BREAK
0x083D0B15	rom	0x8	sSEName_SE_ICE_CRACK
0x083D0B1D	rom	0x8	sSEName_SE_FALL
0x083D0B25	rom	0xA	sSEName_SE_UNLOCK
0x083D0B2F	rom	0xA	sSEName_SE_WARP_IN
0x083D0B39	rom	0xB	sSEName_SE_WARP_OUT
0x083D0B44	rom	0x7	sSEName_SE_REPEL
0x083D0B4B	rom	0x9	sSEName_SE_ROTATING_GATE
0x083D0B54	rom	0xB	sSEName_SE_TRUCK_MOVE
0x083D0B5F	rom	0xB	sSEName_SE_TRUCK_STOP
0x083D0B6A	rom	0xB	sSEName_SE_TRUCK_UNLOAD
0x083D0B75	rom	0xB	sSEName_SE_TRUCK_DOOR
0x083D0B80	rom	0x6	sSEName_SE_BERRY_BLENDER
0x083D0B86	rom	0x5	sSEName_SE_CARD
0x083D0B8B	rom	0x5	sSEName_SE_SAVE
0x083D0B90	rom	0x4	sSEName_SE_BALL_BOUNCE_1
0x083D0B94	rom	0x5	sSEName_SE_BALL_BOUNCE_2
0x083D0B99	rom	0x5	sSEName_SE_BALL_BOUNCE_3
0x083D0B9E	rom	0x5	sSEName_SE_BALL_BOUNCE_4
0x083D0BA3	rom	0x8	sSEName_SE_BALL_TRADE
0x083D0BAB	rom	0x7	sSEName_SE_BALL_THROW
0x083D0BB2	rom	0x6	sSEName_SE_NOTE_C
0x083D0BB8	rom	0x6	sSEName_SE_NOTE_D
0x083D0BBE	rom	0x6	sSEName_SE_NOTE_E
0x083D0BC4	rom	0x6	sSEName_SE_NOTE_F
0x083D0BCA	rom	0x6	sSEName_SE_NOTE_G
0x083D0BD0	rom	0x6	sSEName_SE_NOTE_A
0x083D0BD6	rom	0x6	sSEName_SE_NOTE_B
0x083D0BDC	rom	0x7	sSEName_SE_NOTE_C_HIGH
0x083D0BE3	rom	0x5	sSEName_SE_PUDDLE
0x083D0BE8	rom	0x6	sSEName_SE_BRIDGE_WALK
0x083D0BEE	rom	0x6	sSEName_SE_ITEMFINDER
0x083D0BF4	rom	0x7	sSEName_SE_DING_DONG
0x083D0BFB	rom	0x8	sSEName_SE_BALLOON_RED
0x083D0C03	rom	0x8	sSEName_SE_BALLOON_BLUE
0x083D0C0B	rom	0x8	sSEName_SE_BALLOON_YELLOW
0x083D0C13	rom	0x9	sSEName_SE_BREAKABLE_DOOR
0x083D0C1C	rom	0xA	sSEName_SE_MUD_BALL
0x083D0C26	rom	0x5	sSEName_SE_FIELD_POISON
0x083D0C2B	rom	0x6	sSEName_SE_ESCALATOR
0x083D0C31	rom	0x6	sSEName_SE_THUNDERSTORM
0x083D0C37	rom	0x8	sSEName_SE_THUNDERSTORM_STOP
0x083D0C3F	rom	0x8	sSEName_SE_DOWNPOUR
0x083D0C47	rom	0xA	sSEName_SE_DOWNPOUR_STOP
0x083D0C51	rom	0x8	sSEName_SE_RAIN
0x083D0C59	rom	0xA	sSEName_SE_RAIN_STOP
0x083D0C63	rom	0x7	sSEName_SE_THUNDER
0x083D0C6A	rom	0x8	sSEName_SE_THUNDER2
0x083D0C72	rom	0x8	sSEName_SE_ELEVATOR
0x083D0C7A	rom	0x6	sSEName_SE_LOW_HEALTH
0x083D0C80	rom	0x7	sSEName_SE_EXP_MAX
0x083D0C87	rom	0x9	sSEName_SE_ROULETTE_BALL
0x083D0C90	rom	0xB	sSEName_SE_ROULETTE_BALL2
0x083D0C9B	rom	0x9	sSEName_SE_TAILLOW_WING_FLAP
0x083D0CA4	rom	0x5	sSEName_SE_SHOP
0x083D0CA9	rom	0x7	sSEName_SE_CONTEST_HEART
0x083D0CB0	rom	0x9	sSEName_SE_CONTEST_CURTAIN_RISE
0x083D0CB9	rom	0x9	sSEName_SE_CONTEST_CURTAIN_FALL
0x083D0CC2	rom	0x7	sSEName_SE_CONTEST_ICON_CHANGE
0x083D0CC9	rom	0x6	sSEName_SE_CONTEST_ICON_CLEAR
0x083D0CCF	rom	0x8	sSEName_SE_CONTEST_MONS_TURN
0x083D0CD7	rom	0x8	sSEName_SE_SHINY
0x083D0CDF	rom	0x9	sSEName_SE_INTRO_BLAST
0x083D0CE8	rom	0x9	sSEName_SE_MUGSHOT
0x083D0CF1	rom	0x7	sSEName_SE_APPLAUSE
0x083D0CF8	rom	0x8	sSEName_SE_VEND
0x083D0D00	rom	0x5	sSEName_SE_ORB
0x083D0D05	rom	0x9	sSEName_SE_DEX_SCROLL
0x083D0D0E	rom	0x7	sSEName_SE_DEX_PAGE
0x083D0D15	rom	0x6	sSEName_SE_POKENAV_ON
0x083D0D1B	rom	0x7	sSEName_SE_POKENAV_OFF
0x083D0D22	rom	0x9	sSEName_SE_DEX_SEARCH
0x083D0D2B	rom	0x7	sSEName_SE_EGG_HATCH
0x083D0D32	rom	0x9	sSEName_SE_BALL_TRAY_ENTER
0x083D0D3B	rom	0x7	sSEName_SE_BALL_TRAY_BALL
0x083D0D42	rom	0x8	sSEName_SE_BALL_TRAY_EXIT
0x083D0D4A	rom	0x7	sSEName_SE_GLASS_FLUTE
0x083D0D51	rom	0x5	sSEName_SE_M_THUNDERBOLT
0x083D0D56	rom	0x6	sSEName_SE_M_THUNDERBOLT2
0x083D0D5C	rom	0x5	sSEName_SE_M_HARDEN
0x083D0D61	rom	0x5	sSEName_SE_M_NIGHTMARE
0x083D0D66	rom	0x5	sSEName_SE_M_VITAL_THROW
0x083D0D6B	rom	0x6	sSEName_SE_M_VITAL_THROW2
0x083D0D71	rom	0x5	sSEName_SE_M_BUBBLE
0x083D0D76	rom	0x6	sSEName_SE_M_BUBBLE2
0x083D0D7C	rom	0x6	sSEName_SE_M_BUBBLE3
0x083D0D82	rom	0x5	sSEName_SE_M_RAIN_DANCE
0x083D0D87	rom	0x5	sSEName_SE_M_CUT
0x083D0D8C	rom	0x5	sSEName_SE_M_STRING_SHOT
0x083D0D91	rom	0x6	sSEName_SE_M_STRING_SHOT2
0x083D0D97	rom	0x5	sSEName_SE_M_ROCK_THROW
0x083D0D9C	rom	0x5	sSEName_SE_M_GUST
0x083D0DA1	rom	0x6	sSEName_SE_M_GUST2
0x083D0DA7	rom	0x5	sSEName_SE_M_DOUBLE_SLAP
0x083D0DAC	rom	0x5	sSEName_SE_M_DOUBLE_TEAM
0x083D0DB1	rom	0x5	sSEName_SE_M_RAZOR_WIND
0x083D0DB6	rom	0x5	sSEName_SE_M_ICY_WIND
0x083D0DBB	rom	0x5	sSEName_SE_M_THUNDER_WAVE
0x083D0DC0	rom	0x5	sSEName_SE_M_COMET_PUNCH
0x083D0DC5	rom	0x5	sSEName_SE_M_MEGA_KICK
0x083D0DCA	rom	0x6	sSEName_SE_M_MEGA_KICK2
0x083D0DD0	rom	0x5	sSEName_SE_M_CRABHAMMER
0x083D0DD5	rom	0x5	sSEName_SE_M_JUMP_KICK
0x083D0DDA	rom	0x5	sSEName_SE_M_FLAME_WHEEL
0x083D0DDF	rom	0x6	sSEName_SE_M_FLAME_WHEEL2
0x083D0DE5	rom	0x5	sSEName_SE_M_FLAMETHROWER
0x083D0DEA	rom	0x5	sSEName_SE_M_FIRE_PUNCH
0x083D0DEF	rom	0x5	sSEName_SE_M_TOXIC
0x083D0DF4	rom	0x5	sSEName_SE_M_SACRED_FIRE
0x083D0DF9	rom	0x6	sSEName_SE_M_SACRED_FIRE2
0x083D0DFF	rom	0x5	sSEName_SE_M_EMBER
0x083D0E04	rom	0x5	sSEName_SE_M_TAKE_DOWN
0x083D0E09	rom	0x5	sSEName_SE_M_BLIZZARD
0x083D0E0E	rom	0x6	sSEName_SE_M_BLIZZARD2
0x083D0E14	rom	0x5	sSEName_SE_M_SCRATCH
0x083D0E19	rom	0x5	sSEName_SE_M_VICEGRIP
0x083D0E1E	rom	0x5	sSEName_SE_M_WING_ATTACK
0x083D0E23	rom	0x5	sSEName_SE_M_FLY
0x083D0E28	rom	0x5	sSEName_SE_M_SAND_ATTACK
0x083D0E2D	rom	0x6	sSEName_SE_M_RAZOR_WIND2
0x083D0E33	rom	0x5	sSEName_SE_M_BITE
0x083D0E38	rom	0x5	sSEName_SE_M_HEADBUTT
0x083D0E3D	rom	0x5	sSEName_SE_M_SURF
0x083D0E42	rom	0x5	sSEName_SE_M_HYDRO_PUMP
0x083D0E47	rom	0x5	sSEName_SE_M_WHIRLPOOL
0x083D0E4C	rom	0x5	sSEName_SE_M_HORN_ATTACK
0x083D0E51	rom	0x5	sSEName_SE_M_TAIL_WHIP
0x083D0E56	rom	0x5	sSEName_SE_M_MIST
0x083D0E5B	rom	0x5	sSEName_SE_M_POISON_POWDER
0x083D0E60	rom	0x5	sSEName_SE_M_BIND
0x083D0E65	rom	0x5	sSEName_SE_M_DRAGON_RAGE
0x083D0E6A	rom	0x5	sSEName_SE_M_SING
0x083D0E6F	rom	0x5	sSEName_SE_M_PERISH_SONG
0x083D0E74	rom	0x5	sSEName_SE_M_PAY_DAY
0x083D0E79	rom	0x5	sSEName_SE_M_DIG
0x083D0E7E	rom	0x5	sSEName_SE_M_DIZZY_PUNCH
0x083D0E83	rom	0x5	sSEName_SE_M_SELF_DESTRUCT
0x083D0E88	rom	0x5	sSEName_SE_M_EXPLOSION
0x083D0E8D	rom	0x6	sSEName_SE_M_ABSORB_2
0x083D0E93	rom	0x5	sSEName_SE_M_ABSORB
0x083D0E98	rom	0x5	sSEName_SE_M_SCREECH
0x083D0E9D	rom	0x5	sSEName_SE_M_BUBBLE_BEAM
0x083D0EA2	rom	0x6	sSEName_SE_M_BUBBLE_BEAM2
0x083D0EA8	rom	0x5	sSEName_SE_M_SUPERSONIC
0x083D0EAD	rom	0x5	sSEName_SE_M_BELLY_DRUM
0x083D0EB2	rom	0x5	sSEName_SE_M_METRONOME
0x083D0EB7	rom	0x5	sSEName_SE_M_BONEMERANG
0x083D0EBC	rom	0x5	sSEName_SE_M_LICK
0x083D0EC1	rom	0x5	sSEName_SE_M_PSYBEAM
0x083D0EC6	rom	0x5	sSEName_SE_M_FAINT_ATTACK
0x083D0ECB	rom	0x5	sSEName_SE_M_SWORDS_DANCE
0x083D0ED0	rom	0x5	sSEName_SE_M_LEER
0x083D0ED5	rom	0x5	sSEName_SE_M_SWAGGER
0x083D0EDA	rom	0x6	sSEName_SE_M_SWAGGER2
0x083D0EE0	rom	0x5	sSEName_SE_M_HEAL_BELL
0x083D0EE5	rom	0x5	sSEName_SE_M_CONFUSE_RAY
0x083D0EEA	rom	0x5	sSEName_SE_M_SNORE
0x083D0EEF	rom	0x5	sSEName_SE_M_BRICK_BREAK
0x083D0EF4	rom	0x5	sSEName_SE_M_GIGA_DRAIN
0x083D0EF9	rom	0x6	sSEName_SE_M_PSYBEAM2
0x083D0EFF	rom	0x5	sSEName_SE_M_SOLAR_BEAM
0x083D0F04	rom	0x5	sSEName_SE_M_PETAL_DANCE
0x083D0F09	rom	0x5	sSEName_SE_M_TELEPORT
0x083D0F0E	rom	0x5	sSEName_SE_M_MINIMIZE
0x083D0F13	rom	0x5	sSEName_SE_M_SKETCH
0x083D0F18	rom	0x5	sSEName_SE_M_SWIFT
0x083D0F1D	rom	0x5	sSEName_SE_M_REFLECT
0x083D0F22	rom	0x5	sSEName_SE_M_BARRIER
0x083D0F27	rom	0x5	sSEName_SE_M_DETECT
0x083D0F2C	rom	0x5	sSEName_SE_M_LOCK_ON
0x083D0F31	rom	0x5	sSEName_SE_M_MOONLIGHT
0x083D0F36	rom	0x5	sSEName_SE_M_CHARM
0x083D0F3B	rom	0x5	sSEName_SE_M_CHARGE
0x083D0F40	rom	0x5	sSEName_SE_M_STRENGTH
0x083D0F45	rom	0x5	sSEName_SE_M_HYPER_BEAM
0x083D0F4A	rom	0x5	sSEName_SE_M_WATERFALL
0x083D0F4F	rom	0x5	sSEName_SE_M_REVERSAL
0x083D0F54	rom	0x5	sSEName_SE_M_ACID_ARMOR
0x083D0F59	rom	0x5	sSEName_SE_M_SANDSTORM
0x083D0F5E	rom	0x5	sSEName_SE_M_TRI_ATTACK
0x083D0F63	rom	0x6	sSEName_SE_M_TRI_ATTACK2
0x083D0F69	rom	0x5	sSEName_SE_M_ENCORE
0x083D0F6E	rom	0x6	sSEName_SE_M_ENCORE2
0x083D0F74	rom	0x5	sSEName_SE_M_BATON_PASS
0x083D0F79	rom	0x5	sSEName_SE_M_MILK_DRINK
0x083D0F7E	rom	0x5	sSEName_SE_M_ATTRACT
0x083D0F83	rom	0x6	sSEName_SE_M_ATTRACT2
0x083D0F89	rom	0x5	sSEName_SE_M_MORNING_SUN
0x083D0F8E	rom	0x5	sSEName_SE_M_FLATTER
0x083D0F93	rom	0x5	sSEName_SE_M_SAND_TOMB
0x083D0F98	rom	0x5	sSEName_SE_M_GRASSWHISTLE
0x083D0F9D	rom	0x5	sSEName_SE_M_SPIT_UP
0x083D0FA2	rom	0x5	sSEName_SE_M_DIVE
0x083D0FA7	rom	0x5	sSEName_SE_M_EARTHQUAKE
0x083D0FAC	rom	0x5	sSEName_SE_M_TWISTER
0x083D0FB1	rom	0x5	sSEName_SE_M_SWEET_SCENT
0x083D0FB6	rom	0x5	sSEName_SE_M_YAWN
0x083D0FBB	rom	0x5	sSEName_SE_M_SKY_UPPERCUT
0x083D0FC0	rom	0x5	sSEName_SE_M_STAT_INCREASE
0x083D0FC5	rom	0x5	sSEName_SE_M_HEAT_WAVE
0x083D0FCA	rom	0x5	sSEName_SE_M_UPROAR
0x083D0FCF	rom	0x5	sSEName_SE_M_HAIL
0x083D0FD4	rom	0x5	sSEName_SE_M_COSMIC_POWER
0x083D0FD9	rom	0x5	sSEName_SE_M_TEETER_DANCE
0x083D0FDE	rom	0x6	sSEName_SE_M_STAT_DECREASE
0x083D0FE4	rom	0x5	sSEName_SE_M_HAZE
0x083D0FE9	rom	0x6	sSEName_SE_M_HYPER_BEAM2
0x083D0FF0	rom	0x3E0	gSENames
0x083D13D0	rom	0x1C	gUnknown_083D1358
0x083D13EC	rom	0x60	gUnknown_083D1374
0x083D144C	rom	0x10	gUnknown_083D13D4
0x083D145C	rom	0x8	gUnknown_083D13E4
0x083D1464	rom	0xA	sSecretBaseOwnerGfxIds
0x083D1470	rom	0x3C	gPokeOutbreakSpeciesList
0x083D14AC	rom	0x10	gTVNewsTextGroup1
0x083D14BC	rom	0x10	gTVNewsTextGroup2
0x083D14CC	rom	0x10	gTVNewsTextGroup3
0x083D14DC	rom	0xC	gUnknown_083D1464
0x083D14E8	rom	0x20	gTVFanClubTextGroup
0x083D1508	rom	0x18	gTVRecentHappeningsTextGroup
0x083D1520	rom	0x14	gTVFanClubOpinionsTextGroup
0x083D1534	rom	0x4	gTVPokemonOutbreakTextGroup
0x083D1538	rom	0x30	gTVPokemonTodayTextGroup
0x083D1568	rom	0x34	gTVSmartShopperTextGroup
0x083D159C	rom	0x24	gTVBravoTrainerTextGroup
0x083D15C0	rom	0x3C	gTVBravoTrainerBattleTowerTextGroup
0x083D15FC	rom	0x4C	gTVNameRaterTextGroup
0x083D1648	rom	0x1C	gTVPokemonTodayFailedCaptureTextGroup
0x083D1664	rom	0x8	gTVFishingGuruAdviceTextGroup
0x083D166C	rom	0xC	gTVWorldOfMastersTextGroup
0x083D1678	rom	0x24	gTVGabbyAndTyTextGroup
0x083D169C	rom	0x20	gUnknown_083D1624
0x083D16BC	rom	0x20	gUnknown_083D1644
0x083D16DC	rom	0x20	gUnknown_083D1664
0x083D16FC	rom	0x20	gUnknown_083D1684
0x083D171C	rom	0x20	gUnknown_083D16A4
0x083D173C	rom	0x20	gUnknown_083D16C4
0x083D175C	rom	0x20	gUnknown_083D16E4
0x083D177C	rom	0x20	gUnknown_083D1704
0x083D179C	rom	0x20	gMiscBlank_Pal
0x083D17BC	rom	0x8	gOamData_83D1744
0x083D17C4	rom	0x18	gSpriteTemplate_83D174C
0x083D17DC	rom	0x40	gUnknown_083D1764
0x083D181C	rom	0x8	gUnknown_083D17A4
0x083D1824	rom	0x8	gOamData_83D17AC
0x083D182C	rom	0x18	gSpriteTemplate_83D17B4
0x083D1844	rom	0x8	gUnknown_083D17CC
0x083D184C	rom	0x8	gUnknown_083D17D4
0x083D1854	rom	0x4	gUnknown_083D17DC
0x083D1858	rom	0x2	gUnknown_083D17E0
0x083D185A	rom	0x9	gUnknown_083D17E2
0x083D1864	rom	0x20	Unknown_083D17EC
0x083D1884	rom	0x80	sBigMonSizeTable
0x083D1950	rom	0x8	gOamData_83D18D8
0x083D1958	rom	0x8	gSpriteAnim_83D18E0
0x083D1960	rom	0x4	gSpriteAnimTable_83D18E8
0x083D1964	rom	0x20	gUnknownPal_083D18EC
0x083D1984	rom	0x80	gUnknownGfx_083D190C
0x083D1A04	rom	0x80	gSpriteImage_83D198C
0x083D1A84	rom	0x80	gSpriteImage_83D1A0C
0x083D1B04	rom	0x80	gSpriteImage_83D1A8C
0x083D1B84	rom	0x80	gSpriteImage_83D1B0C
0x083D1C04	rom	0x80	gSpriteImage_83D1B8C
0x083D1C84	rom	0x20	gUnusedEmptySpace_83D1C0C
0x083D1CA4	rom	0x20	gFieldEffectObjectPalette7
0x083D1CC4	rom	0x80	gSpriteImage_83D1C4C
0x083D1D44	rom	0x80	gSpriteImage_83D1CCC
0x083D1DC4	rom	0x80	gSpriteImage_83D1D4C
0x083D1E44	rom	0x80	gSpriteImage_83D1DCC
0x083D1EC4	rom	0x80	gSpriteImage_83D1E4C
0x083D1F44	rom	0x80	gSpriteImage_83D1ECC
0x083D1FC4	rom	0x80	gSpriteImage_83D1F4C
0x083D2044	rom	0x80	gSpriteImage_83D1FCC
0x083D20C4	rom	0x80	gSpriteImage_83D204C
0x083D2144	rom	0x80	gSpriteImage_83D20CC
0x083D21C4	rom	0x80	gSpriteImage_83D214C
0x083D2244	rom	0x20	gFieldEffectObjectPalette8
0x083D2264	rom	0x100	gSpriteImage_83D21EC
0x083D2364	rom	0x100	gSpriteImage_83D22EC
0x083D2464	rom	0x100	gSpriteImage_83D23EC
0x083D2564	rom	0x8	gOamData_83D24EC
0x083D256C	rom	0x18	gSpriteAnim_83D24F4
0x083D2584	rom	0x18	gSpriteAnim_83D250C
0x083D259C	rom	0x18	gSpriteAnim_83D2524
0x083D25B4	rom	0x18	gSpriteAnim_83D253C
0x083D25CC	rom	0x18	gSpriteAnim_83D2554
0x083D25E4	rom	0x18	gSpriteAnim_83D256C
0x083D25FC	rom	0x4	gSpriteAnimTable_83D2584
0x083D2600	rom	0x10	gSpriteAnimTable_83D2588
0x083D2610	rom	0x4	gSpriteAnimTable_83D2598
0x083D2614	rom	0x28	gSpriteImageTable_83D259C
0x083D263C	rom	0x28	gSpriteImageTable_83D25C4
0x083D2664	rom	0x28	gSpriteImageTable_83D25EC
0x083D268C	rom	0x18	sSpriteTemplate_CaveEntrance
0x083D26A4	rom	0x18	sSpriteTemplate_TreeEntrance
0x083D26BC	rom	0x18	sSpriteTemplate_ShrubEntrance
0x083D26D4	rom	0x8	gFieldEffectObjectPaletteInfo7
0x083D26DC	rom	0x8	gFieldEffectObjectPaletteInfo8
0x083D26E4	rom	0x8	gOamData_83D266C
0x083D26EC	rom	0x10	gSpriteAnim_83D2674
0x083D26FC	rom	0x4	gSpriteAnimTable_83D2684
0x083D2700	rom	0x18	gSpriteImageTable_83D2688
0x083D2718	rom	0x18	gSpriteTemplate_83D26A0
0x083D2730	rom	0x8	gFieldEffectObjectPaletteInfo9
0x083D2738	rom	0x80	sSpriteImage_83D26C0
0x083D27B8	rom	0x80	sSpriteImage_83D2740
0x083D2838	rom	0x80	sSpriteImage_83D27C0
0x083D28B8	rom	0x20	sPalette_3D2840
0x083D28D8	rom	0x18	sSpriteImageTable_83FD950
0x083D28F0	rom	0x8	sUnknown_083D2878
0x083D28F8	rom	0x10	sSpriteAnim_83D2880
0x083D2908	rom	0x4	sSpriteAnimTable_83D2890
0x083D290C	rom	0x18	sSpriteTemplate_83D2894
0x083D2924	rom	0x80	gObjectEventPic_MovingBox
0x083D29A4	rom	0x20	gObjectEventPalette19
0x083D29C4	rom	0x13	gTruckCamera_HorizontalTable
0x083D29D7	rom	0x2	gUnknown_083D295F
0x083D29D9	rom	0x2	gUnknown_083D2961
0x083D29DC	rom	0x38	sRotatingGate_FortreePuzzleConfig
0x083D2A14	rom	0x70	sRotatingGate_TrickHousePuzzleConfig
0x083D2A84	rom	0x800	sRotatingGateTiles_1
0x083D3284	rom	0x800	sRotatingGateTiles_2
0x083D3A84	rom	0x800	sRotatingGateTiles_3
0x083D4284	rom	0x800	sRotatingGateTiles_5
0x083D4A84	rom	0x800	sRotatingGateTiles_6
0x083D5284	rom	0x800	sRotatingGateTiles_7
0x083D5A84	rom	0x200	sRotatingGateTiles_0
0x083D5C84	rom	0x200	sRotatingGateTiles_4
0x083D5E84	rom	0x8	sOamData_RotatingGateLarge
0x083D5E8C	rom	0x8	sOamData_RotatingGateRegular
0x083D5E94	rom	0x48	sRotatingGatesGraphicsTable
0x083D5EDC	rom	0x8	sSpriteAnim_RotatingGateLarge
0x083D5EE4	rom	0x8	sSpriteAnim_RotatingGateRegular
0x083D5EEC	rom	0x4	sSpriteAnimTable_RotatingGateLarge
0x083D5EF0	rom	0x4	sSpriteAnimTable_RotatingGateRegular
0x083D5EF4	rom	0x10	sSpriteAffineAnim_Rotated0
0x083D5F04	rom	0x10	sSpriteAffineAnim_Rotated90
0x083D5F14	rom	0x10	sSpriteAffineAnim_Rotated180
0x083D5F24	rom	0x10	sSpriteAffineAnim_Rotated270
0x083D5F34	rom	0x18	sSpriteAffineAnim_RotatingClockwise0to90
0x083D5F4C	rom	0x18	sSpriteAffineAnim_RotatingClockwise90to180
0x083D5F64	rom	0x18	sSpriteAffineAnim_RotatingClockwise180to270
0x083D5F7C	rom	0x18	sSpriteAffineAnim_RotatingClockwise270to360
0x083D5F94	rom	0x18	sSpriteAffineAnim_RotatingAnticlockwise360to270
0x083D5FAC	rom	0x18	sSpriteAffineAnim_RotatingAnticlockwise270to180
0x083D5FC4	rom	0x18	sSpriteAffineAnim_RotatingAnticlockwise180to90
0x083D5FDC	rom	0x18	sSpriteAffineAnim_RotatingAnticlockwise90to0
0x083D5FF4	rom	0x18	sSpriteAffineAnim_RotatingClockwise0to90Faster
0x083D600C	rom	0x18	sSpriteAffineAnim_RotatingClockwise90to180Faster
0x083D6024	rom	0x18	sSpriteAffineAnim_RotatingClockwise180to270Faster
0x083D603C	rom	0x18	sSpriteAffineAnim_RotatingClockwise270to360Faster
0x083D6054	rom	0x18	sSpriteAffineAnim_RotatingAnticlockwise360to270Faster
0x083D606C	rom	0x18	sSpriteAffineAnim_RotatingAnticlockwise270to180Faster
0x083D6084	rom	0x18	sSpriteAffineAnim_RotatingAnticlockwise180to90Faster
0x083D609C	rom	0x18	sSpriteAffineAnim_RotatingAnticlockwise90to0Faster
0x083D60B4	rom	0x50	sSpriteAffineAnimTable_RotatingGate
0x083D6104	rom	0x18	sSpriteTemplate_RotatingGateLarge
0x083D611C	rom	0x18	sSpriteTemplate_RotatingGateRegular
0x083D6134	rom	0x10	sRotatingGate_RotationInfoNorth
0x083D6144	rom	0x10	sRotatingGate_RotationInfoSouth
0x083D6154	rom	0x10	sRotatingGate_RotationInfoWest
0x083D6164	rom	0x10	sRotatingGate_RotationInfoEast
0x083D6174	rom	0x20	sRotatingGate_ArmPositionsClockwiseRotation
0x083D6194	rom	0x20	sRotatingGate_ArmPositionsAntiClockwiseRotation
0x083D61B4	rom	0x60	sRotatingGate_ArmLayout
0x083D6214	rom	0x20	gSSTidalBetaString
0x083D6234	rom	0x20	gSSTidalBetaString2
0x083D6254	rom	0x8	sSSTidalBetaStrings
0x083D625C	rom	0xC	gExitToOverworldFuncList
0x083D6268	rom	0x4	gItemFinderDirections
0x083D626C	rom	0x8	sTeachMonTMHMYesNoActions
0x083D6274	rom	0x24	gSpriteAnim_83D61FC
0x083D6298	rom	0x4	gSpriteAnimTable_83D6220
0x083D629C	rom	0x18	gSleepPowderParticleSpriteTemplate
0x083D62B4	rom	0x18	gStunSporeParticleSpriteTemplate
0x083D62CC	rom	0x18	gPoisonPowderParticleSpriteTemplate
0x083D62E4	rom	0x8	gSpriteAnim_83D626C
0x083D62EC	rom	0x8	gSpriteAnim_83D6274
0x083D62F4	rom	0x8	gSpriteAnim_83D627C
0x083D62FC	rom	0x8	gSpriteAnim_83D6284
0x083D6304	rom	0x8	gSpriteAnim_83D628C
0x083D630C	rom	0x8	gSpriteAnim_83D6294
0x083D6314	rom	0x8	gSpriteAnim_83D629C
0x083D631C	rom	0x8	gSpriteAnim_83D62A4
0x083D6324	rom	0x8	gSpriteAnim_83D62AC
0x083D632C	rom	0x1C	gSpriteAnimTable_83D62B4
0x083D6348	rom	0x4	gSpriteAnimTable_83D62D0
0x083D634C	rom	0x4	gSpriteAnimTable_83D62D4
0x083D6350	rom	0x10	gSpriteAffineAnim_83D62D8
0x083D6360	rom	0x4	gSpriteAffineAnimTable_83D62E8
0x083D6364	rom	0x18	gBattleAnimSpriteTemplate_83D62EC
0x083D637C	rom	0x18	gBattleAnimSpriteTemplate_83D6304
0x083D6394	rom	0x18	gSpriteTemplate_83D631C
0x083D63AC	rom	0x18	gSpriteAffineAnim_83D6334
0x083D63C4	rom	0x4	gSpriteAffineAnimTable_83D634C
0x083D63C8	rom	0x18	gBattleAnimSpriteTemplate_83D6350
0x083D63E0	rom	0x10	gSpriteAffineAnim_83D6368
0x083D63F0	rom	0x4	gSpriteAffineAnimTable_83D6378
0x083D63F4	rom	0x18	gBattleAnimSpriteTemplate_83D637C
0x083D640C	rom	0x18	gBattleAnimSpriteTemplate_83D6394
0x083D6424	rom	0x8	gSpriteAnim_83D63AC
0x083D642C	rom	0xC	gSpriteAnim_83D63B4
0x083D6438	rom	0x8	gSpriteAnimTable_83D63C0
0x083D6440	rom	0x18	gLeechSeedSpriteTemplate
0x083D6458	rom	0x8	gSpriteAnim_83D63E0
0x083D6460	rom	0x8	gSpriteAnim_83D63E8
0x083D6468	rom	0x8	gSpriteAnimTable_83D63F0
0x083D6470	rom	0x18	gBattleAnimSpriteTemplate_83D63F8
0x083D6488	rom	0x8	gSpriteAnim_83D6410
0x083D6490	rom	0x8	gSpriteAnim_83D6418
0x083D6498	rom	0x4	gSpriteAnimTable_83D6420
0x083D649C	rom	0x4	gSpriteAnimTable_83D6424
0x083D64A0	rom	0x18	gBattleAnimSpriteTemplate_83D6428
0x083D64B8	rom	0x18	gBattleAnimSpriteTemplate_83D6440
0x083D64D0	rom	0x2C	gSpriteAnim_83D6458
0x083D64FC	rom	0x10	gSpriteAnim_83D6484
0x083D650C	rom	0x8	gSpriteAnimTable_83D6494
0x083D6514	rom	0x18	gBattleAnimSpriteTemplate_83D649C
0x083D652C	rom	0x18	gBattleAnimSpriteTemplate_83D64B4
0x083D6544	rom	0x14	gSpriteAnim_83D64CC
0x083D6558	rom	0x4	gSpriteAnimTable_83D64E0
0x083D655C	rom	0x18	gBattleAnimSpriteTemplate_83D64E4
0x083D6574	rom	0x10	gSpriteAffineAnim_83D64FC
0x083D6584	rom	0x4	gSpriteAffineAnimTable_83D650C
0x083D6588	rom	0x18	gSwiftStarSpriteTemplate
0x083D65A0	rom	0x14	gSpriteAnim_83D6528
0x083D65B4	rom	0x14	gSpriteAnim_83D653C
0x083D65C8	rom	0x8	gSpriteAnimTable_83D6550
0x083D65D0	rom	0x20	gSpriteAffineAnim_83D6558
0x083D65F0	rom	0x20	gSpriteAffineAnim_83D6578
0x083D6610	rom	0x8	gSpriteAffineAnimTable_83D6598
0x083D6618	rom	0x18	gBattleAnimSpriteTemplate_83D65A0
0x083D6630	rom	0x18	gSpriteAffineAnim_83D65B8
0x083D6648	rom	0x10	gSpriteAffineAnim_83D65D0
0x083D6658	rom	0x8	gSpriteAffineAnimTable_83D65E0
0x083D6660	rom	0x18	gBattleAnimSpriteTemplate_83D65E8
0x083D6678	rom	0x14	gSpriteAnim_83D6600
0x083D668C	rom	0x14	gSpriteAnim_83D6614
0x083D66A0	rom	0x10	gSpriteAnim_83D6628
0x083D66B0	rom	0x10	gSpriteAnim_83D6638
0x083D66C0	rom	0x10	gSpriteAnimTable_83D6648
0x083D66D0	rom	0x18	gBattleAnimSpriteTemplate_83D6658
0x083D66E8	rom	0x18	gBattleAnimSpriteTemplate_83D6670
0x083D6700	rom	0xC	gSpriteAnim_83D6688
0x083D670C	rom	0x4	gSpriteAnimTable_83D6694
0x083D6710	rom	0x18	gBattleAnimSpriteTemplate_83D6698
0x083D6728	rom	0x8	gSpriteAnim_83D66B0
0x083D6730	rom	0x4	gSpriteAnimTable_83D66B8
0x083D6734	rom	0x20	gSpriteAffineAnim_83D66BC
0x083D6754	rom	0x38	gSpriteAffineAnim_83D66DC
0x083D678C	rom	0x8	gSpriteAffineAnimTable_83D6714
0x083D6794	rom	0x18	gBattleAnimSpriteTemplate_83D671C
0x083D67AC	rom	0x18	gFallingItemBagTemplate
0x083D67C4	rom	0x14	gSpriteAnim_83D674C
0x083D67D8	rom	0x4	gSpriteAnimTable_83D6760
0x083D67DC	rom	0x18	gBattleAnimSpriteTemplate_83D6764
0x083D67F4	rom	0x18	gBattleAnimSpriteTemplate_83D677C
0x083D680C	rom	0x10	gSpriteAffineAnim_83D6794
0x083D681C	rom	0x40	gSpriteAffineAnim_83D67A4
0x083D685C	rom	0x10	gSpriteAffineAnimTable_83D67E4
0x083D686C	rom	0x18	gBattleAnimSpriteTemplate_83D67F4
0x083D6884	rom	0x21	gUnknown_083D680C
0x083D68A8	rom	0x8	gSpriteAnim_83D6830
0x083D68B0	rom	0x8	gSpriteAnim_83D6838
0x083D68B8	rom	0x8	gSpriteAnim_83D6840
0x083D68C0	rom	0x8	gSpriteAnim_83D6848
0x083D68C8	rom	0x8	gSpriteAnim_83D6850
0x083D68D0	rom	0x8	gSpriteAnim_83D6858
0x083D68D8	rom	0x8	gSpriteAnim_83D6860
0x083D68E0	rom	0x1C	gSpriteAnimTable_83D6868
0x083D68FC	rom	0x18	gSpriteTemplate_83D6884
0x083D6914	rom	0x18	gSpriteAffineAnim_83D689C
0x083D692C	rom	0x4	gSpriteAffineAnimTable_83D68B4
0x083D6930	rom	0x18	gBattleAnimSpriteTemplate_83D68B8
0x083D6948	rom	0x18	gBattleAnimSpriteTemplate_83D68D0
0x083D6960	rom	0x18	gSpriteAffineAnim_83D68E8
0x083D6978	rom	0x18	gSpriteAffineAnim_83D6900
0x083D6990	rom	0x18	gSpriteAffineAnim_83D6918
0x083D69A8	rom	0x4	gSpriteAffineAnimTable_83D6930
0x083D69AC	rom	0x4	gSpriteAffineAnimTable_83D6934
0x083D69B0	rom	0x4	gSpriteAffineAnimTable_83D6938
0x083D69B4	rom	0x18	gBattleAnimSpriteTemplate_83D693C
0x083D69CC	rom	0x18	gBattleAnimSpriteTemplate_83D6954
0x083D69E4	rom	0x18	gBattleAnimSpriteTemplate_83D696C
0x083D69FC	rom	0xE	sMagicalLeafBlendColors
0x083D6A0C	rom	0x18	gBattleAnimSpriteTemplate_83D6994
0x083D6A24	rom	0x14	gSpriteAnim_83D69AC
0x083D6A38	rom	0x14	gSpriteAnim_83D69C0
0x083D6A4C	rom	0x8	gSpriteAnimTable_83D69D4
0x083D6A54	rom	0x18	gBattleAnimSpriteTemplate_83D69DC
0x083D6A6C	rom	0x18	gBattleAnimSpriteTemplate_83D69F4
0x083D6A84	rom	0x18	gSpriteAnim_83D6A0C
0x083D6A9C	rom	0x4	gSpriteAnimTable_83D6A24
0x083D6AA0	rom	0x18	gSpriteTemplate_83D6A28
0x083D6AB8	rom	0x18	gSpriteTemplate_83D6A40
0x083D6AD0	rom	0x10	gSpriteAffineAnim_83D6A58
0x083D6AE0	rom	0x10	gSpriteAffineAnim_83D6A68
0x083D6AF0	rom	0x10	gSpriteAffineAnim_83D6A78
0x083D6B00	rom	0x10	gSpriteAffineAnim_83D6A88
0x083D6B10	rom	0x10	gSpriteAffineAnim_83D6A98
0x083D6B20	rom	0x10	gSpriteAffineAnim_83D6AA8
0x083D6B30	rom	0x10	gSpriteAffineAnim_83D6AB8
0x083D6B40	rom	0x10	gSpriteAffineAnim_83D6AC8
0x083D6B50	rom	0x20	gSpriteAffineAnimTable_83D6AD8
0x083D6B70	rom	0x18	gSpriteTemplate_83D6AF8
0x083D6B88	rom	0x14	gSpriteAnim_83D6B10
0x083D6B9C	rom	0x4	gSpriteAnimTable_83D6B24
0x083D6BA0	rom	0x18	gCuttingSliceSpriteTemplate
0x083D6BB8	rom	0x18	gBattleAnimSpriteTemplate_83D6B40
0x083D6BD0	rom	0x8	gSpriteAnim_83D6B58
0x083D6BD8	rom	0x8	gSpriteAnim_83D6B60
0x083D6BE0	rom	0x8	gSpriteAnim_83D6B68
0x083D6BE8	rom	0x8	gSpriteAnim_83D6B70
0x083D6BF0	rom	0x8	gSpriteAnim_83D6B78
0x083D6BF8	rom	0x8	gSpriteAnim_83D6B80
0x083D6C00	rom	0x8	gSpriteAnim_83D6B88
0x083D6C08	rom	0x8	gSpriteAnim_83D6B90
0x083D6C10	rom	0x8	gSpriteAnim_83D6B98
0x083D6C18	rom	0x8	gSpriteAnim_83D6BA0
0x083D6C20	rom	0x28	gSpriteAnimTable_83D6BA8
0x083D6C48	rom	0x18	gSpriteTemplate_83D6BD0
0x083D6C60	rom	0x18	gBattleAnimSpriteTemplate_83D6BE8
0x083D6C78	rom	0x10	gSpriteAffineAnim_83D6C00
0x083D6C88	rom	0x30	gSpriteAffineAnim_83D6C10
0x083D6CB8	rom	0x8	gSpriteAffineAnimTable_83D6C40
0x083D6CC0	rom	0x18	gBattleAnimSpriteTemplate_83D6C48
0x083D6CD8	rom	0x24	gSpriteAnim_83D6C60
0x083D6CFC	rom	0x4	gSpriteAnimTable_83D6C84
0x083D6D00	rom	0x18	gBattleAnimSpriteTemplate_83D6C88
0x083D6D18	rom	0x18	gBattleAnimSpriteTemplate_83D6CA0
0x083D6D30	rom	0x24	gSpriteAnim_83D6CB8
0x083D6D54	rom	0x24	gSpriteAnim_83D6CDC
0x083D6D78	rom	0x8	gSpriteAnimTable_83D6D00
0x083D6D80	rom	0x18	gSpriteTemplate_83D6D08
0x083D6D98	rom	0x8	gSpriteAnim_83D6D20
0x083D6DA0	rom	0x4	gSpriteAnimTable_83D6D28
0x083D6DA4	rom	0x18	gSpriteAffineAnim_83D6D2C
0x083D6DBC	rom	0x18	gSpriteAffineAnim_83D6D44
0x083D6DD4	rom	0x18	gSpriteAffineAnim_83D6D5C
0x083D6DEC	rom	0x18	gSpriteAffineAnim_83D6D74
0x083D6E04	rom	0x8	gSpriteAffineAnimTable_83D6D8C
0x083D6E0C	rom	0x18	gBattleAnimSpriteTemplate_83D6D94
0x083D6E24	rom	0x18	gBattleAnimSpriteTemplate_83D6DAC
0x083D6E3C	rom	0x18	gBattleAnimSpriteTemplate_83D6DC4
0x083D6E54	rom	0x8	gUnknown_083D6DDC
0x083D6E5C	rom	0x18	gBattleAnimSpriteTemplate_83D6DE4
0x083D6E74	rom	0x18	gSpriteTemplate_83D6DFC
0x083D6E8C	rom	0x14	gSpriteAnim_83D6E14
0x083D6EA0	rom	0x8	gSpriteAnim_83D6E28
0x083D6EA8	rom	0x8	gSpriteAnimTable_83D6E30
0x083D6EB0	rom	0x18	gBattleAnimSpriteTemplate_83D6E38
0x083D6EC8	rom	0x18	gBattleAnimSpriteTemplate_83D6E50
0x083D6EE0	rom	0x18	gBattleAnimSpriteTemplate_83D6E68
0x083D6EF8	rom	0x14	gSpriteAnim_83D6E80
0x083D6F0C	rom	0x4	gSpriteAnimTable_83D6E94
0x083D6F10	rom	0x18	gBattleAnimSpriteTemplate_EndureFlame
0x083D6F28	rom	0x3C	gSpriteAnim_83D6EB0
0x083D6F64	rom	0x4	gSpriteAnimTable_83D6EEC
0x083D6F68	rom	0x18	gBattleAnimSpriteTemplate_83D6EF0
0x083D6F80	rom	0x18	gBattleAnimSpriteTemplate_83D6F08
0x083D6F98	rom	0x18	gSpriteAnim_83D6F20
0x083D6FB0	rom	0x4	gSpriteAnimTable_83D6F38
0x083D6FB4	rom	0x18	gBattleAnimSpriteTemplate_83D6F3C
0x083D6FCC	rom	0x14	gSpriteAnim_83D6F54
0x083D6FE0	rom	0x4	gSpriteAnimTable_83D6F68
0x083D6FE4	rom	0x10	gSpriteAffineAnim_83D6F6C
0x083D6FF4	rom	0x4	gSpriteAffineAnimTable_83D6F7C
0x083D6FF8	rom	0x18	gBattleAnimSpriteTemplate_83D6F80
0x083D7010	rom	0x14	gSpriteAnim_83D6F98
0x083D7024	rom	0x4	gSpriteAnimTable_83D6FAC
0x083D7028	rom	0x18	gBattleAnimSpriteTemplate_83D6FB0
0x083D7040	rom	0x18	gBattleAnimSpriteTemplate_83D6FC8
0x083D7058	rom	0x14	gSpriteAnim_83D6FE0
0x083D706C	rom	0x4	gSpriteAnimTable_83D6FF4
0x083D7070	rom	0x18	gBattleAnimSpriteTemplate_83D6FF8
0x083D7088	rom	0x24	gSpriteAnim_83D7010
0x083D70AC	rom	0x4	gSpriteAnimTable_83D7034
0x083D70B0	rom	0x18	gBattleAnimSpriteTemplate_83D7038
0x083D70C8	rom	0x18	gBattleAnimSpriteTemplate_83D7050
0x083D70E0	rom	0x14	gSpriteAnim_83D7068
0x083D70F4	rom	0x4	gSpriteAnimTable_83D707C
0x083D70F8	rom	0x18	gBattleAnimSpriteTemplate_83D7080
0x083D7110	rom	0x8	gSpriteAnim_83D7098
0x083D7118	rom	0x8	gSpriteAnim_83D70A0
0x083D7120	rom	0x8	gSpriteAnim_83D70A8
0x083D7128	rom	0x8	gSpriteAnim_83D70B0
0x083D7130	rom	0x8	gSpriteAnim_83D70B8
0x083D7138	rom	0x8	gSpriteAnim_83D70C0
0x083D7140	rom	0x8	gSpriteAnim_83D70C8
0x083D7148	rom	0x8	gSpriteAnim_83D70D0
0x083D7150	rom	0x20	gSpriteAnimTable_83D70D8
0x083D7170	rom	0x18	gSpriteAffineAnim_83D70F8
0x083D7188	rom	0x4	gSpriteAffineAnimTable_83D7110
0x083D718C	rom	0x18	gBattleAnimSpriteTemplate_83D7114
0x083D71A4	rom	0x30	gUnknown_083D712C
0x083D71D4	rom	0x18	gBattleAnimSpriteTemplate_83D715C
0x083D71EC	rom	0x18	gBattleAnimSpriteTemplate_83D7174
0x083D7204	rom	0x18	gSpriteAffineAnim_83D718C
0x083D721C	rom	0x4	gSpriteAffineAnimTable_83D71A4
0x083D7220	rom	0x18	gBattleAnimSpriteTemplate_83D71A8
0x083D7238	rom	0x14	gSpriteAnim_83D71C0
0x083D724C	rom	0x14	gSpriteAnim_83D71D4
0x083D7260	rom	0x14	gSpriteAnim_83D71E8
0x083D7274	rom	0x14	gSpriteAnim_83D71FC
0x083D7288	rom	0x10	gSpriteAnimTable_83D7210
0x083D7298	rom	0x18	gBattleAnimSpriteTemplate_83D7220
0x083D72B0	rom	0x18	gSpriteAffineAnim_83D7238
0x083D72C8	rom	0x28	gSpriteAffineAnim_83D7250
0x083D72F0	rom	0x48	gSpriteAffineAnim_83D7278
0x083D7338	rom	0x8	gSpriteAffineAnimTable_83D72C0
0x083D7340	rom	0x18	gBattleAnimSpriteTemplate_83D72C8
0x083D7358	rom	0x18	gBattleAnimSpriteTemplate_83D72E0
0x083D7370	rom	0x8	gSpriteAnim_83D72F8
0x083D7378	rom	0x8	gSpriteAnim_83D7300
0x083D7380	rom	0x20	gSpriteAnim_83D7308
0x083D73A0	rom	0x20	gSpriteAnim_83D7328
0x083D73C0	rom	0x10	gSpriteAnimTable_83D7348
0x083D73D0	rom	0x18	gBattleAnimSpriteTemplate_83D7358
0x083D73E8	rom	0x18	gSpriteTemplate_83D7370
0x083D7400	rom	0x8	gSpriteAnim_83D7388
0x083D7408	rom	0x4	gSpriteAnimTable_83D7390
0x083D740C	rom	0x18	gSpriteTemplate_83D7394
0x083D7424	rom	0x18	gSpriteTemplate_83D73AC
0x083D743C	rom	0x18	gSpriteTemplate_83D73C4
0x083D7454	rom	0x14	gSpriteAnim_83D73DC
0x083D7468	rom	0x4	gSpriteAnimTable_83D73F0
0x083D746C	rom	0x18	gSpriteAffineAnim_83D73F4
0x083D7484	rom	0x4	gSpriteAffineAnimTable_83D740C
0x083D7488	rom	0x18	gSpriteTemplate_83D7410
0x083D74A0	rom	0x24	gSpriteAnim_83D7428
0x083D74C4	rom	0x4	gSpriteAnimTable_83D744C
0x083D74C8	rom	0x18	gBattleAnimSpriteTemplate_83D7450
0x083D74E0	rom	0x20	gSpriteAffineAnim_83D7468
0x083D7500	rom	0x4	gSpriteAffineAnimTable_83D7488
0x083D7504	rom	0x18	gBattleAnimSpriteTemplate_83D748C
0x083D751C	rom	0x18	gSonicBoomSpriteTemplate
0x083D7534	rom	0x18	gSpriteTemplate_83D74BC
0x083D754C	rom	0x18	gSpriteAffineAnim_83D74D4
0x083D7564	rom	0x40	gSpriteAffineAnim_83D74EC
0x083D75A4	rom	0x4	gSpriteAffineAnimTable_83D752C
0x083D75A8	rom	0x4	gSpriteAffineAnimTable_83D7530
0x083D75AC	rom	0x18	gSupersonicWaveSpriteTemplate
0x083D75C4	rom	0x18	gScreechWaveSpriteTemplate
0x083D75DC	rom	0x18	gBattleAnimSpriteTemplate_83D7564
0x083D75F4	rom	0x18	gBattleAnimSpriteTemplate_83D757C
0x083D760C	rom	0x18	gBattleAnimSpriteTemplate_83D7594
0x083D7624	rom	0x18	gSpriteTemplate_83D75AC
0x083D763C	rom	0x8	gSpriteAnim_83D75C4
0x083D7644	rom	0x4	gSpriteAnimTable_83D75CC
0x083D7648	rom	0x10	gSpriteAffineAnim_83D75D0
0x083D7658	rom	0x4	gSpriteAffineAnimTable_83D75E0
0x083D765C	rom	0x18	gBattleAnimSpriteTemplate_83D75E4
0x083D7674	rom	0x18	gBattleAnimSpriteTemplate_83D75FC
0x083D768C	rom	0x10	gSpriteAffineAnim_83D7614
0x083D769C	rom	0x4	gSpriteAffineAnimTable_83D7624
0x083D76A0	rom	0x18	gBattleAnimSpriteTemplate_83D7628
0x083D76B8	rom	0x18	gSpriteAffineAnim_83D7640
0x083D76D0	rom	0x4	gSpriteAffineAnimTable_83D7658
0x083D76D4	rom	0x18	gBattleAnimSpriteTemplate_83D765C
0x083D76EC	rom	0x10	gSpriteAnim_83D7674
0x083D76FC	rom	0x10	gSpriteAnim_83D7684
0x083D770C	rom	0x8	gSpriteAnimTable_83D7694
0x083D7714	rom	0x18	gBattleAnimSpriteTemplate_83D769C
0x083D772C	rom	0x10	gSpriteAnim_83D76B4
0x083D773C	rom	0x10	gSpriteAnim_83D76C4
0x083D774C	rom	0x8	gSpriteAnimTable_83D76D4
0x083D7754	rom	0x18	gBattleAnimSpriteTemplate_83D76DC
0x083D776C	rom	0x20	gSpriteAffineAnim_83D76F4
0x083D778C	rom	0x20	gSpriteAffineAnim_83D7714
0x083D77AC	rom	0x14	gSpriteAnim_83D7734
0x083D77C0	rom	0x14	gSpriteAnim_83D7748
0x083D77D4	rom	0x8	gSpriteAnimTable_83D775C
0x083D77DC	rom	0x18	gBattleAnimSpriteTemplate_83D7764
0x083D77F4	rom	0x18	gSpriteAffineAnim_83D777C
0x083D780C	rom	0x4	gSpriteAffineAnimTable_83D7794
0x083D7810	rom	0x18	gBattleAnimSpriteTemplate_83D7798
0x083D7828	rom	0x30	gSpriteAffineAnim_83D77B0
0x083D7858	rom	0x18	gBattleAnimSpriteTemplate_83D77E0
0x083D7870	rom	0x18	gBattleAnimSpriteTemplate_83D77F8
0x083D7888	rom	0x14	gSpriteAnim_83D7810
0x083D789C	rom	0x4	gSpriteAnimTable_83D7824
0x083D78A0	rom	0x18	gBattleAnimSpriteTemplate_83D7828
0x083D78B8	rom	0x20	gSpriteAffineAnim_83D7840
0x083D78D8	rom	0x10	gSpriteAffineAnim_83D7860
0x083D78E8	rom	0x40	gSpriteAffineAnim_83D7870
0x083D7928	rom	0xC	gSpriteAffineAnimTable_83D78B0
0x083D7934	rom	0x18	gBattleAnimSpriteTemplate_83D78BC
0x083D794C	rom	0x18	gSpriteAffineAnim_83D78D4
0x083D7964	rom	0x18	gSpriteAffineAnim_83D78EC
0x083D797C	rom	0x18	gSpriteAffineAnim_83D7904
0x083D7994	rom	0x8	gSpriteAffineAnimTable_83D791C
0x083D799C	rom	0x4	gSpriteAffineAnimTable_83D7924
0x083D79A0	rom	0x18	gBattleAnimSpriteTemplate_83D7928
0x083D79B8	rom	0x18	gSpriteAffineAnim_83D7940
0x083D79D0	rom	0x4	gSpriteAffineAnimTable_83D7958
0x083D79D4	rom	0x18	gBattleAnimSpriteTemplate_83D795C
0x083D79EC	rom	0x18	gBattleAnimSpriteTemplate_83D7974
0x083D7A04	rom	0x18	gBattleAnimSpriteTemplate_83D798C
0x083D7A1C	rom	0x18	gBattleAnimSpriteTemplate_83D79A4
0x083D7A34	rom	0x10	gSpriteAffineAnim_83D79BC
0x083D7A44	rom	0x18	gSpriteAnim_83D79CC
0x083D7A5C	rom	0x4	gSpriteAnimTable_83D79E4
0x083D7A60	rom	0x18	gSpriteTemplate_83D79E8
0x083D7A78	rom	0x8	gUnknown_083D7A00
0x083D7A80	rom	0x38	gSpriteAnim_83D7A08
0x083D7AB8	rom	0x4	gSpriteAnimTable_83D7A40
0x083D7ABC	rom	0x18	gBattleAnimSpriteTemplate_83D7A44
0x083D7AD4	rom	0xC	gUnknown_083D7A5C
0x083D7AE0	rom	0x18	gBattleAnimSpriteTemplate_83D7A68
0x083D7AF8	rom	0x18	gBattleAnimSpriteTemplate_83D7A80
0x083D7B10	rom	0x18	gSpriteAffineAnim_83D7A98
0x083D7B28	rom	0x18	gBattleAnimSpriteTemplate_83D7AB0
0x083D7B40	rom	0x18	gBattleAnimSpriteTemplate_83D7AC8
0x083D7B58	rom	0x18	gBattleAnimSpriteTemplate_83D7AE0
0x083D7B70	rom	0x18	gSpriteAffineAnim_83D7AF8
0x083D7B88	rom	0x4	gSpriteAffineAnimTable_83D7B10
0x083D7B8C	rom	0x18	gHiddenPowerOrbSpriteTemplate
0x083D7BA4	rom	0x18	gHiddenPowerOrbScatterSpriteTemplate
0x083D7BBC	rom	0x18	gSpriteAffineAnim_83D7B44
0x083D7BD4	rom	0x4	gSpriteAffineAnimTable_83D7B5C
0x083D7BD8	rom	0x18	gBattleAnimSpriteTemplate_83D7B60
0x083D7BF0	rom	0x18	gSpriteAnim_83D7B78
0x083D7C08	rom	0x4	gSpriteAnimTable_83D7B90
0x083D7C0C	rom	0x18	gBattleAnimSpriteTemplate_83D7B94
0x083D7C24	rom	0x8	gSpriteAnim_83D7BAC
0x083D7C2C	rom	0x4	gSpriteAnimTable_83D7BB4
0x083D7C30	rom	0x18	gBattleAnimSpriteTemplate_83D7BB8
0x083D7C48	rom	0x18	gBattleAnimSpriteTemplate_83D7BD0
0x083D7C60	rom	0x8	gSpriteAnim_83D7BE8
0x083D7C68	rom	0x8	gSpriteAnim_83D7BF0
0x083D7C70	rom	0x8	gSpriteAnimTable_83D7BF8
0x083D7C78	rom	0x18	gBattleAnimSpriteTemplate_83D7C00
0x083D7C90	rom	0x14	gSpriteAnim_83D7C18
0x083D7CA4	rom	0x14	gSpriteAnim_83D7C2C
0x083D7CB8	rom	0x8	gSpriteAnimTable_83D7C40
0x083D7CC0	rom	0x18	gBattleAnimSpriteTemplate_83D7C48
0x083D7CD8	rom	0x14	gSpriteAnim_83D7C60
0x083D7CEC	rom	0x14	gSpriteAnim_83D7C74
0x083D7D00	rom	0x8	gSpriteAnimTable_83D7C88
0x083D7D08	rom	0x18	gBattleAnimSpriteTemplate_83D7C90
0x083D7D20	rom	0x20	gSpriteAffineAnim_83D7CA8
0x083D7D40	rom	0x18	gBattleAnimSpriteTemplate_83D7CC8
0x083D7D58	rom	0x10	gSpriteAffineAnim_83D7CE0
0x083D7D68	rom	0x10	gSpriteAffineAnim_83D7CF0
0x083D7D78	rom	0x10	gSpriteAffineAnim_83D7D00
0x083D7D88	rom	0xC	gSpriteAffineAnimTable_83D7D10
0x083D7D94	rom	0x18	gBattleAnimSpriteTemplate_83D7D1C
0x083D7DAC	rom	0x18	gBattleAnimSpriteTemplate_83D7D34
0x083D7DC4	rom	0x10	gSpriteAffineAnim_83D7D4C
0x083D7DD4	rom	0x10	gSpriteAffineAnim_83D7D5C
0x083D7DE4	rom	0x8	gSpriteAffineAnimTable_83D7D6C
0x083D7DEC	rom	0x18	gBattleAnimSpriteTemplate_83D7D74
0x083D7E04	rom	0x380	gUnknown_3D7D8C
0x083D8184	rom	0x1000	gUnknown_3D810C
0x083D9184	rom	0x20	gSpriteAnim_83D910C
0x083D91A4	rom	0x4	gSpriteAnimTable_83D912C
0x083D91A8	rom	0x18	gSpriteTemplate_83D9130
0x083D91C0	rom	0x18	gSpriteAffineAnim_83D9148
0x083D91D8	rom	0x4	gSpriteAffineAnimTable_83D9160
0x083D91DC	rom	0x10	gSpriteAnim_83D9164
0x083D91EC	rom	0x4	gSpriteAnimTable_83D9174
0x083D91F0	rom	0x18	gBattleAnimSpriteTemplate_83D9178
0x083D9208	rom	0x8	gSpriteAnim_83D9190
0x083D9210	rom	0x8	gSpriteAnim_83D9198
0x083D9218	rom	0x8	gSpriteAnimTable_83D91A0
0x083D9220	rom	0x18	gSpriteAffineAnim_83D91A8
0x083D9238	rom	0x4	gSpriteAffineAnimTable_83D91C0
0x083D923C	rom	0x18	RainbowRingSpriteTemplate
0x083D9254	rom	0x14	gSpriteAnim_83D91DC
0x083D9268	rom	0x4	gSpriteAnimTable_83D91F0
0x083D926C	rom	0x18	gBattleAnimSpriteTemplate_83D91F4
0x083D9284	rom	0x18	gBattleAnimSpriteTemplate_83D920C
0x083D929C	rom	0x18	gBattleAnimSpriteTemplate_83D9224
0x083D92B4	rom	0x18	gBattleAnimSpriteTemplate_83D923C
0x083D92CC	rom	0x10	gSpriteAnim_83D9254
0x083D92DC	rom	0x4	gSpriteAnimTable_83D9264
0x083D92E0	rom	0x18	gBattleAnimSpriteTemplate_83D9268
0x083D92F8	rom	0x18	gBattleAnimSpriteTemplate_83D9280
0x083D9310	rom	0x20	gSpriteAffineAnim_83D9298
0x083D9330	rom	0x10	gSpriteAffineAnim_83D92B8
0x083D9340	rom	0x4	gSpriteAffineAnimTable_83D92C8
0x083D9344	rom	0x4	gSpriteAffineAnimTable_83D92CC
0x083D9348	rom	0x18	gBattleAnimSpriteTemplate_83D92D0
0x083D9360	rom	0x18	gBattleAnimSpriteTemplate_83D92E8
0x083D9378	rom	0x8	gSpriteAnim_83D9300
0x083D9380	rom	0x8	gSpriteAnim_83D9308
0x083D9388	rom	0x4	gSpriteAnimTable_83D9310
0x083D938C	rom	0x4	gSpriteAnimTable_83D9314
0x083D9390	rom	0x18	gBattleAnimSpriteTemplate_83D9318
0x083D93A8	rom	0x18	gBattleAnimSpriteTemplate_83D9330
0x083D93C0	rom	0x18	gBattleAnimSpriteTemplate_83D9348
0x083D93D8	rom	0x18	gBattleAnimSpriteTemplate_83D9360
0x083D93F0	rom	0x18	gSpriteTemplate_83D9378
0x083D9408	rom	0x8	gSpriteAnim_83D9390
0x083D9410	rom	0x8	gSpriteAnim_83D9398
0x083D9418	rom	0x8	gSpriteAnim_83D93A0
0x083D9420	rom	0x8	gSpriteAnimTable_83D93A8
0x083D9428	rom	0x4	gSpriteAnimTable_83D93B0
0x083D942C	rom	0x18	gSpriteAffineAnim_83D93B4
0x083D9444	rom	0x18	gSpriteAffineAnim_83D93CC
0x083D945C	rom	0x18	gSpriteAffineAnim_83D93E4
0x083D9474	rom	0x8	gSpriteAffineAnimTable_83D93FC
0x083D947C	rom	0x4	gSpriteAffineAnimTable_83D9404
0x083D9480	rom	0x18	gBattleAnimSpriteTemplate_83D9408
0x083D9498	rom	0x18	gSpriteTemplate_83D9420
0x083D94B0	rom	0x18	gBattleAnimSpriteTemplate_83D9438
0x083D94C8	rom	0x10	gSpriteAnim_83D9450
0x083D94D8	rom	0x10	gSpriteAnim_83D9460
0x083D94E8	rom	0x8	gSpriteAnimTable_83D9470
0x083D94F0	rom	0x18	gBattleAnimSpriteTemplate_83D9478
0x083D9508	rom	0x18	gBattleAnimSpriteTemplate_83D9490
0x083D9520	rom	0x24	gSpriteAnim_83D94A8
0x083D9544	rom	0x4	gSpriteAnimTable_83D94CC
0x083D9548	rom	0x18	gSpriteAnim_83D94D0
0x083D9560	rom	0x4	gSpriteAnimTable_83D94E8
0x083D9564	rom	0x18	gSpriteAffineAnim_83D94EC
0x083D957C	rom	0x4	gSpriteAffineAnimTable_83D9504
0x083D9580	rom	0x18	gBattleAnimSpriteTemplate_83D9508
0x083D9598	rom	0x18	gBattleAnimSpriteTemplate_83D9520
0x083D95B0	rom	0x18	gBattleAnimSpriteTemplate_83D9538
0x083D95C8	rom	0x18	gSpriteTemplate_83D9550
0x083D95E0	rom	0x10	gSpriteAnim_83D9568
0x083D95F0	rom	0x4	gSpriteAnimTable_83D9578
0x083D95F4	rom	0x18	gSpriteTemplate_83D957C
0x083D960C	rom	0x18	gSpriteAffineAnim_83D9594
0x083D9624	rom	0x4	gSpriteAffineAnimTable_83D95AC
0x083D9628	rom	0x18	gBattleAnimSpriteTemplate_83D95B0
0x083D9640	rom	0x18	gSpriteAnim_83D95C8
0x083D9658	rom	0x4	gSpriteAnimTable_83D95E0
0x083D965C	rom	0x18	gEmberSpriteTemplate
0x083D9674	rom	0x18	gEmberFlareSpriteTemplate
0x083D968C	rom	0x18	gBattleAnimSpriteTemplate_83D9614
0x083D96A4	rom	0x18	gFireRingSpriteTemplate
0x083D96BC	rom	0xC	gSpriteAnim_83D9644
0x083D96C8	rom	0x4	gSpriteAnimTable_83D9650
0x083D96CC	rom	0x10	gSpriteAffineAnim_83D9654
0x083D96DC	rom	0x10	gSpriteAffineAnim_83D9664
0x083D96EC	rom	0x8	gSpriteAffineAnimTable_83D9674
0x083D96F4	rom	0x18	gFireCrossSpriteTemplate
0x083D970C	rom	0x18	gBattleAnimSpriteTemplate_83D9694
0x083D9724	rom	0x18	gBattleAnimSpriteTemplate_83D96AC
0x083D973C	rom	0x18	gSpriteTemplate_83D96C4
0x083D9754	rom	0x1C	gHeatedRockCoords
0x083D9770	rom	0x18	gBattleAnimSpriteTemplate_83D96F8
0x083D9788	rom	0x14	gSpriteAnim_83D9710
0x083D979C	rom	0x8	gSpriteAnim_83D9724
0x083D97A4	rom	0x8	gSpriteAnim_83D972C
0x083D97AC	rom	0x8	gSpriteAnim_83D9734
0x083D97B4	rom	0x10	gSpriteAnimTable_83D973C
0x083D97C4	rom	0x18	gBattleAnimSpriteTemplate_83D974C
0x083D97DC	rom	0x14	gSpriteAnim_83D9764
0x083D97F0	rom	0x4	gSpriteAnimTable_83D9778
0x083D97F4	rom	0x18	gBattleAnimSpriteTemplate_83D977C
0x083D980C	rom	0x10	gUnknown_083D9794
0x083D981C	rom	0x10	gUnknown_083D97A4
0x083D982C	rom	0x18	gSpriteAnim_83D97B4
0x083D9844	rom	0x4	gSpriteAnimTable_83D97CC
0x083D9848	rom	0x18	gBattleAnimSpriteTemplate_83D97D0
0x083D9860	rom	0x20	gSpriteAffineAnim_83D97E8
0x083D9880	rom	0x4	gSpriteAffineAnimTable_83D9808
0x083D9884	rom	0x18	gSpriteTemplate_83D980C
0x083D989C	rom	0x1C	gSpriteAnim_83D9824
0x083D98B8	rom	0x4	gSpriteAnimTable_83D9840
0x083D98BC	rom	0x18	gSpriteTemplate_83D9844
0x083D98D4	rom	0x18	gBattleAnimSpriteTemplate_83D985C
0x083D98EC	rom	0x18	gBattleAnimSpriteTemplate_83D9874
0x083D9904	rom	0x10	gSpriteAffineAnim_83D988C
0x083D9914	rom	0x4	gSpriteAffineAnimTable_83D989C
0x083D9918	rom	0x18	gBattleAnimSpriteTemplate_83D98A0
0x083D9930	rom	0x10	gSpriteAnim_83D98B8
0x083D9940	rom	0x4	gSpriteAnimTable_83D98C8
0x083D9944	rom	0x20	gSpriteAffineAnim_83D98CC
0x083D9964	rom	0x4	gSpriteAffineAnimTable_83D98EC
0x083D9968	rom	0x18	gBattleAnimSpriteTemplate_83D98F0
0x083D9980	rom	0x18	gBattleAnimSpriteTemplate_83D9908
0x083D9998	rom	0x18	gElectricitySpriteTemplate
0x083D99B0	rom	0x18	gSpriteTemplate_83D9938
0x083D99C8	rom	0x18	gBattleAnimSpriteTemplate_83D9950
0x083D99E0	rom	0x20	gUnknown_083D9968
0x083D9A00	rom	0x14	gSpriteAnim_83D9988
0x083D9A14	rom	0x14	gSpriteAnim_83D999C
0x083D9A28	rom	0x8	gSpriteAnimTable_83D99B0
0x083D9A30	rom	0x18	gSpriteTemplate_83D99B8
0x083D9A48	rom	0x40	gSpriteAffineAnim_83D99D0
0x083D9A88	rom	0x30	gSpriteAffineAnim_83D9A10
0x083D9AB8	rom	0x20	gSpriteAffineAnim_83D9A40
0x083D9AD8	rom	0xC	gSpriteAffineAnimTable_83D9A60
0x083D9AE4	rom	0x18	gBattleAnimSpriteTemplate_83D9A6C
0x083D9AFC	rom	0x14	gSpriteAnim_83D9A84
0x083D9B10	rom	0x4	gSpriteAnimTable_83D9A98
0x083D9B14	rom	0x18	gBattleAnimSpriteTemplate_83D9A9C
0x083D9B2C	rom	0x18	gBattleAnimSpriteTemplate_83D9AB4
0x083D9B44	rom	0x8	gSpriteAnim_83D9ACC
0x083D9B4C	rom	0x8	gSpriteAnim_83D9AD4
0x083D9B54	rom	0x8	gSpriteAnim_83D9ADC
0x083D9B5C	rom	0x8	gSpriteAnim_83D9AE4
0x083D9B64	rom	0x10	gSpriteAnimTable_83D9AEC
0x083D9B74	rom	0x10	gSpriteAffineAnim_83D9AFC
0x083D9B84	rom	0x4	gSpriteAffineAnimTable_83D9B0C
0x083D9B88	rom	0x18	gSpriteTemplate_83D9B10
0x083D9BA0	rom	0x18	gBattleAnimSpriteTemplate_83D9B28
0x083D9BB8	rom	0x18	gSpriteTemplate_83D9B40
0x083D9BD0	rom	0xC	gSpriteAnim_83D9B58
0x083D9BDC	rom	0x4	gSpriteAnimTable_83D9B64
0x083D9BE0	rom	0x18	gSpriteTemplate_83D9B68
0x083D9BF8	rom	0x8	gSpriteAnim_83D9B80
0x083D9C00	rom	0x8	gSpriteAnim_83D9B88
0x083D9C08	rom	0x8	gSpriteAnim_83D9B90
0x083D9C10	rom	0x8	gSpriteAnim_83D9B98
0x083D9C18	rom	0x8	gSpriteAnim_83D9BA0
0x083D9C20	rom	0xC	gSpriteAnim_83D9BA8
0x083D9C2C	rom	0x4	gSpriteAnimTable_83D9BB4
0x083D9C30	rom	0x4	gSpriteAnimTable_83D9BB8
0x083D9C34	rom	0x4	gSpriteAnimTable_83D9BBC
0x083D9C38	rom	0x4	gSpriteAnimTable_83D9BC0
0x083D9C3C	rom	0x4	gSpriteAnimTable_83D9BC4
0x083D9C40	rom	0x4	gSpriteAnimTable_83D9BC8
0x083D9C44	rom	0x10	gSpriteAffineAnim_83D9BCC
0x083D9C54	rom	0x4	gSpriteAffineAnimTable_83D9BDC
0x083D9C58	rom	0x18	gLargeIcePunchCrystalSpriteTemplate
0x083D9C70	rom	0x18	gSmallIcePunchCrystalSpriteTemplate
0x083D9C88	rom	0x10	gSpriteAffineAnim_83D9C10
0x083D9C98	rom	0x4	gSpriteAffineAnimTable_83D9C20
0x083D9C9C	rom	0x18	IceBeamCenterParticleSpriteTemplate
0x083D9CB4	rom	0x18	gIceBeamOuterParticleSpriteTemplate
0x083D9CCC	rom	0x20	gSpriteAffineAnim_83D9C54
0x083D9CEC	rom	0x4	gSpriteAffineAnimTable_83D9C74
0x083D9CF0	rom	0x18	gLargeIceEffectParticleSpriteTemplate
0x083D9D08	rom	0x18	gSmallIceEffectParticleSpriteTemplate
0x083D9D20	rom	0x18	gSmallSnowballSpriteTemplate1
0x083D9D38	rom	0x18	gLargeSnowballSpriteTemplate
0x083D9D50	rom	0x18	gSmallSnowballSpriteTemplate2
0x083D9D68	rom	0x20	gSpriteAnim_83D9CF0
0x083D9D88	rom	0x4	gSpriteAnimTable_83D9D10
0x083D9D8C	rom	0x18	gIceSpikeSpriteTemplate
0x083D9DA4	rom	0xC	gSpriteAnim_83D9D2C
0x083D9DB0	rom	0x4	gSpriteAnimTable_83D9D38
0x083D9DB4	rom	0x18	gMistCloudSpriteTemplate
0x083D9DCC	rom	0x18	gSmogCloudSpriteTemplate
0x083D9DE4	rom	0x14	gUnknown_083D9D6C
0x083D9DF8	rom	0x18	gMistBallSpriteTemplate
0x083D9E10	rom	0x14	gUnknown_083D9D98
0x083D9E24	rom	0x18	gPoisonGasCloudSpriteTemplate
0x083D9E3C	rom	0x28	gUnknown_083D9DC4
0x083D9E64	rom	0x10	gSpriteAffineAnim_83D9DEC
0x083D9E74	rom	0x10	gSpriteAffineAnim_83D9DFC
0x083D9E84	rom	0x10	gSpriteAffineAnim_83D9E0C
0x083D9E94	rom	0x10	gSpriteAffineAnim_83D9E1C
0x083D9EA4	rom	0xC	gSpriteAffineAnimTable_83D9E2C
0x083D9EB0	rom	0x4	gSpriteAffineAnimTable_83D9E38
0x083D9EB4	rom	0x18	gHailSpriteTemplate
0x083D9ECC	rom	0x18	gWeatherBallHailSpriteTemplate
0x083D9EE4	rom	0x8	gSpriteAnim_83D9E6C
0x083D9EEC	rom	0x14	gSpriteAnim_83D9E74
0x083D9F00	rom	0x8	gSpriteAnimTable_83D9E88
0x083D9F08	rom	0x10	gSpriteAffineAnim_83D9E90
0x083D9F18	rom	0x10	gSpriteAffineAnim_83D9EA0
0x083D9F28	rom	0x10	gSpriteAffineAnim_83D9EB0
0x083D9F38	rom	0x10	gSpriteAffineAnim_83D9EC0
0x083D9F48	rom	0x10	gSpriteAffineAnim_83D9ED0
0x083D9F58	rom	0x14	gSpriteAffineAnimTable_83D9EE0
0x083D9F6C	rom	0x18	gIceBallSpriteTemplate
0x083D9F84	rom	0x18	gIceBallParticleSpriteTemplate
0x083D9F9C	rom	0x18	gSpriteTemplate_83D9F24
0x083D9FB4	rom	0x8	gSpriteAnim_83D9F3C
0x083D9FBC	rom	0x8	gSpriteAnim_83D9F44
0x083D9FC4	rom	0x8	gSpriteAnim_83D9F4C
0x083D9FCC	rom	0x8	gSpriteAnim_83D9F54
0x083D9FD4	rom	0x8	gSpriteAnim_83D9F5C
0x083D9FDC	rom	0x4	gSpriteAnimTable_83D9F64
0x083D9FE0	rom	0x8	gSpriteAnimTable_83D9F68
0x083D9FE8	rom	0x8	gSpriteAnimTable_83D9F70
0x083D9FF0	rom	0x18	gBattleAnimSpriteTemplate_83D9F78
0x083DA008	rom	0x18	gBattleAnimSpriteTemplate_83D9F90
0x083DA020	rom	0x18	gFistFootSpriteTemplate
0x083DA038	rom	0x18	gBattleAnimSpriteTemplate_83D9FC0
0x083DA050	rom	0x18	gBattleAnimSpriteTemplate_83D9FD8
0x083DA068	rom	0x18	gBattleAnimSpriteTemplate_83D9FF0
0x083DA080	rom	0x18	gSpriteAffineAnim_83DA008
0x083DA098	rom	0x4	gSpriteAffineAnimTable_83DA020
0x083DA09C	rom	0x18	gBattleAnimSpriteTemplate_83DA024
0x083DA0B4	rom	0x18	gSpriteAffineAnim_83DA03C
0x083DA0CC	rom	0x4	gSpriteAffineAnimTable_83DA054
0x083DA0D0	rom	0x18	gMegaPunchKickSpriteTemplate
0x083DA0E8	rom	0x18	gStompFootSpriteTemplate
0x083DA100	rom	0x18	gBattleAnimSpriteTemplate_83DA088
0x083DA118	rom	0x18	gBattleAnimSpriteTemplate_83DA0A0
0x083DA130	rom	0x18	gBattleAnimSpriteTemplate_83DA0B8
0x083DA148	rom	0x28	gSpriteAffineAnim_83DA0D0
0x083DA170	rom	0x4	gSpriteAffineAnimTable_83DA0F8
0x083DA174	rom	0x18	gBattleAnimSpriteTemplate_83DA0FC
0x083DA18C	rom	0x18	gBattleAnimSpriteTemplate_83DA114
0x083DA1A4	rom	0x18	gBattleAnimSpriteTemplate_83DA12C
0x083DA1BC	rom	0x18	gBattleAnimSpriteTemplate_83DA144
0x083DA1D4	rom	0x10	gSpriteAnim_83DA15C
0x083DA1E4	rom	0x10	gSpriteAnim_83DA16C
0x083DA1F4	rom	0x10	gSpriteAnim_83DA17C
0x083DA204	rom	0xC	gSpriteAnimTable_83DA18C
0x083DA210	rom	0x18	gBattleAnimSpriteTemplate_83DA198
0x083DA228	rom	0xC	gSpriteAnim_83DA1B0
0x083DA234	rom	0xC	gSpriteAnim_83DA1BC
0x083DA240	rom	0xC	gSpriteAnim_83DA1C8
0x083DA24C	rom	0xC	gSpriteAnimTable_83DA1D4
0x083DA258	rom	0x18	gBattleAnimSpriteTemplate_83DA1E0
0x083DA270	rom	0x18	gSpriteAffineAnim_83DA1F8
0x083DA288	rom	0x4	gSpriteAffineAnimTable_83DA210
0x083DA28C	rom	0x18	gBattleAnimSpriteTemplate_83DA214
0x083DA2A4	rom	0x14	gSpriteAnim_83DA22C
0x083DA2B8	rom	0x4	gSpriteAnimTable_83DA240
0x083DA2BC	rom	0x18	gBattleAnimSpriteTemplate_83DA244
0x083DA2D4	rom	0x8	gSpriteAnim_83DA25C
0x083DA2DC	rom	0x8	gSpriteAnim_83DA264
0x083DA2E4	rom	0x8	gSpriteAnim_83DA26C
0x083DA2EC	rom	0x4	gSpriteAnimTable_83DA274
0x083DA2F0	rom	0x4	gSpriteAnimTable_83DA278
0x083DA2F4	rom	0x4	gSpriteAnimTable_83DA27C
0x083DA2F8	rom	0x20	gSpriteAffineAnim_83DA280
0x083DA318	rom	0x10	gSpriteAffineAnim_83DA2A0
0x083DA328	rom	0x4	gSpriteAffineAnimTable_83DA2B0
0x083DA32C	rom	0x4	gSpriteAffineAnimTable_83DA2B4
0x083DA330	rom	0x18	gBattleAnimSpriteTemplate_83DA2B8
0x083DA348	rom	0x18	gBattleAnimSpriteTemplate_83DA2D0
0x083DA360	rom	0x18	gBattleAnimSpriteTemplate_83DA2E8
0x083DA378	rom	0x18	gSpriteAffineAnim_83DA300
0x083DA390	rom	0x4	gSpriteAffineAnimTable_83DA318
0x083DA394	rom	0x18	gBattleAnimSpriteTemplate_83DA31C
0x083DA3AC	rom	0x18	gSpriteAffineAnim_83DA334
0x083DA3C4	rom	0x4	gSpriteAffineAnimTable_83DA34C
0x083DA3C8	rom	0x18	gPoisonBubbleSpriteTemplate
0x083DA3E0	rom	0x18	gWaterBubbleSpriteTemplate
0x083DA3F8	rom	0x18	gBattleAnimSpriteTemplate_83DA380
0x083DA410	rom	0x18	gSpriteAffineAnim_83DA398
0x083DA428	rom	0x4	gSpriteAffineAnimTable_83DA3B0
0x083DA42C	rom	0x18	gBattleAnimSpriteTemplate_83DA3B4
0x083DA444	rom	0x14	gSpriteAnim_83DA3CC
0x083DA458	rom	0x4	gSpriteAnimTable_83DA3E0
0x083DA45C	rom	0x18	gBattleAnimSpriteTemplate_83DA3E4
0x083DA474	rom	0x28	gSpriteAffineAnim_83DA3FC
0x083DA49C	rom	0x4	gSpriteAffineAnimTable_83DA424
0x083DA4A0	rom	0x10	gSpriteAffineAnim_83DA428
0x083DA4B0	rom	0x10	gSpriteAffineAnim_83DA438
0x083DA4C0	rom	0x8	gSpriteAffineAnimTable_83DA448
0x083DA4C8	rom	0x18	gBattleAnimSpriteTemplate_83DA450
0x083DA4E0	rom	0x18	gBattleAnimSpriteTemplate_83DA468
0x083DA4F8	rom	0x8	gSpriteAnim_83DA480
0x083DA500	rom	0x8	gSpriteAnim_83DA488
0x083DA508	rom	0x8	gSpriteAnimTable_83DA490
0x083DA510	rom	0x18	gBattleAnimSpriteTemplate_83DA498
0x083DA528	rom	0x20	gUnknownPalette_83DA4B0
0x083DA548	rom	0x18	gSpriteTemplate_83DA4D0
0x083DA560	rom	0x18	gSpriteTemplate_83DA4E8
0x083DA578	rom	0x18	gSpriteAnim_83DA500
0x083DA590	rom	0x4	gSpriteAnimTable_83DA518
0x083DA594	rom	0x18	gBattleAnimSpriteTemplate_83DA51C
0x083DA5AC	rom	0x30	gSpriteAffineAnim_83DA534
0x083DA5DC	rom	0x4	gSpriteAffineAnimTable_83DA564
0x083DA5E0	rom	0x18	gBattleAnimSpriteTemplate_83DA568
0x083DA5F8	rom	0x10	gSpriteAffineAnim_83DA580
0x083DA608	rom	0x4	gSpriteAffineAnimTable_83DA590
0x083DA60C	rom	0x18	gBattleAnimSpriteTemplate_83DA594
0x083DA624	rom	0x28	gSpriteAffineAnim_83DA5AC
0x083DA64C	rom	0x4	gSpriteAffineAnimTable_83DA5D4
0x083DA650	rom	0x18	gBattleAnimSpriteTemplate_83DA5D8
0x083DA668	rom	0x20	gSpriteAffineAnim_83DA5F0
0x083DA688	rom	0x4	gSpriteAffineAnimTable_83DA610
0x083DA68C	rom	0x18	gBattleAnimSpriteTemplate_83DA614
0x083DA6A4	rom	0x18	gBattleAnimSpriteTemplate_83DA62C
0x083DA6BC	rom	0x18	gSpriteTemplate_83DA644
0x083DA6D4	rom	0x18	gBattleAnimSpriteTemplate_83DA65C
0x083DA6EC	rom	0x18	gSpriteAffineAnim_83DA674
0x083DA704	rom	0x4	gSpriteAffineAnimTable_83DA68C
0x083DA708	rom	0x18	gBattleAnimSpriteTemplate_83DA690
0x083DA720	rom	0x18	gBattleAnimSpriteTemplate_83DA6A8
0x083DA738	rom	0x18	gBattleAnimSpriteTemplate_83DA6C0
0x083DA750	rom	0x18	gBattleAnimSpriteTemplate_83DA6D8
0x083DA768	rom	0x18	gBattleAnimSpriteTemplate_83DA6F0
0x083DA780	rom	0x18	gBattleAnimSpriteTemplate_83DA708
0x083DA798	rom	0x18	gSpriteAnim_83DA720
0x083DA7B0	rom	0x4	gSpriteAnimTable_83DA738
0x083DA7B4	rom	0x18	gBattleAnimSpriteTemplate_83DA73C
0x083DA7CC	rom	0x14	gSpriteAnim_83DA754
0x083DA7E0	rom	0x4	gSpriteAnimTable_83DA768
0x083DA7E4	rom	0x18	gBattleAnimSpriteTemplate_83DA76C
0x083DA7FC	rom	0x18	gBattleAnimSpriteTemplate_83DA784
0x083DA814	rom	0x40	gSpriteAnim_83DA79C
0x083DA854	rom	0x40	gSpriteAnim_83DA7DC
0x083DA894	rom	0x8	gSpriteAnimTable_83DA81C
0x083DA89C	rom	0x18	gBattleAnimSpriteTemplate_83DA824
0x083DA8B4	rom	0x20	gSpriteAnim_83DA83C
0x083DA8D4	rom	0x4	gSpriteAnimTable_83DA85C
0x083DA8D8	rom	0x28	gSpriteAffineAnim_3DA860
0x083DA900	rom	0x4	gSpriteAffineAnimTable_083DA888
0x083DA904	rom	0x18	gBattleAnimSpriteTemplate_83DA88C
0x083DA91C	rom	0x20	gSpriteAffineAnim_083DA8A4
0x083DA93C	rom	0x18	gSpriteAffineAnim_083DA8C4
0x083DA954	rom	0x18	gSpriteTemplate_83DA8DC
0x083DA96C	rom	0x18	gBattleAnimSpriteTemplate_83DA8F4
0x083DA984	rom	0x18	gSpriteAffineAnim_83DA90C
0x083DA99C	rom	0x28	gSpriteAffineAnim_83DA924
0x083DA9C4	rom	0x28	gSpriteAffineAnim_83DA94C
0x083DA9EC	rom	0x28	gSpriteAffineAnim_83DA974
0x083DAA14	rom	0x10	gSpriteAffineAnimTable_83DA99C
0x083DAA24	rom	0x18	gSpriteTemplate_83DA9AC
0x083DAA3C	rom	0x18	gSpriteAffineAnim_83DA9C4
0x083DAA54	rom	0x4	gSpriteAffineAnimTable_83DA9DC
0x083DAA58	rom	0x18	gBattleAnimSpriteTemplate_83DA9E0
0x083DAA70	rom	0x58	gSpriteAffineAnim_83DA9F8
0x083DAAC8	rom	0x10	gSpriteAffineAnim_83DAA50
0x083DAAD8	rom	0x8	gSpriteAffineAnimTable_83DAA60
0x083DAAE0	rom	0x18	gBattleAnimSpriteTemplate_83DAA68
0x083DAAF8	rom	0x10	gSpriteAffineAnim_83DAA80
0x083DAB08	rom	0x10	gSpriteAffineAnim_83DAA90
0x083DAB18	rom	0x10	gSpriteAffineAnim_83DAAA0
0x083DAB28	rom	0xC	gSpriteAffineAnimTable_83DAAB0
0x083DAB34	rom	0x18	gBattleAnimSpriteTemplate_83DAABC
0x083DAB4C	rom	0x10	gSpriteAffineAnim_83DAAD4
0x083DAB5C	rom	0x10	gSpriteAffineAnim_83DAAE4
0x083DAB6C	rom	0x10	gSpriteAffineAnim_83DAAF4
0x083DAB7C	rom	0xC	gSpriteAffineAnimTable_83DAB04
0x083DAB88	rom	0x18	gBattleAnimSpriteTemplate_83DAB10
0x083DABA0	rom	0x18	gBattleAnimSpriteTemplate_83DAB28
0x083DABB8	rom	0x18	gBattleAnimSpriteTemplate_83DAB40
0x083DABD0	rom	0x18	gSpriteAffineAnim_83DAB58
0x083DABE8	rom	0x4	gSpriteAffineAnimTable_83DAB70
0x083DABEC	rom	0x18	gBattleAnimSpriteTemplate_83DAB74
0x083DAC04	rom	0x18	gLinearStingerSpriteTemplate
0x083DAC1C	rom	0x18	gPinMissileSpriteTemplate
0x083DAC34	rom	0x18	gIcicleSpearSpriteTemplate
0x083DAC4C	rom	0x38	gSpriteAffineAnim_83DABD4
0x083DAC84	rom	0x4	gSpriteAffineAnimTable_83DAC0C
0x083DAC88	rom	0x18	gBattleAnimSpriteTemplate_83DAC10
0x083DACA0	rom	0x8	gSpriteAnim_83DAC28
0x083DACA8	rom	0x8	gSpriteAnim_83DAC30
0x083DACB0	rom	0x8	gSpriteAnim_83DAC38
0x083DACB8	rom	0xC	gSpriteAnimTable_83DAC40
0x083DACC4	rom	0x18	gBattleAnimSpriteTemplate_83DAC4C
0x083DACDC	rom	0x18	gBattleAnimSpriteTemplate_83DAC64
0x083DACF4	rom	0x18	gBattleAnimSpriteTemplate_83DAC7C
0x083DAD0C	rom	0x20	gSpriteAffineAnim_83DAC94
0x083DAD2C	rom	0x4	gSpriteAffineAnimTable_83DACB4
0x083DAD30	rom	0x18	gBattleAnimSpriteTemplate_83DACB8
0x083DAD48	rom	0x18	gBattleAnimSpriteTemplate_83DACD0
0x083DAD60	rom	0x18	gFlyingDirtSpriteTemplate
0x083DAD78	rom	0x10	gSubspriteTable_83DAD00
0x083DAD88	rom	0x8	gSubspriteTables_83DAD10
0x083DAD90	rom	0x8	gSpriteAnim_83DAD18
0x083DAD98	rom	0x8	gSpriteAnim_83DAD20
0x083DADA0	rom	0x8	gSpriteAnim_83DAD28
0x083DADA8	rom	0x8	gSpriteAnim_83DAD30
0x083DADB0	rom	0x8	gSpriteAnim_83DAD38
0x083DADB8	rom	0x8	gSpriteAnim_83DAD40
0x083DADC0	rom	0x8	gSpriteAnimTable_83DAD48
0x083DADC8	rom	0x8	gSpriteAnimTable_83DAD50
0x083DADD0	rom	0x8	gSpriteAnimTable_83DAD58
0x083DADD8	rom	0x18	gAncientPowerRockSpriteTemplate
0x083DADF0	rom	0x18	gSpriteTemplate_83DAD78
0x083DAE08	rom	0x18	gSpriteTemplate_83DAD90
0x083DAE20	rom	0x18	gBattleAnimSpriteTemplate_83DADA8
0x083DAE38	rom	0x10	gSpriteAffineAnim_83DADC0
0x083DAE48	rom	0x10	gSpriteAffineAnim_83DADD0
0x083DAE58	rom	0x8	gSpriteAffineAnimTable_83DADE0
0x083DAE60	rom	0x18	gBattleAnimSpriteTemplate_83DADE8
0x083DAE78	rom	0x18	gBattleAnimSpriteTemplate_83DAE00
0x083DAE90	rom	0x18	gBattleAnimSpriteTemplate_83DAE18
0x083DAEA8	rom	0x18	gBattleAnimSpriteTemplate_83DAE30
0x083DAEC0	rom	0x18	gSpriteAffineAnim_83DAE48
0x083DAED8	rom	0x4	gSpriteAffineAnimTable_83DAE60
0x083DAEDC	rom	0x18	gBattleAnimSpriteTemplate_83DAE64
0x083DAEF4	rom	0x18	gBattleAnimSpriteTemplate_83DAE7C
0x083DAF0C	rom	0x10	gSpriteAffineAnim_83DAE94
0x083DAF1C	rom	0x4	gSpriteAffineAnimTable_83DAEA4
0x083DAF20	rom	0x18	gShadowBallSpriteTemplate
0x083DAF38	rom	0x18	gSpriteAnim_83DAEC0
0x083DAF50	rom	0x4	gSpriteAnimTable_83DAED8
0x083DAF54	rom	0x18	gBattleAnimSpriteTemplate_83DAEDC
0x083DAF6C	rom	0x10	gSpriteAffineAnim_83DAEF4
0x083DAF7C	rom	0x4	gSpriteAffineAnimTable_83DAF04
0x083DAF80	rom	0x18	gSpriteTemplate_83DAF08
0x083DAF98	rom	0x18	gBattleAnimSpriteTemplate_83DAF20
0x083DAFB0	rom	0x18	gBattleAnimSpriteTemplate_83DAF38
0x083DAFC8	rom	0x18	gBattleAnimSpriteTemplate_83DAF50
0x083DAFE0	rom	0x14	gSpriteAnim_83DAF68
0x083DAFF4	rom	0x4	gSpriteAnimTable_83DAF7C
0x083DAFF8	rom	0x18	gSpriteTemplate_83DAF80
0x083DB010	rom	0x18	gSpriteTemplate_83DAF98
0x083DB028	rom	0x18	gSpriteAnim_83DAFB0
0x083DB040	rom	0x4	gSpriteAnimTable_83DAFC8
0x083DB044	rom	0x18	gBattleAnimSpriteTemplate_83DAFCC
0x083DB05C	rom	0x10	gSpriteAnim_83DAFE4
0x083DB06C	rom	0x10	gSpriteAnim_83DAFF4
0x083DB07C	rom	0x8	gSpriteAnimTable_83DB004
0x083DB084	rom	0x18	gSpriteAffineAnim_83DB00C
0x083DB09C	rom	0x18	gSpriteAffineAnim_83DB024
0x083DB0B4	rom	0x8	gSpriteAffineAnimTable_83DB03C
0x083DB0BC	rom	0x18	gBattleAnimSpriteTemplate_83DB044
0x083DB0D4	rom	0x18	gSpriteAnim_83DB05C
0x083DB0EC	rom	0x4	gSpriteAnimTable_83DB074
0x083DB0F0	rom	0x18	gBattleAnimSpriteTemplate_83DB078
0x083DB108	rom	0x10	gSpriteAnim_83DB090
0x083DB118	rom	0x8	gSpriteAnimTable_83DB0A0
0x083DB120	rom	0x10	gSpriteAffineAnim_83DB0A8
0x083DB130	rom	0x10	gSpriteAffineAnim_83DB0B8
0x083DB140	rom	0x8	gSpriteAffineAnimTable_83DB0C8
0x083DB148	rom	0x18	gBattleAnimSpriteTemplate_83DB0D0
0x083DB160	rom	0x18	gBattleAnimSpriteTemplate_83DB0E8
0x083DB178	rom	0x18	gBattleAnimSpriteTemplate_83DB100
0x083DB190	rom	0x18	gSpriteTemplate_83DB118
0x083DB1A8	rom	0x10	gSpriteAffineAnim_83DB130
0x083DB1B8	rom	0x10	gSpriteAffineAnim_83DB140
0x083DB1C8	rom	0x10	gSpriteAffineAnim_83DB150
0x083DB1D8	rom	0x10	gSpriteAffineAnim_83DB160
0x083DB1E8	rom	0x10	gSpriteAffineAnim_83DB170
0x083DB1F8	rom	0x10	gSpriteAffineAnim_83DB180
0x083DB208	rom	0x10	gSpriteAffineAnim_83DB190
0x083DB218	rom	0x10	gSpriteAffineAnim_83DB1A0
0x083DB228	rom	0x20	gSpriteAffineAnimTable_83DB1B0
0x083DB248	rom	0x18	gBattleAnimSpriteTemplate_83DB1D0
0x083DB260	rom	0x18	gBattleAnimSpriteTemplate_83DB1E8
0x083DB278	rom	0x18	gSpriteAffineAnim_83DB200
0x083DB290	rom	0x18	gSpriteAffineAnim_83DB218
0x083DB2A8	rom	0x8	gSpriteAffineAnimTable_83DB230
0x083DB2B0	rom	0x18	gBattleAnimSpriteTemplate_83DB238
0x083DB2C8	rom	0x18	gSpriteAnim_83DB250
0x083DB2E0	rom	0x18	gSpriteAnim_83DB268
0x083DB2F8	rom	0x8	gSpriteAnimTable_83DB280
0x083DB300	rom	0x18	gBattleAnimSpriteTemplate_83DB288
0x083DB318	rom	0x10	gBonemerangSpriteAffineAnim
0x083DB328	rom	0x10	gBoneHitSpriteAffineAnim
0x083DB338	rom	0x4	gBonemerangSpriteAffineAnimTable
0x083DB33C	rom	0x4	gBoneHitSpriteAffineAnimTable
0x083DB340	rom	0x18	gBonemerangSpriteTemplate
0x083DB358	rom	0x18	gBoneHitSpriteTemplate
0x083DB370	rom	0x18	gSandAttackDirtSpriteTemplate
0x083DB388	rom	0x8	gMudSlapDirtSpriteAnim
0x083DB390	rom	0x4	gMudSlapDirtSpriteAnimTable
0x083DB394	rom	0x18	gMudSlapDirtSpriteTemplate
0x083DB3AC	rom	0x18	gMudSportDirtSpriteTemplate
0x083DB3C4	rom	0x18	gDirtPlumeSpriteTemplate
0x083DB3DC	rom	0x18	gDigDirtMoundSpriteTemplate
0x083DB3F4	rom	0x14	gConfusionDuckSpriteAnim1
0x083DB408	rom	0x14	gConfusionDuckSpriteAnim2
0x083DB41C	rom	0x8	gConfusionDuckSpriteAnimTable
0x083DB424	rom	0x18	gConfusionDuckSpriteTemplate
0x083DB43C	rom	0x18	gSimplePaletteBlendSpriteTemplate
0x083DB454	rom	0x18	gBattleAnimSpriteTemplate_83DB3DC
0x083DB46C	rom	0x18	gSpriteAnim_83DB3F4
0x083DB484	rom	0x4	gSpriteAnimTable_83DB40C
0x083DB488	rom	0x18	gSpriteTemplate_83DB410
0x083DB4A0	rom	0x18	gBattleAnimSpriteTemplate_83DB428
0x083DB4B8	rom	0x10	gSpriteAffineAnim_83DB440
0x083DB4C8	rom	0x18	gSpriteAffineAnim_83DB450
0x083DB4E0	rom	0x18	gSpriteAffineAnim_83DB468
0x083DB4F8	rom	0x18	gSpriteAffineAnim_83DB480
0x083DB510	rom	0x10	gSpriteAffineAnimTable_83DB498
0x083DB520	rom	0x18	gBasicHitSplatSpriteTemplate
0x083DB538	rom	0x18	gBattleAnimSpriteTemplate_83DB4C0
0x083DB550	rom	0x18	gBattleAnimSpriteTemplate_83DB4D8
0x083DB568	rom	0x18	gBattleAnimSpriteTemplate_83DB4F0
0x083DB580	rom	0x18	gBattleAnimSpriteTemplate_83DB508
0x083DB598	rom	0x18	gBattleAnimSpriteTemplate_83DB520
0x083DB5B0	rom	0x18	gBattleAnimSpriteTemplate_83DB538
0x083DB5C8	rom	0x18	gBattleAnimSpriteTemplate_83DB550
0x083DB5E0	rom	0x2	gUnknown_083DB568
0x083DB5E4	rom	0x28	sBattleIntroTaskFuncs
0x083DB60C	rom	0x10	sMachBikeTransitions
0x083DB61C	rom	0xC	sMachBikeSpeedCallbacks
0x083DB628	rom	0x34	sAcroBikeTransitions
0x083DB65C	rom	0x1C	sAcroBikeInputHandlers
0x083DB678	rom	0x6	sMachBikeSpeeds
0x083DB67E	rom	0x2	sAcroBikeJumpTimerList
0x083DB680	rom	0x70	sAcroBikeTricksList
0x083DB6F0	rom	0x8	gMysteryEventPhrase
0x083DB6F8	rom	0x14	gBerryMasterWifePhrases
0x083DB70C	rom	0x4	gEasyChatStruct
0x083DB710	rom	0xC	gUnknown_083DB698
0x083DB71C	rom	0xE	gUnknown_083DB6A4
0x083DB72A	rom	0x40	gUnknown_083DB6B2
0x083DB76C	rom	0xCC	gUnknown_083DB6F4
0x083DB838	rom	0x1C	gUnknown_083DB7C0
0x083DB864	rom	0x8	gUnknown_083DB7EC
0x083DB86C	rom	0xC	gUnknown_083DB7F4
0x083DB878	rom	0x20	InterviewPalette_0
0x083DB898	rom	0x20	InterviewPalette_1
0x083DB8B8	rom	0x100	InterviewArrowTiles
0x083DB9B8	rom	0x100	InterviewButtonTiles
0x083DBAB8	rom	0x20	gMenuInterviewFrame_Pal
0x083DBAD8	rom	0x134	gMenuInterviewFrame_Gfx
0x083DBC0C	rom	0x20	InterviewTriangleCursorTiles
0x083DBC6C	rom	0x8	gOamData_83DBBF4
0x083DBC74	rom	0x18	gSpriteTemplate_83DBBFC
0x083DBC8C	rom	0x8	gOamData_83DBC14
0x083DBC94	rom	0x8	gSpriteAnim_83DBC1C
0x083DBC9C	rom	0x8	gSpriteAnim_83DBC24
0x083DBCA4	rom	0x8	gSpriteAnim_83DBC2C
0x083DBCAC	rom	0x8	gSpriteAnim_83DBC34
0x083DBCB4	rom	0x8	gSpriteAnim_83DBC3C
0x083DBCBC	rom	0x8	gSpriteAnim_83DBC44
0x083DBCC4	rom	0x8	gSpriteAnim_83DBC4C
0x083DBCCC	rom	0x8	gSpriteAnim_83DBC54
0x083DBCD4	rom	0x8	gSpriteAnim_83DBC5C
0x083DBCDC	rom	0x8	gSpriteAnim_83DBC64
0x083DBCE4	rom	0x8	gSpriteAnim_83DBC6C
0x083DBCEC	rom	0x8	gSpriteAnim_83DBC74
0x083DBCF4	rom	0x10	gSpriteAnimTable_83DBC7C
0x083DBD04	rom	0x10	gSpriteAnimTable_83DBC8C
0x083DBD14	rom	0x10	gSpriteAnimTable_83DBC9C
0x083DBD3C	rom	0x1C	gUnknown_083DBCC4
0x083DBD58	rom	0x8	gOamData_83DBCE0
0x083DBD60	rom	0x8	gSpriteAnim_83DBCE8
0x083DBD68	rom	0x8	gSpriteAnim_83DBCF0
0x083DBD70	rom	0x8	gSpriteAnimTable_83DBCF8
0x083DBD78	rom	0x8	gSpriteAnim_83DBD00
0x083DBD80	rom	0x8	gSpriteAnim_83DBD08
0x083DBD88	rom	0x8	gSpriteAnimTable_83DBD10
0x083DBDB8	rom	0x8	gOamData_83DBD40
0x083DBDC0	rom	0x18	gSpriteTemplate_83DBD48
0x083DBDD8	rom	0x8	gUnknown_083DBD60
0x083DBDE0	rom	0x8	gUnknown_083DBD68
0x083DBDE8	rom	0x8	gOamData_83DBD70
0x083DBDF0	rom	0x8	gSpriteAnim_83DBD78
0x083DBDF8	rom	0x14	gSpriteAnim_83DBD80
0x083DBE0C	rom	0x14	gSpriteAnim_83DBD94
0x083DBE20	rom	0xC	gSpriteAnim_83DBDA8
0x083DBE2C	rom	0xC	gSpriteAnim_83DBDB4
0x083DBE38	rom	0xC	gSpriteAnim_83DBDC0
0x083DBE44	rom	0x18	gSpriteAnimTable_83DBDCC
0x083DBE5C	rom	0x18	gSpriteTemplate_83DBDE4
0x083DBE74	rom	0x20	gUnknown_083DBDFC
0x083DBE94	rom	0x24	gUnknown_083DBE1C
0x083DBEB8	rom	0x20	gUnknown_083DBE40
0x083DBED8	rom	0x48	gUnused_083DBE60
0x083DBF20	rom	0x4	gUnknown_083DBEA8
0x083DBF24	rom	0x80	gUnknown_083DBEAC
0x083DBFA4	rom	0x194	gEasyChatGroupWords_Pokemon
0x083DC138	rom	0x92	gEasyChatGroupWords_Trainer
0x083DC1CA	rom	0x3EA	gEasyChatGroupWords_Status
0x083DC5B4	rom	0x1D3	gEasyChatGroupWords_Battle
0x083DC787	rom	0x14B	gEasyChatGroupWords_Greetings
0x083DC8D2	rom	0x1C6	gEasyChatGroupWords_People
0x083DCA98	rom	0x162	gEasyChatGroupWords_Voices
0x083DCBFA	rom	0x1A1	gEasyChatGroupWords_Speech
0x083DCD9B	rom	0x178	gEasyChatGroupWords_Endings
0x083DCF13	rom	0x1E2	gEasyChatGroupWords_Feelings
0x083DD0F5	rom	0x1F1	gEasyChatGroupWords_Conditions
0x083DD2E6	rom	0x1FA	gEasyChatGroupWords_Actions
0x083DD4E0	rom	0x149	gEasyChatGroupWords_Lifestyle
0x083DD629	rom	0x17C	gEasyChatGroupWords_Hobbies
0x083DD7A5	rom	0x133	gEasyChatGroupWords_Time
0x083DD8D8	rom	0x10C	gEasyChatGroupWords_Misc
0x083DD9E4	rom	0x121	gEasyChatGroupWords_Adjectives
0x083DDB05	rom	0xAF	gEasyChatGroupWords_Events
0x083DDBB4	rom	0x132	gEasyChatGroupWords_Move1
0x083DDCE6	rom	0x184	gEasyChatGroupWords_Move2
0x083DDE6A	rom	0xF6	gEasyChatGroupWords_TrendySaying
0x083DDF60	rom	0x1F6	gEasyChatGroupWords_Pokemon2
0x083DE158	rom	0x58	gEasyChatGroupWords
0x083DE1B0	rom	0x0	gEasyChatWordsAlphabetized
0x083DE1C4	rom	0xCE	gEasyChatWordsByLetter_A
0x083DE292	rom	0xA6	gEasyChatWordsByLetter_B
0x083DE338	rom	0xE6	gEasyChatWordsByLetter_C
0x083DE41E	rom	0xB2	gEasyChatWordsByLetter_D
0x083DE4D0	rom	0x72	gEasyChatWordsByLetter_E
0x083DE542	rom	0x9A	gEasyChatWordsByLetter_F
0x083DE5DC	rom	0xAC	gEasyChatWordsByLetter_G
0x083DE688	rom	0xC4	gEasyChatWordsByLetter_H
0x083DE74C	rom	0x5C	gEasyChatWordsByLetter_I
0x083DE7A8	rom	0x18	gEasyChatWordsByLetter_J
0x083DE7C0	rom	0x3C	gEasyChatWordsByLetter_K
0x083DE7FC	rom	0xA0	gEasyChatWordsByLetter_L
0x083DE89C	rom	0x10A	gEasyChatWordsByLetter_M
0x083DE9A6	rom	0x68	gEasyChatWordsByLetter_N
0x083DEA0E	rom	0x56	gEasyChatWordsByLetter_O
0x083DEA64	rom	0xBE	gEasyChatWordsByLetter_P
0x083DEB22	rom	0xC	gEasyChatWordsByLetter_Q
0x083DEB2E	rom	0x96	gEasyChatWordsByLetter_R
0x083DEBC4	rom	0x1FA	gEasyChatWordsByLetter_S
0x083DEDBE	rom	0x104	gEasyChatWordsByLetter_T
0x083DEEC2	rom	0x2E	gEasyChatWordsByLetter_U
0x083DEEF0	rom	0x3A	gEasyChatWordsByLetter_V
0x083DEF2A	rom	0xD6	gEasyChatWordsByLetter_W
0x083DF000	rom	0x6	gEasyChatWordsByLetter_X
0x083DF006	rom	0x26	gEasyChatWordsByLetter_Y
0x083DF02C	rom	0xE	gEasyChatWordsByLetter_Z
0x083DF03A	rom	0x0	gEasyChatWordsByLetter_End
0x083DF072	rom	0x16	gEasyChatGroupSizes
0x083DF088	rom	0x194	gEasyChatGroupOrder_Pokemon
0x083DF21C	rom	0x26	gEasyChatGroupOrder_Trainer
0x083DF242	rom	0xDA	gEasyChatGroupOrder_Status
0x083DF31C	rom	0x7E	gEasyChatGroupOrder_Battle
0x083DF39A	rom	0x54	gEasyChatGroupOrder_Greetings
0x083DF3EE	rom	0x96	gEasyChatGroupOrder_People
0x083DF484	rom	0x7E	gEasyChatGroupOrder_Voices
0x083DF502	rom	0x78	gEasyChatGroupOrder_Speech
0x083DF57A	rom	0x8A	gEasyChatGroupOrder_Endings
0x083DF604	rom	0x8A	gEasyChatGroupOrder_Feelings
0x083DF68E	rom	0x8A	gEasyChatGroupOrder_Conditions
0x083DF718	rom	0x9C	gEasyChatGroupOrder_Actions
0x083DF7B4	rom	0x5A	gEasyChatGroupOrder_Lifestyle
0x083DF80E	rom	0x6C	gEasyChatGroupOrder_Hobbies
0x083DF87A	rom	0x5A	gEasyChatGroupOrder_Time
0x083DF8D4	rom	0x54	gEasyChatGroupOrder_Misc
0x083DF928	rom	0x48	gEasyChatGroupOrder_Adjectives
0x083DF970	rom	0x2C	gEasyChatGroupOrder_Events
0x083DF99C	rom	0x132	gEasyChatGroupOrder_Move1
0x083DFACE	rom	0x184	gEasyChatGroupOrder_Move2
0x083DFC52	rom	0x42	gEasyChatGroupOrder_TrendySaying
0x083DFC94	rom	0x1F6	gEasyChatGroupOrder_Pokemon2
0x083DFE8C	rom	0x58	gEasyChatGroupOrders
0x083DFEE4	rom	0x58	gEasyChatGroupNames
0x083DFF3C	rom	0x4	gPokenavStructPtr
0x083DFF40	rom	0x4	gUnknown_083DFEC8
0x083DFF44	rom	0x20	gUnknown_083DFECC
0x083DFF64	rom	0xA0	gUnknown_083DFEEC
0x083E0004	rom	0xB0	gUnknown_083DFF8C
0x083E00B4	rom	0x20	gUnknown_083E003C
0x083E00D4	rom	0x20	gUnknown_083E005C
0x083E00F4	rom	0xA8	gUnknown_083E007C
0x083E019C	rom	0x20	gUnknown_083E0124
0x083E01BC	rom	0x20	gUnknown_083E0144
0x083E01DC	rom	0x48	gUnknown_083E0164
0x083E0224	rom	0x48	gUnknown_083E01AC
0x083E026C	rom	0x60	gUnknown_083E01F4
0x083E02CC	rom	0x20	gUnknown_083E0254
0x083E02EC	rom	0x20	gUnknown_083E0274
0x083E030C	rom	0x20	gPokenavConditionSearch2_Pal
0x083E032C	rom	0x20	gUnknown_083E02B4
0x083E034C	rom	0x40	gUnknown_083E02D4
0x083E038C	rom	0x20	gUnknown_083E0314
0x083E03AC	rom	0x20	gUnknown_083E0334
0x083E03CC	rom	0x48	gUnknown_083E0354
0x083E0414	rom	0x4	gUnknown_083E039C
0x083E0418	rom	0x8	gUnknown_083E03A0
0x083E0420	rom	0x20	gUnknown_083E03A8
0x083E0440	rom	0x44	gUnknown_083E03C8
0x083E0484	rom	0x1C8	gUnknown_083E040C
0x083E064C	rom	0x20	gPokenavOutlinePalette
0x083E066C	rom	0x210	gPokenavOutlineTiles
0x083E087C	rom	0x168	gPokenavOutlineTilemap
0x083E09E4	rom	0x44	gPokenavCityMap_Lavaridge_0
0x083E0A28	rom	0x48	gPokenavCityMap_Fallarbor_0
0x083E0A70	rom	0x50	gPokenavCityMap_Fortree_0
0x083E0AC0	rom	0x60	gPokenavCityMap_Slateport_0
0x083E0B20	rom	0x4C	gPokenavCityMap_Slateport_1
0x083E0B6C	rom	0x54	gPokenavCityMap_Rustboro_0
0x083E0BC0	rom	0x54	gPokenavCityMap_Rustboro_1
0x083E0C14	rom	0x40	gPokenavCityMap_Pacifidlog_0
0x083E0C54	rom	0x58	gPokenavCityMap_Mauville_1
0x083E0CAC	rom	0x54	gPokenavCityMap_Mauville_0
0x083E0D00	rom	0x30	gPokenavCityMap_Oldale_0
0x083E0D30	rom	0x4C	gPokenavCityMap_Lilycove_1
0x083E0D7C	rom	0x58	gPokenavCityMap_Lilycove_0
0x083E0DD4	rom	0x30	gPokenavCityMap_Littleroot_0
0x083E0E04	rom	0x38	gPokenavCityMap_Dewford_0
0x083E0E3C	rom	0x40	gPokenavCityMap_Sootopolis_0
0x083E0E7C	rom	0x48	gPokenavCityMap_EverGrande_0
0x083E0EC4	rom	0x44	gPokenavCityMap_EverGrande_1
0x083E0F08	rom	0x38	gPokenavCityMap_Verdanturf_0
0x083E0F40	rom	0x48	gPokenavCityMap_Mossdeep_1
0x083E0F88	rom	0x5C	gPokenavCityMap_Mossdeep_0
0x083E0FE4	rom	0x5C	gPokenavCityMap_Petalburg_0
0x083E1040	rom	0x17	gRibbonDescriptionPart1_Champion
0x083E1057	rom	0x16	gRibbonDescriptionPart2_Champion
0x083E106D	rom	0xD	gRibbonDescriptionPart1_CoolContest
0x083E107A	rom	0xF	gRibbonDescriptionPart1_BeautyContest
0x083E1089	rom	0xD	gRibbonDescriptionPart1_CuteContest
0x083E1096	rom	0xE	gRibbonDescriptionPart1_SmartContest
0x083E10A4	rom	0xE	gRibbonDescriptionPart1_ToughContest
0x083E10B2	rom	0x14	gRibbonDescriptionPart2_NormalRank
0x083E10C6	rom	0x13	gRibbonDescriptionPart2_SuperRank
0x083E10D9	rom	0x13	gRibbonDescriptionPart2_HyperRank
0x083E10EC	rom	0x14	gRibbonDescriptionPart2_MasterRank
0x083E1100	rom	0x19	gRibbonDescriptionPart1_Winning
0x083E1119	rom	0x15	gRibbonDescriptionPart2_Winning
0x083E112E	rom	0x17	gRibbonDescriptionPart1_Victory
0x083E1145	rom	0x15	gRibbonDescriptionPart2_Victory
0x083E115A	rom	0x18	gRibbonDescriptionPart1_Artist
0x083E1172	rom	0x19	gRibbonDescriptionPart2_Artist
0x083E118B	rom	0x13	gRibbonDescriptionPart1_Effort
0x083E119E	rom	0x15	gRibbonDescriptionPart2_Effort
0x083E11B4	rom	0xC8	gRibbonDescriptions
0x083E127C	rom	0x16	gGiftRibbonDescriptionPart1_2003RegionalTourney
0x083E1292	rom	0x10	gGiftRibbonDescriptionPart2_Champion
0x083E12A2	rom	0x16	gGiftRibbonDescriptionPart1_2003NationalTourney
0x083E12B8	rom	0x10	gGiftRibbonDescriptionPart1_2003GlobalCup
0x083E12C8	rom	0x11	gGiftRibbonDescriptionPart2_RunnerUp
0x083E12D9	rom	0x14	gGiftRibbonDescriptionPart2_Semifinalist
0x083E12ED	rom	0x16	gGiftRibbonDescriptionPart1_2004RegionalTourney
0x083E1303	rom	0x16	gGiftRibbonDescriptionPart1_2004NationalTourney
0x083E1319	rom	0x10	gGiftRibbonDescriptionPart1_2004GlobalCup
0x083E1329	rom	0x16	gGiftRibbonDescriptionPart1_2005RegionalTourney
0x083E133F	rom	0x16	gGiftRibbonDescriptionPart1_2005NationalTourney
0x083E1355	rom	0x10	gGiftRibbonDescriptionPart1_2005GlobalCup
0x083E1365	rom	0x13	gGiftRibbonDescriptionPart1_PokemonBattleCup
0x083E1378	rom	0x15	gGiftRibbonDescriptionPart2_Participation
0x083E138D	rom	0xF	gGiftRibbonDescriptionPart1_PokemonLeague
0x083E139C	rom	0xC	gGiftRibbonDescriptionPart1_AdvanceCup
0x083E13A8	rom	0x13	gGiftRibbonDescriptionPart1_PokemonTournament
0x083E13BB	rom	0x15	gGiftRibbonDescriptionPart2_Participation2
0x083E13D0	rom	0xE	gGiftRibbonDescriptionPart1_PokemonEvent
0x083E13DE	rom	0x11	gGiftRibbonDescriptionPart1_PokemonFestival
0x083E13EF	rom	0x14	gGiftRibbonDescriptionPart1_DifficultyClearing
0x083E1403	rom	0x15	gGiftRibbonDescriptionPart2_Commemorative
0x083E1418	rom	0x13	gGiftRibbonDescriptionPart1_ClearingAllDifficulties
0x083E142B	rom	0x1B	gGiftRibbonDescriptionPart2_ClearingAllDifficulties
0x083E1446	rom	0x11	gGiftRibbonDescriptionPart1_100StraightWin
0x083E1457	rom	0x15	gGiftRibbonDescriptionPart1_DarknessTower
0x083E146C	rom	0x10	gGiftRibbonDescriptionPart1_RedTower
0x083E147C	rom	0x16	gGiftRibbonDescriptionPart1_BlackironTower
0x083E1492	rom	0x12	gGiftRibbonDescriptionPart1_FinalTower
0x083E14A4	rom	0xE	gGiftRibbonDescriptionPart1_LegendMaking
0x083E14B2	rom	0x15	gGiftRibbonDescriptionPart1_PokemonCenterTokyo
0x083E14C7	rom	0x15	gGiftRibbonDescriptionPart1_PokemonCenterOsaka
0x083E14DC	rom	0x16	gGiftRibbonDescriptionPart1_PokemonCenterNagoya
0x083E14F2	rom	0x12	gGiftRibbonDescriptionPart1_PokemonCenterNY
0x083E1504	rom	0x17	gGiftRibbonDescriptionPart1_SummerHolidays
0x083E151B	rom	0x1	gGiftRibbonDescriptionPart2_EmptyString
0x083E151C	rom	0x17	gGiftRibbonDescriptionPart1_WinterHolidays
0x083E1533	rom	0x17	gGiftRibbonDescriptionPart1_SpringHolidays
0x083E154A	rom	0x11	gGiftRibbonDescriptionPart1_Evergreen
0x083E155B	rom	0x17	gGiftRibbonDescriptionPart1_SpecialHoliday
0x083E1572	rom	0x13	gGiftRibbonDescriptionPart1_HardWorker
0x083E1585	rom	0x17	gGiftRibbonDescriptionPart1_LotsOfFriends
0x083E159C	rom	0x16	gGiftRibbonDescriptionPart1_FullOfEnergy
0x083E15B2	rom	0x17	gGiftRibbonDescriptionPart1_LovedPokemon
0x083E15C9	rom	0x15	gGiftRibbonDescriptionPart2_LovedPokemon
0x083E15DE	rom	0x12	gGiftRibbonDescriptionPart1_LoveForPokemon
0x083E15F0	rom	0x12	gGiftRibbonDescriptionPart2_LoveForPokemon
0x083E1604	rom	0x200	gGiftRibbonDescriptions
0x083E1804	rom	0x61	TrainerEyeDescription_AromaLady_Rose
0x083E1865	rom	0x59	TrainerEyeDescription_RuinManiac_Dusty
0x083E18BE	rom	0x5D	TrainerEyeDescription_Tuber_Lola
0x083E191B	rom	0x6F	TrainerEyeDescription_Tuber_Ricky
0x083E198A	rom	0x60	TrainerEyeDescription_SisAndBro_RitaAndSam
0x083E19EA	rom	0x5B	TrainerEyeDescription_Cooltrainer_Brooke
0x083E1A45	rom	0x54	TrainerEyeDescription_Cooltrainer_Wilton
0x083E1A99	rom	0x55	TrainerEyeDescription_HexManiac_Valerie
0x083E1AEE	rom	0x50	TrainerEyeDescription_Lady_Cindy
0x083E1B3E	rom	0x57	TrainerEyeDescription_Beauty_Jessica
0x083E1B95	rom	0x5F	TrainerEyeDescription_RichBoy_Winston
0x083E1BF4	rom	0x61	TrainerEyeDescription_PokeManiac_Steve
0x083E1C55	rom	0x5A	TrainerEyeDescription_Swimmer_Tony
0x083E1CAF	rom	0x50	TrainerEyeDescription_BlackBelt_Nob
0x083E1CFF	rom	0x5A	TrainerEyeDescription_Guitarist_Dalton
0x083E1D59	rom	0x5F	TrainerEyeDescription_Kindler_Bernie
0x083E1DB8	rom	0x5A	TrainerEyeDescription_Camper_Ethan
0x083E1E12	rom	0x66	TrainerEyeDescription_OldCouple_JohnAndJay
0x083E1E78	rom	0x5C	TrainerEyeDescription_BugManiac_Brandon
0x083E1ED4	rom	0x5A	TrainerEyeDescription_Psychic_Cameron
0x083E1F2E	rom	0x5D	TrainerEyeDescription_Psychic_Jacki
0x083E1F8B	rom	0x5C	TrainerEyeDescription_Gentleman_Walter
0x083E1FE7	rom	0x67	TrainerEyeDescription_SchoolKid_Karen
0x083E204E	rom	0x58	TrainerEyeDescription_SchoolKid_Jerry
0x083E20A6	rom	0x61	TrainerEyeDescription_SrAndJr_AnnaAndMeg
0x083E2107	rom	0x5F	TrainerEyeDescription_Pokefan_Isabel
0x083E2166	rom	0x61	TrainerEyeDescription_Pokefan_Miguel
0x083E21C7	rom	0x5F	TrainerEyeDescription_Expert_Timothy
0x083E2226	rom	0x55	TrainerEyeDescription_Expert_Shelby
0x083E227B	rom	0x5D	TrainerEyeDescription_Youngster_Calvin
0x083E22D8	rom	0x5F	TrainerEyeDescription_Fisherman_Elliot
0x083E2337	rom	0x5E	TrainerEyeDescription_Triathlete_Abigail
0x083E2395	rom	0x5E	TrainerEyeDescription_Triathlete_Benjamin
0x083E23F3	rom	0x5F	TrainerEyeDescription_Triathlete_Isaiah
0x083E2452	rom	0x4B	TrainerEyeDescription_Triathlete_Katelyn
0x083E249D	rom	0x5A	TrainerEyeDescription_Triathlete_Maria
0x083E24F7	rom	0x64	TrainerEyeDescription_Triathlete_Dylan
0x083E255B	rom	0x64	TrainerEyeDescription_DragonTamer_Nicolas
0x083E25BF	rom	0x64	TrainerEyeDescription_BirdKeeper_Robert
0x083E2623	rom	0x60	TrainerEyeDescription_NinjaBoy_Lao
0x083E2683	rom	0x59	TrainerEyeDescription_BattleGirl_Cyndy
0x083E26DC	rom	0x57	TrainerEyeDescription_ParasolLady_Madeline
0x083E2733	rom	0x4C	TrainerEyeDescription_Swimmer_Jenny
0x083E277F	rom	0x52	TrainerEyeDescription_Picnicker_Diana
0x083E27D1	rom	0x59	TrainerEyeDescription_Twins_AmyAndLiv
0x083E282A	rom	0x5E	TrainerEyeDescription_Sailor_Ernest
0x083E2888	rom	0x60	TrainerEyeDescription_Collector_Edwin
0x083E28E8	rom	0x59	TrainerEyeDescription_PkmnBreeder_Lydia
0x083E2941	rom	0x5C	TrainerEyeDescription_PkmnBreeder_Isaac
0x083E299D	rom	0x5E	TrainerEyeDescription_PkmnRanger_Catherine
0x083E29FB	rom	0x54	TrainerEyeDescription_PkmnRanger_Jackson
0x083E2A4F	rom	0x64	TrainerEyeDescription_Lass_Haley
0x083E2AB3	rom	0x62	TrainerEyeDescription_BugCatcher_James
0x083E2B15	rom	0x56	TrainerEyeDescription_Hiker_Trent
0x083E2B6B	rom	0x53	TrainerEyeDescription_YoungCouple_LoisAndHal
0x083E2BBE	rom	0x5E	TrainerEyeDescription_PkmnTrainer_Wally
0x083E2C1C	rom	0x67	TrainerEyeDescription_Leader_Roxanne
0x083E2C83	rom	0x59	TrainerEyeDescription_Leader_Brawly
0x083E2CDC	rom	0x61	TrainerEyeDescription_Leader_Wattson
0x083E2D3D	rom	0x5B	TrainerEyeDescription_Leader_Flannery
0x083E2D98	rom	0x67	TrainerEyeDescription_Leader_Norman
0x083E2DFF	rom	0x59	TrainerEyeDescription_Leader_Winona
0x083E2E58	rom	0x67	TrainerEyeDescription_Leader_TateAndLiza
0x083E2EBF	rom	0x64	TrainerEyeDescription_Leader_Wallace
0x083E2F23	rom	0x5A	TrainerEyeDescription_EliteFour_Sidney
0x083E2F7D	rom	0x5D	TrainerEyeDescription_EliteFour_Phoebe
0x083E2FDA	rom	0x68	TrainerEyeDescription_EliteFour_Glacia
0x083E3042	rom	0x67	TrainerEyeDescription_EliteFour_Drake
0x083E30A9	rom	0x6A	TrainerEyeDescription_Champion_Steven
0x083E3114	rom	0x114	gTrainerEyeDescriptions
0x083E3228	rom	0x1C	gUnknown_083E31B0
0x083E3244	rom	0xC	gUnknown_083E31CC
0x083E3250	rom	0x18	gUnknown_083E31D8
0x083E3268	rom	0x80	gPokenavCityMaps
0x083E32E8	rom	0xC	gUnknown_083E3270
0x083E32F4	rom	0x20	gPokenavIconPalette
0x083E3314	rom	0x3E4	gUnknown_083E329C
0x083E36F8	rom	0x100	gPokenavPokeballTiles
0x083E37F8	rom	0x20	gUnknown_083E3780
0x083E3818	rom	0x20	gPokenavSparkle_Pal
0x083E3838	rom	0x380	gPokenavSparkle_Gfx
0x083E3BB8	rom	0x80	gPokenavUpDownArrows_Gfx
0x083E3C38	rom	0x20	gUnknown_083E3BC0
0x083E3C58	rom	0x80	gTiles_083E3BE0
0x083E3CD8	rom	0xA0	gUnknown_083E3C60
0x083E3D78	rom	0x4B8	gUnknown_083E3D00
0x083E4230	rom	0x20	PokenavBlueLightPalette
0x083E4250	rom	0x100	PokenavBlueLightTiles
0x083E4350	rom	0x20	Palette_3E42D8
0x083E4370	rom	0x20	gUnknown_083E42F8
0x083E4390	rom	0x8	gOamData_83E4318
0x083E4398	rom	0x8	sSpriteAnim_83E4320
0x083E43A0	rom	0x8	sSpriteAnim_83E4328
0x083E43A8	rom	0x8	sSpriteAnim_83E4330
0x083E43B0	rom	0x8	sSpriteAnim_83E4338
0x083E43B8	rom	0x8	sSpriteAnim_83E4340
0x083E43C0	rom	0x8	sSpriteAnim_83E4348
0x083E43C8	rom	0x8	sSpriteAnim_83E4350
0x083E43D0	rom	0x8	sSpriteAnim_83E4358
0x083E43D8	rom	0x8	sSpriteAnim_83E4360
0x083E43E0	rom	0x8	sSpriteAnim_83E4368
0x083E43E8	rom	0x8	sSpriteAnim_83E4370
0x083E43F0	rom	0x8	sSpriteAnim_83E4378
0x083E43F8	rom	0x8	sSpriteAnim_83E4380
0x083E4400	rom	0x8	sSpriteAnim_83E4388
0x083E4408	rom	0x8	sSpriteAnim_83E4390
0x083E4410	rom	0x8	sSpriteAnim_83E4398
0x083E4418	rom	0x8	sSpriteAnim_83E43A0
0x083E4420	rom	0x8	sSpriteAnim_83E43A8
0x083E4428	rom	0x8	sSpriteAnim_83E43B0
0x083E4430	rom	0x8	sSpriteAnim_83E43B8
0x083E4438	rom	0x8	sSpriteAnim_83E43C0
0x083E4440	rom	0x8	sSpriteAnim_83E43C8
0x083E4448	rom	0x8	sSpriteAnim_83E43D0
0x083E4450	rom	0x8	sSpriteAnim_83E43D8
0x083E4458	rom	0x60	gSpriteAnimTable_83E43E0
0x083E44B8	rom	0x10	gSpriteAffineAnim_83E4440
0x083E44C8	rom	0x4	gSpriteAffineAnimTable_83E4450
0x083E44CC	rom	0x18	gSpriteTemplate_83E4454
0x083E44E4	rom	0x8	gSpriteSheet_PokenavBlueLight
0x083E44EC	rom	0x8	gSpritePalette_PokenavBlueLight
0x083E44F4	rom	0x8	gOamData_83E447C
0x083E44FC	rom	0x18	gSpriteTemplate_83E4484
0x083E4514	rom	0x18	gUnknown_083E449C
0x083E452C	rom	0x8	gOamData_83E44B4
0x083E4534	rom	0x8	gSpriteAnim_83E44BC
0x083E453C	rom	0x8	gSpriteAnim_83E44C4
0x083E4544	rom	0x8	gSpriteAnim_83E44CC
0x083E454C	rom	0xC	gSpriteAnimTable_83E44D4
0x083E4558	rom	0x18	gSpriteTemplate_83E44E0
0x083E4570	rom	0x18	gSpriteTemplate_83E44F8
0x083E4588	rom	0x8	gOamData_83E4510
0x083E4590	rom	0x8	gSpriteAnim_83E4518
0x083E4598	rom	0x8	gSpriteAnim_83E4520
0x083E45A0	rom	0x8	gSpriteAnimTable_83E4528
0x083E45A8	rom	0x18	gSpriteTemplate_83E4530
0x083E45C0	rom	0x18	gSpriteTemplate_83E4548
0x083E45D8	rom	0x8	gOamData_83E4560
0x083E45E0	rom	0x8	gUnknown_083E4568
0x083E45E8	rom	0x18	gSpriteTemplate_83E4570
0x083E4600	rom	0x8	gUnknown_083E4588
0x083E4608	rom	0x18	gUnknown_083E4590
0x083E4620	rom	0x8	gUnknown_083E45A8
0x083E4628	rom	0x8	gOamData_83E45B0
0x083E4630	rom	0x18	gSpriteTemplate_83E45B8
0x083E4648	rom	0x8	gSpriteAnim_83E45D0
0x083E4650	rom	0x8	gSpriteAnim_83E45D8
0x083E4658	rom	0x8	gSpriteAnimTable_83E45E0
0x083E4660	rom	0x8	gOamData_83E45E8
0x083E4668	rom	0x18	gSpriteTemplate_83E45F0
0x083E4680	rom	0x8	gOamData_83E4608
0x083E4688	rom	0x8	gSpriteAnim_83E4610
0x083E4690	rom	0x8	gSpriteAnim_83E4618
0x083E4698	rom	0x8	gSpriteAnimTable_83E4620
0x083E46A0	rom	0x20	gUnknown_083E4628
0x083E46C0	rom	0x18	gUnknown_083E4648
0x083E46D8	rom	0x18	gSpriteTemplate_83E4660
0x083E46F0	rom	0x20	gUnknown_083E4678
0x083E4710	rom	0x80	gPokenavRibbonsIconGfx
0x083E4790	rom	0x8	gOamData_83E4718
0x083E4798	rom	0x10	gSpriteAffineAnim_83E4720
0x083E47A8	rom	0x18	gSpriteAffineAnim_83E4730
0x083E47C0	rom	0x18	gSpriteAffineAnim_83E4748
0x083E47D8	rom	0xC	gSpriteAffineAnimTable_83E4760
0x083E47E4	rom	0x18	gSpriteTemplate_83E476C
0x083E47FC	rom	0x8	gUnknown_083E4784
0x083E4804	rom	0x8	gUnknown_083E478C
0x083E480C	rom	0x28	gUnknown_083E4794
0x083E4834	rom	0x8	gOamData_83E47BC
0x083E483C	rom	0x20	gSpriteAnim_83E47C4
0x083E485C	rom	0x1C	gSpriteAnimTable_83E47E4
0x083E4878	rom	0x18	gSpriteTemplate_83E4800
0x083E4890	rom	0x8	gUnknown_083E4818
0x083E4898	rom	0x24	gSpriteAnim_83E4820
0x083E48BC	rom	0x4	gSpriteAnimTable_83E4844
0x083E48C0	rom	0x8	gOamData_83E4848
0x083E48C8	rom	0x18	gSpriteTemplate_83E4850
0x083E48E0	rom	0x8	gUnknown_083E4868
0x083E48E8	rom	0x8	gOamData_83E4870
0x083E48F0	rom	0x18	gSpriteTemplate_83E4878
0x083E4908	rom	0x100	gUnknown_083E4890
0x083E4A08	rom	0xC	gUnknown_083E4990
0x083E4A14	rom	0x22	gUnknown_083E499C
0x083E4A38	rom	0x34	sGymLeaderTrainersEye
0x083E4A6C	rom	0x20	gUnknown_083E49F4
0x083E4A8C	rom	0x800	gUnknown_083E4A14
0x083E528C	rom	0x8	gOamData_83E5214
0x083E5294	rom	0x8	gOamData_83E521C
0x083E529C	rom	0x8	gSpriteAnim_83E5224
0x083E52A4	rom	0x8	gSpriteAnim_83E522C
0x083E52AC	rom	0x8	gSpriteAnim_83E5234
0x083E52B4	rom	0x8	gSpriteAnim_83E523C
0x083E52BC	rom	0x8	gSpriteAnim_83E5244
0x083E52C4	rom	0x8	gSpriteAnim_83E524C
0x083E52CC	rom	0x8	gSpriteAnim_83E5254
0x083E52D4	rom	0x8	gSpriteAnim_83E525C
0x083E52DC	rom	0x8	gSpriteAnim_83E5264
0x083E52E4	rom	0x8	gSpriteAnim_83E526C
0x083E52EC	rom	0x28	gSpriteAnimTable_83E5274
0x083E5314	rom	0x8	gSpriteAnim_83E529C
0x083E531C	rom	0x8	gSpriteAnim_83E52A4
0x083E5324	rom	0x8	gSpriteAnimTable_83E52AC
0x083E532C	rom	0x8	gOamData_83E52B4
0x083E5334	rom	0x8	gSpriteAnim_83E52BC
0x083E533C	rom	0x8	gSpriteAnim_83E52C4
0x083E5344	rom	0x8	gSpriteAnim_83E52CC
0x083E534C	rom	0x8	gSpriteAnim_83E52D4
0x083E5354	rom	0x8	gSpriteAnim_83E52DC
0x083E535C	rom	0x8	gSpriteAnim_83E52E4
0x083E5364	rom	0x8	gSpriteAnim_83E52EC
0x083E536C	rom	0x8	gSpriteAnim_83E52F4
0x083E5374	rom	0x8	gSpriteAnim_83E52FC
0x083E537C	rom	0x8	gSpriteAnim_83E5304
0x083E5384	rom	0x8	gSpriteAnim_83E530C
0x083E538C	rom	0x8	gSpriteAnim_83E5314
0x083E5394	rom	0x8	gSpriteAnim_83E531C
0x083E539C	rom	0x8	gSpriteAnim_83E5324
0x083E53A4	rom	0x8	gSpriteAnim_83E532C
0x083E53AC	rom	0x8	gSpriteAnim_83E5334
0x083E53B4	rom	0x40	gSpriteAnimTable_83E533C
0x083E53F4	rom	0xC	sDefaultBardSongLyrics
0x083E5400	rom	0x20	sGiddyAdjectives
0x083E5420	rom	0x20	sGiddyQuestions
0x083E5458	rom	0x240	sStorytellerStories
0x083E5698	rom	0xC	sStorytellerStuff
0x083E56A4	rom	0x8	gUnknown_083E562C
0x083E56AC	rom	0xF0	gMailGraphicsTable
0x083E579C	rom	0xC	Unknown_3E5724
0x083E57A8	rom	0x60	gUnknown_083E5730
0x083E5808	rom	0x14	Unknown_3E5790
0x083E581C	rom	0x60	gUnknown_083E57A4
0x083E587C	rom	0x4	sSharedMemPtr
0x083E5880	rom	0x40	gSpriteImage_83E5808
0x083E58C0	rom	0x40	gSpriteImage_83E5848
0x083E5900	rom	0x40	gSpriteImage_83E5888
0x083E5940	rom	0x40	gSpriteImage_83E58C8
0x083E5980	rom	0x20	gSpriteImage_83E5908
0x083E59A0	rom	0x20	gSpriteImage_83E5928
0x083E59C0	rom	0x20	Palette_3E5948
0x083E59E0	rom	0x8	gUnknown_083E5968
0x083E59E8	rom	0x8	gOamData_83E5970
0x083E59F0	rom	0x8	gOamData_83E5978
0x083E59F8	rom	0x8	gOamData_83E5980
0x083E5A00	rom	0x8	gSpriteAnim_83E5988
0x083E5A08	rom	0x8	gSpriteAnim_83E5990
0x083E5A10	rom	0x8	gSpriteAnimTable_83E5998
0x083E5A18	rom	0x10	gSpriteImageTable_83E59A0
0x083E5A28	rom	0x10	gSpriteImageTable_83E59B0
0x083E5A38	rom	0x10	gSpriteImageTable_83E59C0
0x083E5A48	rom	0x18	gSpriteTemplate_83E59D0
0x083E5A60	rom	0x18	gSpriteTemplate_83E59E8
0x083E5A78	rom	0x18	gSpriteTemplate_83E5A00
0x083E5A98	rom	0xB0	sHealLocations
0x083E5B48	rom	0x0	sWhiteoutRespawnHealCenterMapIdxs
0x083E5B68	rom	0x44	sRegionMapCursorSmall_ImageLZ
0x083E5BAC	rom	0xEC	sRegionMapCursorLarge_ImageLZ
0x083E5C98	rom	0x20	sRegionMapBrendanIcon_Pal
0x083E5CB8	rom	0x80	sRegionMapBrendanIcon_Image
0x083E5D38	rom	0x20	sRegionMapMayIcon_Pal
0x083E5D58	rom	0x80	sRegionMapMayIcon_Image
0x083E5DD8	rom	0x40	sRegionMapBkgnd_Pal
0x083E5E18	rom	0xD64	sRegionMapBkgnd_ImageLZ
0x083E6B7C	rom	0x34C	sRegionMapBkgnd_TilemapLZ
0x083E6EC8	rom	0x1A4	sRegionMapLayout
0x083E706C	rom	0x12	sMapName_LITTLEROOT_NAME_END__TOWN
0x083E707E	rom	0xE	sMapName_OLDALE_NAME_END__TOWN
0x083E708C	rom	0xF	sMapName_DEWFORD_NAME_END__TOWN
0x083E709B	rom	0x11	sMapName_LAVARIDGE_NAME_END__TOWN
0x083E70AC	rom	0x11	sMapName_FALLARBOR_NAME_END__TOWN
0x083E70BD	rom	0x12	sMapName_VERDANTURF_NAME_END__TOWN
0x083E70CF	rom	0x12	sMapName_PACIFIDLOG_NAME_END__TOWN
0x083E70E1	rom	0x11	sMapName_PETALBURG_NAME_END__CITY
0x083E70F2	rom	0x11	sMapName_SLATEPORT_NAME_END__CITY
0x083E7103	rom	0x10	sMapName_MAUVILLE_NAME_END__CITY
0x083E7113	rom	0x10	sMapName_RUSTBORO_NAME_END__CITY
0x083E7123	rom	0xF	sMapName_FORTREE_NAME_END__CITY
0x083E7132	rom	0x10	sMapName_LILYCOVE_NAME_END__CITY
0x083E7142	rom	0x10	sMapName_MOSSDEEP_NAME_END__CITY
0x083E7152	rom	0x12	sMapName_SOOTOPOLIS_NAME_END__CITY
0x083E7164	rom	0x13	sMapName_EVER_GRANDE_NAME_END__CITY
0x083E7177	rom	0xA	sMapName_ROUTE_101
0x083E7181	rom	0xA	sMapName_ROUTE_102
0x083E718B	rom	0xA	sMapName_ROUTE_103
0x083E7195	rom	0xA	sMapName_ROUTE_104
0x083E719F	rom	0xA	sMapName_ROUTE_105
0x083E71A9	rom	0xA	sMapName_ROUTE_106
0x083E71B3	rom	0xA	sMapName_ROUTE_107
0x083E71BD	rom	0xA	sMapName_ROUTE_108
0x083E71C7	rom	0xA	sMapName_ROUTE_109
0x083E71D1	rom	0xA	sMapName_ROUTE_110
0x083E71DB	rom	0xA	sMapName_ROUTE_111
0x083E71E5	rom	0xA	sMapName_ROUTE_112
0x083E71EF	rom	0xA	sMapName_ROUTE_113
0x083E71F9	rom	0xA	sMapName_ROUTE_114
0x083E7203	rom	0xA	sMapName_ROUTE_115
0x083E720D	rom	0xA	sMapName_ROUTE_116
0x083E7217	rom	0xA	sMapName_ROUTE_117
0x083E7221	rom	0xA	sMapName_ROUTE_118
0x083E722B	rom	0xA	sMapName_ROUTE_119
0x083E7235	rom	0xA	sMapName_ROUTE_120
0x083E723F	rom	0xA	sMapName_ROUTE_121
0x083E7249	rom	0xA	sMapName_ROUTE_122
0x083E7253	rom	0xA	sMapName_ROUTE_123
0x083E725D	rom	0xA	sMapName_ROUTE_124
0x083E7267	rom	0xA	sMapName_ROUTE_125
0x083E7271	rom	0xA	sMapName_ROUTE_126
0x083E727B	rom	0xA	sMapName_ROUTE_127
0x083E7285	rom	0xA	sMapName_ROUTE_128
0x083E728F	rom	0xA	sMapName_ROUTE_129
0x083E7299	rom	0xA	sMapName_ROUTE_130
0x083E72A3	rom	0xA	sMapName_ROUTE_131
0x083E72AD	rom	0xA	sMapName_ROUTE_132
0x083E72B7	rom	0xA	sMapName_ROUTE_133
0x083E72C1	rom	0xA	sMapName_ROUTE_134
0x083E72CB	rom	0xB	sMapName_UNDERWATER
0x083E72D6	rom	0xD	sMapName_GRANITE_CAVE
0x083E72E3	rom	0xC	sMapName_MT__CHIMNEY
0x083E72EF	rom	0xC	sMapName_SAFARI_ZONE
0x083E72FB	rom	0xD	sMapName_BATTLE_TOWER
0x083E7308	rom	0x10	sMapName_PETALBURG_WOODS
0x083E7318	rom	0xF	sMapName_RUSTURF_TUNNEL
0x083E7327	rom	0xF	sMapName_ABANDONED_SHIP
0x083E7336	rom	0xD	sMapName_NEW_MAUVILLE
0x083E7343	rom	0xD	sMapName_METEOR_FALLS
0x083E7350	rom	0x9	sMapName_MT__PYRE
0x083E7359	rom	0xB	sMapName__EVIL_TEAM__HIDEOUT
0x083E7364	rom	0xB	sMapName_SHOAL_CAVE
0x083E736F	rom	0x10	sMapName_SEAFLOOR_CAVERN
0x083E737F	rom	0xD	sMapName_VICTORY_ROAD
0x083E738C	rom	0xE	sMapName_MIRAGE_ISLAND
0x083E739A	rom	0xF	sMapName_CAVE_OF_ORIGIN
0x083E73A9	rom	0x10	sMapName_SOUTHERN_ISLAND
0x083E73B9	rom	0xB	sMapName_FIERY_PATH
0x083E73C4	rom	0xC	sMapName_JAGGED_PASS
0x083E73D0	rom	0xF	sMapName_SEALED_CHAMBER
0x083E73DF	rom	0xE	sMapName_SCORCHED_SLAB
0x083E73ED	rom	0xC	sMapName_ISLAND_CAVE
0x083E73F9	rom	0xD	sMapName_DESERT_RUINS
0x083E7406	rom	0xD	sMapName_ANCIENT_TOMB
0x083E7413	rom	0x10	sMapName_INSIDE_OF_TRUCK
0x083E7423	rom	0xB	sMapName_SKY_PILLAR
0x083E742E	rom	0xC	sMapName_SECRET_BASE
0x083E743A	rom	0x1	sMapName_
0x083E743C	rom	0x2C0	gRegionMapEntries
0x083E76FC	rom	0x34	sUnderwaterMaps
0x083E7730	rom	0x8	sCursorOamData
0x083E7738	rom	0xC	sCursorAnimSeq0
0x083E7744	rom	0x14	sCursorAnimSeq1
0x083E7758	rom	0x8	sCursorAnimTable
0x083E7780	rom	0x8	sPlayerIconOamData
0x083E7788	rom	0x8	sPlayerIconAnimSeq0
0x083E7790	rom	0x4	sPlayerIconAnimTable
0x083E7794	rom	0x20	sFlyRegionMapFrame_Pal
0x083E77B4	rom	0x38	sFlyRegionMapFrame_ImageLZ
0x083E77EC	rom	0xB8	sFlyRegionMapFrame_TilemapLZ
0x083E78A4	rom	0x20	sFlyTargetIcons_Pal
0x083E78C4	rom	0xD4	sFlyTargetIcons_ImageLZ
0x083E7998	rom	0x96	sMapHealLocations
0x083E7A30	rom	0x8	sEverGrandeCityAreaNames
0x083E7A38	rom	0x8	sMultiPartMapSections
0x083E7A40	rom	0x4	gRegionMapState
0x083E7A44	rom	0x8	sFlyTargetIconSpritePalette
0x083E7A4C	rom	0x8	sSpecialFlyAreas
0x083E7A54	rom	0x8	sFlyTargetOamData
0x083E7A5C	rom	0x8	sFlyTargetAnimSeq0
0x083E7A64	rom	0x8	sFlyTargetAnimSeq1
0x083E7A6C	rom	0x8	sFlyTargetAnimSeq2
0x083E7A74	rom	0x8	sFlyTargetAnimSeq3
0x083E7A7C	rom	0x8	sFlyTargetAnimSeq4
0x083E7A84	rom	0x8	sFlyTargetAnimSeq5
0x083E7A8C	rom	0x8	sFlyTargetAnimSeq6
0x083E7A94	rom	0x1C	sFlyTargetAnimTable
0x083E7AB0	rom	0x18	gFlyTargetSpriteTemplate
0x083E7AC8	rom	0x2580	sPointillismPoints
0x083EA048	rom	0x1C	DecorDesc_SMALL_DESK
0x083EA064	rom	0x30	DecorDesc_POKEMON_DESK
0x083EA094	rom	0x38	DecorDesc_HEAVY_DESK
0x083EA0CC	rom	0x37	DecorDesc_RAGGED_DESK
0x083EA103	rom	0x39	DecorDesc_COMFORT_DESK
0x083EA13C	rom	0x36	DecorDesc_PRETTY_DESK
0x083EA172	rom	0x36	DecorDesc_BRICK_DESK
0x083EA1A8	rom	0x39	DecorDesc_CAMP_DESK
0x083EA1E1	rom	0x33	DecorDesc_HARD_DESK
0x083EA214	rom	0x1C	DecorDesc_SMALL_CHAIR
0x083EA230	rom	0x31	DecorDesc_POKEMON_CHAIR
0x083EA261	rom	0x1D	DecorDesc_HEAVY_CHAIR
0x083EA27E	rom	0x1D	DecorDesc_PRETTY_CHAIR
0x083EA29B	rom	0x1E	DecorDesc_COMFORT_CHAIR
0x083EA2B9	rom	0x1C	DecorDesc_RAGGED_CHAIR
0x083EA2D5	rom	0x1D	DecorDesc_BRICK_CHAIR
0x083EA2F2	rom	0x1C	DecorDesc_CAMP_CHAIR
0x083EA30E	rom	0x1C	DecorDesc_HARD_CHAIR
0x083EA32A	rom	0x1A	DecorDesc_RED_PLANT
0x083EA344	rom	0x25	DecorDesc_TROPICAL_PLANT
0x083EA369	rom	0x17	DecorDesc_PRETTY_FLOWERS
0x083EA380	rom	0x28	DecorDesc_COLORFUL_PLANT
0x083EA3A8	rom	0x2E	DecorDesc_BIG_PLANT
0x083EA3D6	rom	0x28	DecorDesc_GORGEOUS_PLANT
0x083EA3FE	rom	0x37	DecorDesc_RED_BRICK
0x083EA435	rom	0x35	DecorDesc_YELLOW_BRICK
0x083EA46A	rom	0x33	DecorDesc_BLUE_BRICK
0x083EA49D	rom	0x37	DecorDesc_RED_BALLOON
0x083EA4D4	rom	0x38	DecorDesc_BLUE_BALLOON
0x083EA50C	rom	0x38	DecorDesc_YELLOW_BALLOON
0x083EA544	rom	0x2A	DecorDesc_RED_TENT
0x083EA56E	rom	0x2B	DecorDesc_BLUE_TENT
0x083EA599	rom	0x2E	DecorDesc_SOLID_BOARD
0x083EA5C7	rom	0x25	DecorDesc_SLIDE
0x083EA5EC	rom	0x23	DecorDesc_FENCE_LENGTH
0x083EA60F	rom	0x23	DecorDesc_FENCE_WIDTH
0x083EA632	rom	0x35	DecorDesc_TIRE
0x083EA667	rom	0x1D	DecorDesc_STAND
0x083EA684	rom	0x2D	DecorDesc_MUD_BALL
0x083EA6B1	rom	0x31	DecorDesc_BREAKABLE_DOOR
0x083EA6E2	rom	0x2F	DecorDesc_SAND_ORNAMENT
0x083EA711	rom	0x32	DecorDesc_SILVER_SHIELD
0x083EA743	rom	0x33	DecorDesc_GOLD_SHIELD
0x083EA776	rom	0x39	DecorDesc_GLASS_ORNAMENT
0x083EA7AF	rom	0x1F	DecorDesc_TV
0x083EA7CE	rom	0x2B	DecorDesc_ROUND_TV
0x083EA7F9	rom	0x2B	DecorDesc_CUTE_TV
0x083EA824	rom	0x28	DecorDesc_GLITTER_MAT
0x083EA84C	rom	0x2E	DecorDesc_JUMP_MAT
0x083EA87A	rom	0x2F	DecorDesc_SPIN_MAT
0x083EA8A9	rom	0x2F	DecorDesc_C_LOW_NOTE_MAT
0x083EA8D8	rom	0x2B	DecorDesc_D_NOTE_MAT
0x083EA903	rom	0x2C	DecorDesc_E_NOTE_MAT
0x083EA92F	rom	0x2C	DecorDesc_F_NOTE_MAT
0x083EA95B	rom	0x2B	DecorDesc_G_NOTE_MAT
0x083EA986	rom	0x2C	DecorDesc_A_NOTE_MAT
0x083EA9B2	rom	0x2B	DecorDesc_B_NOTE_MAT
0x083EA9DD	rom	0x30	DecorDesc_C_HIGH_NOTE_MAT
0x083EAA0D	rom	0x34	DecorDesc_SURF_MAT
0x083EAA41	rom	0x37	DecorDesc_THUNDER_MAT
0x083EAA78	rom	0x3A	DecorDesc_FIRE_BLAST_MAT
0x083EAAB2	rom	0x39	DecorDesc_POWDER_SNOW_MAT
0x083EAAEB	rom	0x38	DecorDesc_ATTRACT_MAT
0x083EAB23	rom	0x37	DecorDesc_FISSURE_MAT
0x083EAB5A	rom	0x36	DecorDesc_SPIKES_MAT
0x083EAB90	rom	0x28	DecorDesc_BALL_POSTER
0x083EABB8	rom	0x25	DecorDesc_GREEN_POSTER
0x083EABDD	rom	0x25	DecorDesc_RED_POSTER
0x083EAC02	rom	0x24	DecorDesc_BLUE_POSTER
0x083EAC26	rom	0x26	DecorDesc_CUTE_POSTER
0x083EAC4C	rom	0x2F	DecorDesc_PIKA_POSTER
0x083EAC7B	rom	0x25	DecorDesc_LONG_POSTER
0x083EACA0	rom	0x27	DecorDesc_SEA_POSTER
0x083EACC7	rom	0x25	DecorDesc_SKY_POSTER
0x083EACEC	rom	0x26	DecorDesc_KISS_POSTER
0x083EAD12	rom	0x2B	DecorDesc_PICHU_DOLL
0x083EAD3D	rom	0x2D	DecorDesc_PIKACHU_DOLL
0x083EAD6A	rom	0x2C	DecorDesc_MARILL_DOLL
0x083EAD96	rom	0x2C	DecorDesc_TOGEPI_DOLL
0x083EADC2	rom	0x2F	DecorDesc_CYNDAQUIL_DOLL
0x083EADF1	rom	0x2F	DecorDesc_CHIKORITA_DOLL
0x083EAE20	rom	0x2E	DecorDesc_TOTODILE_DOLL
0x083EAE4E	rom	0x30	DecorDesc_JIGGLYPUFF_DOLL
0x083EAE7E	rom	0x2C	DecorDesc_MEOWTH_DOLL
0x083EAEAA	rom	0x2E	DecorDesc_CLEFAIRY_DOLL
0x083EAED8	rom	0x2B	DecorDesc_DITTO_DOLL
0x083EAF03	rom	0x2E	DecorDesc_SMOOCHUM_DOLL
0x083EAF31	rom	0x2D	DecorDesc_TREECKO_DOLL
0x083EAF5E	rom	0x2D	DecorDesc_TORCHIC_DOLL
0x083EAF8B	rom	0x2C	DecorDesc_MUDKIP_DOLL
0x083EAFB7	rom	0x2D	DecorDesc_DUSKULL_DOLL
0x083EAFE4	rom	0x2C	DecorDesc_WYNAUT_DOLL
0x083EB010	rom	0x2C	DecorDesc_BALTOY_DOLL
0x083EB03C	rom	0x2D	DecorDesc_KECLEON_DOLL
0x083EB069	rom	0x2E	DecorDesc_AZURILL_DOLL
0x083EB097	rom	0x2C	DecorDesc_SKITTY_DOLL
0x083EB0C3	rom	0x2C	DecorDesc_SWABLU_DOLL
0x083EB0EF	rom	0x2C	DecorDesc_GULPIN_DOLL
0x083EB11B	rom	0x2B	DecorDesc_LOTAD_DOLL
0x083EB146	rom	0x2C	DecorDesc_SEEDOT_DOLL
0x083EB172	rom	0x30	DecorDesc_PIKA_CUSHION
0x083EB1A2	rom	0x2F	DecorDesc_ROUND_CUSHION
0x083EB1D1	rom	0x31	DecorDesc_KISS_CUSHION
0x083EB202	rom	0x32	DecorDesc_ZIGZAG_CUSHION
0x083EB234	rom	0x2F	DecorDesc_SPIN_CUSHION
0x083EB263	rom	0x30	DecorDesc_DIAMOND_CUSHION
0x083EB293	rom	0x2D	DecorDesc_BALL_CUSHION
0x083EB2C0	rom	0x33	DecorDesc_GRASS_CUSHION
0x083EB2F3	rom	0x32	DecorDesc_FIRE_CUSHION
0x083EB325	rom	0x33	DecorDesc_WATER_CUSHION
0x083EB358	rom	0x2B	DecorDesc_SNORLAX_DOLL
0x083EB383	rom	0x2B	DecorDesc_RHYDON_DOLL
0x083EB3AE	rom	0x2B	DecorDesc_LAPRAS_DOLL
0x083EB3D9	rom	0x2B	DecorDesc_VENUSAUR_DOLL
0x083EB404	rom	0x2B	DecorDesc_CHARIZARD_DOLL
0x083EB42F	rom	0x2B	DecorDesc_BLASTOISE_DOLL
0x083EB45A	rom	0x2B	DecorDesc_WAILMER_DOLL
0x083EB485	rom	0x2B	DecorDesc_REGIROCK_DOLL
0x083EB4B0	rom	0x2B	DecorDesc_REGICE_DOLL
0x083EB4DB	rom	0x2B	DecorDesc_REGISTEEL_DOLL
0x083EB506	rom	0x2	DecorGfx_SMALL_DESK
0x083EB508	rom	0x2	DecorGfx_POKEMON_DESK
0x083EB50A	rom	0xC	DecorGfx_HEAVY_DESK
0x083EB516	rom	0xC	DecorGfx_RAGGED_DESK
0x083EB522	rom	0xC	DecorGfx_COMFORT_DESK
0x083EB52E	rom	0x12	DecorGfx_PRETTY_DESK
0x083EB540	rom	0x12	DecorGfx_BRICK_DESK
0x083EB552	rom	0x12	DecorGfx_CAMP_DESK
0x083EB564	rom	0x12	DecorGfx_HARD_DESK
0x083EB576	rom	0x2	DecorGfx_SMALL_CHAIR
0x083EB578	rom	0x2	DecorGfx_POKEMON_CHAIR
0x083EB57A	rom	0x2	DecorGfx_HEAVY_CHAIR
0x083EB57C	rom	0x2	DecorGfx_PRETTY_CHAIR
0x083EB57E	rom	0x2	DecorGfx_COMFORT_CHAIR
0x083EB580	rom	0x2	DecorGfx_RAGGED_CHAIR
0x083EB582	rom	0x2	DecorGfx_BRICK_CHAIR
0x083EB584	rom	0x2	DecorGfx_CAMP_CHAIR
0x083EB586	rom	0x2	DecorGfx_HARD_CHAIR
0x083EB588	rom	0x4	DecorGfx_RED_PLANT
0x083EB58C	rom	0x4	DecorGfx_TROPICAL_PLANT
0x083EB590	rom	0x4	DecorGfx_PRETTY_FLOWERS
0x083EB594	rom	0x8	DecorGfx_COLORFUL_PLANT
0x083EB59C	rom	0x8	DecorGfx_BIG_PLANT
0x083EB5A4	rom	0x8	DecorGfx_GORGEOUS_PLANT
0x083EB5AC	rom	0x4	DecorGfx_RED_BRICK
0x083EB5B0	rom	0x4	DecorGfx_YELLOW_BRICK
0x083EB5B4	rom	0x4	DecorGfx_BLUE_BRICK
0x083EB5B8	rom	0x2	DecorGfx_RED_BALLOON
0x083EB5BA	rom	0x2	DecorGfx_BLUE_BALLOON
0x083EB5BC	rom	0x2	DecorGfx_YELLOW_BALLOON
0x083EB5BE	rom	0x12	DecorGfx_RED_TENT
0x083EB5D0	rom	0x12	DecorGfx_BLUE_TENT
0x083EB5E2	rom	0x4	DecorGfx_SOLID_BOARD
0x083EB5E6	rom	0x10	DecorGfx_SLIDE
0x083EB5F6	rom	0x2	DecorGfx_FENCE_LENGTH
0x083EB5F8	rom	0x2	DecorGfx_FENCE_WIDTH
0x083EB5FA	rom	0x8	DecorGfx_TIRE
0x083EB602	rom	0x10	DecorGfx_STAND
0x083EB612	rom	0x2	DecorGfx_MUD_BALL
0x083EB614	rom	0x4	DecorGfx_BREAKABLE_DOOR
0x083EB618	rom	0x4	DecorGfx_SAND_ORNAMENT
0x083EB61C	rom	0x4	DecorGfx_SILVER_SHIELD
0x083EB620	rom	0x4	DecorGfx_GOLD_SHIELD
0x083EB624	rom	0x4	DecorGfx_GLASS_ORNAMENT
0x083EB628	rom	0x2	DecorGfx_TV
0x083EB62A	rom	0x2	DecorGfx_ROUND_TV
0x083EB62C	rom	0x2	DecorGfx_CUTE_TV
0x083EB62E	rom	0x2	DecorGfx_GLITTER_MAT
0x083EB630	rom	0x2	DecorGfx_JUMP_MAT
0x083EB632	rom	0x2	DecorGfx_SPIN_MAT
0x083EB634	rom	0x2	DecorGfx_C_LOW_NOTE_MAT
0x083EB636	rom	0x2	DecorGfx_D_NOTE_MAT
0x083EB638	rom	0x2	DecorGfx_E_NOTE_MAT
0x083EB63A	rom	0x2	DecorGfx_F_NOTE_MAT
0x083EB63C	rom	0x2	DecorGfx_G_NOTE_MAT
0x083EB63E	rom	0x2	DecorGfx_A_NOTE_MAT
0x083EB640	rom	0x2	DecorGfx_B_NOTE_MAT
0x083EB642	rom	0x2	DecorGfx_C_HIGH_NOTE_MAT
0x083EB644	rom	0x12	DecorGfx_SURF_MAT
0x083EB656	rom	0x12	DecorGfx_THUNDER_MAT
0x083EB668	rom	0x12	DecorGfx_FIRE_BLAST_MAT
0x083EB67A	rom	0x12	DecorGfx_POWDER_SNOW_MAT
0x083EB68C	rom	0x12	DecorGfx_ATTRACT_MAT
0x083EB69E	rom	0x12	DecorGfx_FISSURE_MAT
0x083EB6B0	rom	0x12	DecorGfx_SPIKES_MAT
0x083EB6C2	rom	0x2	DecorGfx_BALL_POSTER
0x083EB6C4	rom	0x2	DecorGfx_GREEN_POSTER
0x083EB6C6	rom	0x2	DecorGfx_RED_POSTER
0x083EB6C8	rom	0x2	DecorGfx_BLUE_POSTER
0x083EB6CA	rom	0x2	DecorGfx_CUTE_POSTER
0x083EB6CC	rom	0x4	DecorGfx_PIKA_POSTER
0x083EB6D0	rom	0x4	DecorGfx_LONG_POSTER
0x083EB6D4	rom	0x4	DecorGfx_SEA_POSTER
0x083EB6D8	rom	0x4	DecorGfx_SKY_POSTER
0x083EB6DC	rom	0x4	DecorGfx_KISS_POSTER
0x083EB6E0	rom	0x2	DecorGfx_PICHU_DOLL
0x083EB6E2	rom	0x2	DecorGfx_PIKACHU_DOLL
0x083EB6E4	rom	0x2	DecorGfx_MARILL_DOLL
0x083EB6E6	rom	0x2	DecorGfx_TOGEPI_DOLL
0x083EB6E8	rom	0x2	DecorGfx_CYNDAQUIL_DOLL
0x083EB6EA	rom	0x2	DecorGfx_CHIKORITA_DOLL
0x083EB6EC	rom	0x2	DecorGfx_TOTODILE_DOLL
0x083EB6EE	rom	0x2	DecorGfx_JIGGLYPUFF_DOLL
0x083EB6F0	rom	0x2	DecorGfx_MEOWTH_DOLL
0x083EB6F2	rom	0x2	DecorGfx_CLEFAIRY_DOLL
0x083EB6F4	rom	0x2	DecorGfx_DITTO_DOLL
0x083EB6F6	rom	0x2	DecorGfx_SMOOCHUM_DOLL
0x083EB6F8	rom	0x2	DecorGfx_TREECKO_DOLL
0x083EB6FA	rom	0x2	DecorGfx_TORCHIC_DOLL
0x083EB6FC	rom	0x2	DecorGfx_MUDKIP_DOLL
0x083EB6FE	rom	0x2	DecorGfx_DUSKULL_DOLL
0x083EB700	rom	0x2	DecorGfx_WYNAUT_DOLL
0x083EB702	rom	0x2	DecorGfx_BALTOY_DOLL
0x083EB704	rom	0x2	DecorGfx_KECLEON_DOLL
0x083EB706	rom	0x2	DecorGfx_AZURILL_DOLL
0x083EB708	rom	0x2	DecorGfx_SKITTY_DOLL
0x083EB70A	rom	0x2	DecorGfx_SWABLU_DOLL
0x083EB70C	rom	0x2	DecorGfx_GULPIN_DOLL
0x083EB70E	rom	0x2	DecorGfx_LOTAD_DOLL
0x083EB710	rom	0x2	DecorGfx_SEEDOT_DOLL
0x083EB712	rom	0x2	DecorGfx_PIKA_CUSHION
0x083EB714	rom	0x2	DecorGfx_ROUND_CUSHION
0x083EB716	rom	0x2	DecorGfx_KISS_CUSHION
0x083EB718	rom	0x2	DecorGfx_ZIGZAG_CUSHION
0x083EB71A	rom	0x2	DecorGfx_SPIN_CUSHION
0x083EB71C	rom	0x2	DecorGfx_DIAMOND_CUSHION
0x083EB71E	rom	0x2	DecorGfx_BALL_CUSHION
0x083EB720	rom	0x2	DecorGfx_GRASS_CUSHION
0x083EB722	rom	0x2	DecorGfx_FIRE_CUSHION
0x083EB724	rom	0x2	DecorGfx_WATER_CUSHION
0x083EB726	rom	0x2	DecorGfx_SNORLAX_DOLL
0x083EB728	rom	0x2	DecorGfx_RHYDON_DOLL
0x083EB72A	rom	0x2	DecorGfx_LAPRAS_DOLL
0x083EB72C	rom	0x2	DecorGfx_VENUSAUR_DOLL
0x083EB72E	rom	0x2	DecorGfx_CHARIZARD_DOLL
0x083EB730	rom	0x2	DecorGfx_BLASTOISE_DOLL
0x083EB732	rom	0x2	DecorGfx_WAILMER_DOLL
0x083EB734	rom	0x2	DecorGfx_REGIROCK_DOLL
0x083EB736	rom	0x2	DecorGfx_REGICE_DOLL
0x083EB738	rom	0x2	DecorGfx_REGISTEEL_DOLL
0x083EB73C	rom	0xF20	gDecorations
0x083EC65C	rom	0x20	gUnknown_083EC5E4
0x083EC67C	rom	0x20	gUnknown_083EC604
0x083EC69C	rom	0x10	gUnknown_083EC624
0x083EC6AC	rom	0x20	gUnknown_083EC634
0x083EC6D2	rom	0x6	gUnknown_083EC65A
0x083EC6D8	rom	0x4	Unknown_3EC660
0x083EC6DC	rom	0xC	Unknown_3EC664
0x083EC6E8	rom	0x10	Unknown_3EC670
0x083EC6F8	rom	0xC	Unknown_3EC680
0x083EC704	rom	0x8	Unknown_3EC68C
0x083EC70C	rom	0x20	Unknown_3EC694
0x083EC72C	rom	0x24	Unknown_3EC6B4
0x083EC750	rom	0x18	Unknown_3EC6D8
0x083EC768	rom	0x4	Unknown_3EC6F0
0x083EC76C	rom	0x8	Unknown_3EC6F4
0x083EC774	rom	0xC	Unknown_3EC6FC
0x083EC780	rom	0x20	Unknown_3EC708
0x083EC7A0	rom	0x10	Unknown_3EC728
0x083EC7B0	rom	0x8	Unknown_3EC738
0x083EC7B8	rom	0xC	Unknown_3EC740
0x083EC7C4	rom	0x20	Unknown_3EC74C
0x083EC7E4	rom	0x24	Unknown_3EC76C
0x083EC808	rom	0x18	Unknown_3EC790
0x083EC820	rom	0x4	Unknown_3EC7A8
0x083EC824	rom	0x8	Unknown_3EC7AC
0x083EC82C	rom	0xC	Unknown_3EC7B4
0x083EC838	rom	0x20	Unknown_3EC7C0
0x083EC858	rom	0x10	Unknown_3EC7E0
0x083EC868	rom	0x8	Unknown_3EC7F0
0x083EC870	rom	0xC	Unknown_3EC7F8
0x083EC87C	rom	0x20	Unknown_3EC804
0x083EC89C	rom	0x24	Unknown_3EC824
0x083EC8C0	rom	0x18	Unknown_3EC848
0x083EC8D8	rom	0xA0	gUnknown_083EC860
0x083EC978	rom	0x28	gUnknown_083EC900
0x083EC9A0	rom	0x8	gSpriteAnim_83EC928
0x083EC9A8	rom	0x4	gSpriteAnimTable_83EC930
0x083EC9AC	rom	0x8	gSpriteImageTable_83EC934
0x083EC9B4	rom	0x18	gSpriteTemplate_83EC93C
0x083EC9CC	rom	0x8	gUnknown_083EC954
0x083EC9D4	rom	0x8	gUnknown_083EC95C
0x083EC9DC	rom	0x8	gUnknown_083EC964
0x083EC9E4	rom	0x10	gUnknown_083EC96C
0x083EC9F4	rom	0x8	gUnknown_083EC97C
0x083EC9FC	rom	0x8	gUnknown_083EC984
0x083ECA04	rom	0x20	gUnknown_083EC98C
0x083ECA24	rom	0x20	Unknown_3EC9AC
0x083ECA44	rom	0x8	gUnknown_083EC9CC
0x083ECA4C	rom	0x8	gUnknown_083EC9D4
0x083ECA54	rom	0x80	gSpriteImage_83EC9DC
0x083ECAD4	rom	0x8	gUnknown_083ECA5C
0x083ECADC	rom	0x8	gUnknown_083ECA64
0x083ECAE4	rom	0x8	gOamData_83ECA6C
0x083ECAEC	rom	0x8	gSpriteAnim_83ECA74
0x083ECAF4	rom	0x4	gSpriteAnimTable_83ECA7C
0x083ECAF8	rom	0x8	gSpriteImageTable_83ECA80
0x083ECB00	rom	0x18	gSpriteTemplate_83ECA88
0x083ECB18	rom	0x8	gUnknown_083ECAA0
0x083ECB20	rom	0x4	sSlotMachine
0x083ECB24	rom	0x74	gUnknown_083ECAAC
0x083ECB98	rom	0xC	gUnknown_083ECB20
0x083ECBA4	rom	0x14	gUnknown_083ECB2C
0x083ECBB8	rom	0xC	gUnknown_083ECB40
0x083ECBC4	rom	0xC	gUnknown_083ECB4C
0x083ECBDC	rom	0xC	gUnknown_083ECB64
0x083ECBE8	rom	0xC	gUnknown_083ECB70
0x083ECBF4	rom	0xC	gUnknown_083ECB7C
0x083ECC00	rom	0xC	gUnknown_083ECB88
0x083ECC0C	rom	0xC	gUnknown_083ECB94
0x083ECC18	rom	0xC	gUnknown_083ECBA0
0x083ECC24	rom	0x6	gUnknown_083ECBAC
0x083ECC2C	rom	0x10	gUnknown_083ECBB4
0x083ECC3C	rom	0xC	gUnknown_083ECBC4
0x083ECC48	rom	0x4C	gUnknown_083ECBD0
0x083ECCA8	rom	0x24	gUnknown_083ECC30
0x083ECCCC	rom	0x4	gUnknown_083ECC54
0x083ECD2A	rom	0x3F	sReelSymbols
0x083ECD69	rom	0x6	gUnknown_083ECCF1
0x083ECD70	rom	0xC	gUnknown_083ECCF8
0x083ECD7C	rom	0x12	gUnknown_083ECD04
0x083ECD8E	rom	0x12	gUnknown_083ECD16
0x083ECDA0	rom	0x1E	gUnknown_083ECD28
0x083ECDBE	rom	0x66	gUnknown_083ECD46
0x083ECE24	rom	0x66	gUnknown_083ECDAC
0x083ECE8A	rom	0xA	gUnknown_083ECE12
0x083ECE94	rom	0x14	gUnknown_083ECE1C
0x083ECEA8	rom	0xA	gUnknown_083ECE30
0x083ECEB2	rom	0x8	gUnknown_083ECE3A
0x083ECEBA	rom	0x6	gUnknown_083ECE42
0x083ECEC0	rom	0xA	gUnknown_083ECE48
0x083ECECA	rom	0x7	sSym2Match
0x083ECED2	rom	0x12	sSlotMatchFlags
0x083ECEE4	rom	0x12	sSlotPayouts
0x083ECEF6	rom	0x8C	gUnknown_083ECE7E
0x083ECF84	rom	0x8C	gUnknown_083ECF0C
0x083ED010	rom	0x10	Unknown_83ECF98
0x083ED020	rom	0x1C	Unknown_83ECFA8
0x083ED03C	rom	0xC	Unknown_83ECFC4
0x083ED048	rom	0x18	Unknown_83ECFD0
0x083ED060	rom	0x10	Unknown_83ECFE8
0x083ED070	rom	0x28	Unknown_83ECFF8
0x083ED098	rom	0x28	Unknown_83ED020
0x083ED0C0	rom	0x1C	gUnknown_083ED048
0x083ED0DC	rom	0x1C	gUnknown_083ED064
0x083ED0F8	rom	0x8	gOamData_83ED080
0x083ED100	rom	0x8	gOamData_83ED088
0x083ED108	rom	0x8	gOamData_83ED090
0x083ED110	rom	0x8	gOamData_83ED098
0x083ED118	rom	0x8	gOamData_83ED0A0
0x083ED120	rom	0x8	gOamData_83ED0A8
0x083ED128	rom	0x8	gOamData_83ED0B0
0x083ED130	rom	0x8	gOamData_83ED0B8
0x083ED138	rom	0x28	gSpriteImageTable_83ED0C0
0x083ED160	rom	0x8	gSpriteImageTable_83ED0E8
0x083ED168	rom	0x8	gSpriteImageTable_83ED0F0
0x083ED170	rom	0x8	gSpriteImageTable_83ED0F8
0x083ED178	rom	0x30	gSpriteImageTable_83ED100
0x083ED1A8	rom	0x8	gSpriteImageTable_83ED130
0x083ED1B0	rom	0x8	gSpriteImageTable_83ED138
0x083ED1B8	rom	0x10	gSpriteImageTable_83ED140
0x083ED1C8	rom	0x8	gSpriteImageTable_83ED150
0x083ED1D0	rom	0x10	gSpriteImageTable_83ED158
0x083ED1E0	rom	0x8	gSpriteImageTable_83ED168
0x083ED1E8	rom	0x8	gSpriteImageTable_83ED170
0x083ED1F0	rom	0x8	gSpriteImageTable_83ED178
0x083ED1F8	rom	0x8	gSpriteImageTable_83ED180
0x083ED200	rom	0x8	gSpriteImageTable_83ED188
0x083ED208	rom	0x8	gSpriteImageTable_83ED190
0x083ED210	rom	0x8	gSpriteImageTable_83ED198
0x083ED218	rom	0x8	gSpriteImageTable_83ED1A0
0x083ED220	rom	0x8	gSpriteImageTable_83ED1A8
0x083ED228	rom	0x8	gSpriteImageTable_83ED1B0
0x083ED230	rom	0x8	gSpriteImageTable_83ED1B8
0x083ED238	rom	0x18	gSpriteImageTable_83ED1C0
0x083ED250	rom	0x8	gSpriteImageTable_83ED1D8
0x083ED258	rom	0x28	gSpriteImageTable_83ED1E0
0x083ED280	rom	0x10	gSpriteImageTable_83ED208
0x083ED290	rom	0x10	gSpriteImageTable_83ED218
0x083ED2A0	rom	0x8	gSpriteImageTable_83ED228
0x083ED2A8	rom	0x8	gSpriteAnim_83ED230
0x083ED2B0	rom	0x8	gSpriteAnim_83ED238
0x083ED2B8	rom	0x8	gSpriteAnim_83ED240
0x083ED2C0	rom	0xC	gSpriteAnim_83ED248
0x083ED2CC	rom	0xC	gSpriteAnim_83ED254
0x083ED2D8	rom	0xC	gSpriteAnim_83ED260
0x083ED2E4	rom	0xC	gSpriteAnim_83ED26C
0x083ED2F0	rom	0x8	gSpriteAnim_83ED278
0x083ED2F8	rom	0x8	gSpriteAnim_83ED280
0x083ED300	rom	0x8	gSpriteAnim_83ED288
0x083ED308	rom	0x8	gSpriteAnim_83ED290
0x083ED310	rom	0x8	gSpriteAnim_83ED298
0x083ED318	rom	0x8	gSpriteAnim_83ED2A0
0x083ED320	rom	0x8	gSpriteAnim_83ED2A8
0x083ED328	rom	0xC	gSpriteAnim_83ED2B0
0x083ED334	rom	0xC	gSpriteAnim_83ED2BC
0x083ED340	rom	0xC	gSpriteAnim_83ED2C8
0x083ED34C	rom	0x8	gSpriteAnim_83ED2D4
0x083ED354	rom	0xC	gSpriteAnim_83ED2DC
0x083ED360	rom	0x14	gSpriteAnim_83ED2E8
0x083ED374	rom	0x8	gSpriteAnim_83ED2FC
0x083ED37C	rom	0x8	gSpriteAnim_83ED304
0x083ED384	rom	0x8	gSpriteAnim_83ED30C
0x083ED38C	rom	0x8	gSpriteAnim_83ED314
0x083ED394	rom	0x8	gSpriteAnim_83ED31C
0x083ED39C	rom	0x8	gSpriteAnim_83ED324
0x083ED3A4	rom	0x4	gSpriteAnimTable_83ED32C
0x083ED3A8	rom	0x4	gSpriteAnimTable_83ED330
0x083ED3AC	rom	0x18	gSpriteAnimTable_83ED334
0x083ED3C4	rom	0x18	gSpriteAnimTable_83ED34C
0x083ED3DC	rom	0x4	gSpriteAnimTable_83ED364
0x083ED3E0	rom	0x4	gSpriteAnimTable_83ED368
0x083ED3E4	rom	0x8	gSpriteAnimTable_83ED36C
0x083ED3EC	rom	0x4	gSpriteAnimTable_83ED374
0x083ED3F0	rom	0x8	gSpriteAnimTable_83ED378
0x083ED3F8	rom	0x14	gSpriteAnimTable_83ED380
0x083ED40C	rom	0x28	gSpriteAffineAnim_83ED394
0x083ED434	rom	0x4	gSpriteAffineAnimTable_83ED3BC
0x083ED438	rom	0x50	gSpriteAffineAnim_83ED3C0
0x083ED488	rom	0x4	gSpriteAffineAnimTable_83ED410
0x083ED48C	rom	0x18	gSpriteTemplate_83ED414
0x083ED4A4	rom	0x18	gSpriteTemplate_83ED42C
0x083ED4BC	rom	0x18	gSpriteTemplate_83ED444
0x083ED4D4	rom	0x18	gSpriteTemplate_83ED45C
0x083ED4EC	rom	0x18	gSpriteTemplate_83ED474
0x083ED504	rom	0x18	gSpriteTemplate_83ED48C
0x083ED51C	rom	0x18	gSpriteTemplate_83ED4A4
0x083ED534	rom	0x18	gSpriteTemplate_83ED4BC
0x083ED54C	rom	0x18	gSpriteTemplate_83ED4D4
0x083ED564	rom	0x18	gSpriteTemplate_83ED4EC
0x083ED57C	rom	0x18	gSpriteTemplate_83ED504
0x083ED594	rom	0x18	gSpriteTemplate_83ED51C
0x083ED5AC	rom	0x18	gSpriteTemplate_83ED534
0x083ED5C4	rom	0x18	gSpriteTemplate_83ED54C
0x083ED5DC	rom	0x18	gSpriteTemplate_83ED564
0x083ED5F4	rom	0x18	gSpriteTemplate_83ED57C
0x083ED60C	rom	0x18	gSpriteTemplate_83ED594
0x083ED624	rom	0x18	gSpriteTemplate_83ED5AC
0x083ED63C	rom	0x18	gSpriteTemplate_83ED5C4
0x083ED654	rom	0x18	gSpriteTemplate_83ED5DC
0x083ED66C	rom	0x18	gSpriteTemplate_83ED5F4
0x083ED684	rom	0x18	gSpriteTemplate_83ED60C
0x083ED69C	rom	0x18	gSpriteTemplate_83ED624
0x083ED6B4	rom	0x18	gSpriteTemplate_83ED63C
0x083ED6CC	rom	0x18	gSpriteTemplate_83ED654
0x083ED6E4	rom	0x18	gSpriteTemplate_83ED66C
0x083ED6FC	rom	0x18	gSpriteTemplate_83ED684
0x083ED714	rom	0x18	gSpriteTemplate_83ED69C
0x083ED72C	rom	0x18	gSpriteTemplate_83ED6B4
0x083ED744	rom	0x18	gSpriteTemplate_83ED6CC
0x083ED75C	rom	0x20	gSubspriteTable_83ED6E4
0x083ED77C	rom	0x8	gSubspriteTables_83ED704
0x083ED784	rom	0x30	gSubspriteTable_83ED70C
0x083ED7B4	rom	0x8	gSubspriteTables_83ED73C
0x083ED7BC	rom	0x18	gSubspriteTable_83ED744
0x083ED7D4	rom	0x8	gSubspriteTables_83ED75C
0x083ED7DC	rom	0x28	gSubspriteTable_83ED764
0x083ED804	rom	0x8	gSubspriteTables_83ED78C
0x083ED80C	rom	0x20	gSubspriteTable_83ED794
0x083ED82C	rom	0x8	gSubspriteTables_83ED7B4
0x083ED834	rom	0x18	gSubspriteTable_83ED7BC
0x083ED84C	rom	0x8	gSubspriteTables_83ED7D4
0x083ED854	rom	0x28	gSubspriteTable_83ED7DC
0x083ED87C	rom	0x8	gSubspriteTables_83ED804
0x083ED884	rom	0x20	gSubspriteTable_83ED80C
0x083ED8A4	rom	0x8	gSubspriteTables_83ED82C
0x083ED8AC	rom	0x20	gSubspriteTable_83ED834
0x083ED8CC	rom	0x8	gSubspriteTables_83ED854
0x083ED8D4	rom	0x20	gSubspriteTable_83ED85C
0x083ED8F4	rom	0x8	gSubspriteTables_83ED87C
0x083ED8FC	rom	0x30	gSubspriteTable_83ED884
0x083ED92C	rom	0x8	gSubspriteTables_83ED8B4
0x083ED934	rom	0x8	gSubspriteTable_83ED8BC
0x083ED93C	rom	0x8	gSubspriteTable_83ED8C4
0x083ED944	rom	0x10	gSubspriteTables_83ED8CC
0x083ED954	rom	0x60	gSubspriteTable_83ED8DC
0x083ED9B4	rom	0x8	gSubspriteTables_83ED93C
0x083ED9BC	rom	0x18	gSubspriteTable_83ED944
0x083ED9D4	rom	0x8	gSubspriteTables_83ED95C
0x083ED9DC	rom	0x10	gSubspriteTable_83ED964
0x083ED9EC	rom	0x8	gSubspriteTables_83ED974
0x083ED9F4	rom	0x10	gSubspriteTable_83ED97C
0x083EDA04	rom	0x8	gSubspriteTables_83ED98C
0x083EDA0C	rom	0x10	gSubspriteTable_83ED994
0x083EDA1C	rom	0x8	gSubspriteTables_83ED9A4
0x083EDA24	rom	0x10	gSubspriteTable_83ED9AC
0x083EDA34	rom	0x8	gSubspriteTables_83ED9BC
0x083EDA3C	rom	0x10	gSubspriteTable_83ED9C4
0x083EDA4C	rom	0x8	gSubspriteTables_83ED9D4
0x083EDA54	rom	0x10	gSubspriteTable_83ED9DC
0x083EDA64	rom	0x8	gSubspriteTables_83ED9EC
0x083EDA6C	rom	0x10	gSubspriteTable_83ED9F4
0x083EDA7C	rom	0x8	gSubspriteTables_83EDA04
0x083EDA84	rom	0x10	gSubspriteTable_83EDA0C
0x083EDA94	rom	0x8	gSubspriteTables_83EDA1C
0x083EDA9C	rom	0x10	gSubspriteTable_83EDA24
0x083EDAAC	rom	0x8	gSubspriteTables_83EDA34
0x083EDAB4	rom	0x30	gSubspriteTable_83EDA3C
0x083EDAE4	rom	0x8	gSubspriteTables_83EDA6C
0x083EDAEC	rom	0x18	gSubspriteTable_83EDA74
0x083EDB04	rom	0x8	gSubspriteTables_83EDA8C
0x083EDB0C	rom	0x30	gSubspriteTable_83EDA94
0x083EDB3C	rom	0x8	gSubspriteTables_83EDAC4
0x083EDB44	rom	0x30	gSubspriteTable_83EDACC
0x083EDB74	rom	0x8	gSubspriteTables_83EDAFC
0x083EDB7C	rom	0x18	gSubspriteTable_83EDB04
0x083EDB94	rom	0x8	gSubspriteTables_83EDB1C
0x083EDB9C	rom	0x30	gSubspriteTable_83EDB24
0x083EDBCC	rom	0x8	gSubspriteTables_83EDB54
0x083EDBD4	rom	0x68	gUnknown_083EDB5C
0x083EDC3C	rom	0x68	gUnknown_083EDBC4
0x083EDCA4	rom	0xB0	sSlotMachineSpriteSheets
0x083EDD54	rom	0x8	gUnknown_083EDCDC
0x083EDD5C	rom	0x4	gUnknown_083EDCE4
0x083EDD60	rom	0x20	UnknownPalette_83EDCE8
0x083EDD80	rom	0x14	gUnknown_083EDD08
0x083EDD94	rom	0x14	gUnknown_083EDD1C
0x083EDDA8	rom	0x5	gUnknown_083EDD30
0x083EDDAD	rom	0x6	gUnknown_083EDD35
0x083EDDB3	rom	0x3	gUnknown_083EDD3B
0x083EDDB6	rom	0x20	Unknown_83EDD3E
0x083EDDD6	rom	0x20	Unknown_83EDD5E
0x083EDDF6	rom	0x20	Unknown_83EDD7E
0x083EDE18	rom	0xC	gUnknown_083EDDA0
0x083EDE24	rom	0x4	gUnknown_083EDDAC
0x083EDE28	rom	0x20	Palette_83EDDB0
0x083EDE48	rom	0x20	Palette_83EDDD0
0x083EDE68	rom	0x20	Palette_83EDDF0
0x083EDE88	rom	0x10	gUnknown_083EDE10
0x083EDE98	rom	0x4	gUnknown_083EDE20
0x083EDE9C	rom	0x20	gPalette_83EDE24
0x083EDEBC	rom	0x48	gSlotMachineSpritePalettes
0x083EDF04	rom	0x1154	sReelTimeGfx
0x083EF058	rom	0x1B8	sReelTimeWindowTilemap
0x083EF210	rom	0x100	gPictureFramePalettes
0x083EF310	rom	0x100	emptySpace
0x083EF410	rom	0x1084	gPictureFrameTiles_0
0x083F0494	rom	0xC30	gPictureFrameTiles_1
0x083F10C4	rom	0xB38	gPictureFrameTiles_2
0x083F1BFC	rom	0xFB8	gPictureFrameTiles_3
0x083F2BB4	rom	0x1130	gPictureFrameTiles_4
0x083F3CE4	rom	0x5F4	gPictureFrameTiles_5
0x083F42D8	rom	0x50C	gPictureFrameTilemap_0
0x083F47E4	rom	0x50C	gPictureFrameTilemap_1
0x083F4CF0	rom	0x50C	gPictureFrameTilemap_2
0x083F51FC	rom	0x50C	gPictureFrameTilemap_3
0x083F5708	rom	0x50C	gPictureFrameTilemap_4
0x083F5C14	rom	0x510	gPictureFrameTilemap_5
0x083F6124	rom	0x14	sContestRankNames
0x083F6138	rom	0x78	sMuseumCaptions
0x083F61B0	rom	0x8	sContestPaintingMonOamData
0x083F61B8	rom	0x4	sBgPalette
0x083F61BC	rom	0x178	sBattleAICmdTable
0x083F6334	rom	0x1A	sDiscouragedPowerfulMoveEffects
0x083F6350	rom	0x10	gUnknown_083F62D8
0x083F6360	rom	0x4	gTraderDecorations
0x083F6364	rom	0x40	gBirchBagGrassPal
0x083F63A4	rom	0x20	gBirchBallarrow_Pal
0x083F63C4	rom	0x20	gBirchCircle_Pal
0x083F63E4	rom	0x18C	gBirchBagTilemap
0x083F6570	rom	0x1F8	gBirchGrassTilemap
0x083F6768	rom	0xAA8	gBirchHelpGfx
0x083F7210	rom	0x320	gBirchBallarrow_Gfx
0x083F7530	rom	0x200	gBirchCircle_Gfx
0x083F7730	rom	0x6	gStarterChoose_PokeballCoords
0x083F7736	rom	0x6	gStarterChoose_LabelCoords
0x083F773C	rom	0x6	sStarterMons
0x083F7744	rom	0x8	gOamData_83F76CC
0x083F774C	rom	0x8	gOamData_83F76D4
0x083F7754	rom	0x8	gOamData_83F76DC
0x083F775C	rom	0x8	gUnknown_083F76E4
0x083F7764	rom	0x8	gSpriteAnim_83F76EC
0x083F776C	rom	0x8	gSpriteAnim_83F76F4
0x083F7774	rom	0x48	gSpriteAnim_83F76FC
0x083F77BC	rom	0x8	gSpriteAnim_83F7744
0x083F77C4	rom	0x4	gSpriteAnimTable_83F774C
0x083F77C8	rom	0x8	gSpriteAnimTable_83F7750
0x083F77D0	rom	0x4	gSpriteAnimTable_83F7758
0x083F77D4	rom	0x18	gSpriteAffineAnim_83F775C
0x083F77EC	rom	0x18	gSpriteAffineAnim_83F7774
0x083F7804	rom	0x4	gSpriteAffineAnimTable_83F778C
0x083F7808	rom	0x4	gSpriteAffineAnimTable_83F7790
0x083F780C	rom	0x10	gUnknown_083F7794
0x083F781C	rom	0x10	gUnknown_083F77A4
0x083F782C	rom	0x18	gUnknown_083F77B4
0x083F7844	rom	0x18	gSpriteTemplate_83F77CC
0x083F785C	rom	0x18	gSpriteTemplate_83F77E4
0x083F7874	rom	0x18	gSpriteTemplate_83F77FC
0x083F788C	rom	0x27C	ClockGfx_Misc
0x083F7B08	rom	0x10	gUnknown_083F7A90
0x083F7B18	rom	0x18	gUnknown_083F7AA0
0x083F7B30	rom	0x8	gOamData_83F7AB8
0x083F7B38	rom	0x8	gSpriteAnim_83F7AC0
0x083F7B40	rom	0x8	gSpriteAnim_83F7AC8
0x083F7B48	rom	0x4	gSpriteAnimTable_83F7AD0
0x083F7B4C	rom	0x4	gSpriteAnimTable_83F7AD4
0x083F7B50	rom	0x18	gSpriteTemplate_83F7AD8
0x083F7B68	rom	0x18	gSpriteTemplate_83F7AF0
0x083F7B80	rom	0x8	gOamData_83F7B08
0x083F7B88	rom	0x8	gSpriteAnim_83F7B10
0x083F7B90	rom	0x8	gSpriteAnim_83F7B18
0x083F7B98	rom	0x4	gSpriteAnimTable_83F7B20
0x083F7B9C	rom	0x4	gSpriteAnimTable_83F7B24
0x083F7BA0	rom	0x18	gSpriteTemplate_83F7B28
0x083F7BB8	rom	0x18	gSpriteTemplate_83F7B40
0x083F7BD0	rom	0x2D0	sClockHandCoords
0x083F7EA0	rom	0x7D	gPokeblockFlavorCompatibilityTable
0x083F7F20	rom	0x10	gUnknown_083F7EA8
0x083F7F30	rom	0x3C	gPokeblockNames
0x083F7F6C	rom	0x28	gUnknown_083F7EF4
0x083F7F94	rom	0x3	gUnknown_083F7F1C
0x083F7F97	rom	0x2	gUnknown_083F7F1F
0x083F7F99	rom	0x2	gUnknown_083F7F21
0x083F7F9C	rom	0x8	gUnknown_083F7F24
0x083F7FA4	rom	0x5	UnreferencedData_083F7F2C
0x083F7FAC	rom	0x8	gOamData_83F7F34
0x083F7FB4	rom	0x8	gSpriteAnim_83F7F3C
0x083F7FBC	rom	0x4	gSpriteAnimTable_83F7F44
0x083F7FC0	rom	0x28	gSpriteAffineAnim_83F7F48
0x083F7FE8	rom	0x4	gSpriteAffineAnimTable_83F7F70
0x083F7FEC	rom	0x8	gUnknown_083F7F74
0x083F7FF4	rom	0x8	gUnknown_083F7F7C
0x083F7FFC	rom	0x18	gSpriteTemplate_83F7F84
0x083F8014	rom	0x28	gUnknown_083F7F9C
0x083F803C	rom	0x88	gMapTypeFadePairs
0x083F80C4	rom	0x20	gCaveTransitionPalette_White
0x083F80E4	rom	0x20	gCaveTransitionPalette_Black
0x083F8104	rom	0x10	gUnknown_083F808C
0x083F8114	rom	0x10	gUnknown_083F809C
0x083F8124	rom	0x1E0	gCaveTransitionTilemap
0x083F8304	rom	0xB4	gCaveTransitionTiles
0x083F83B8	rom	0x0	tide.18
0x083F83DC	rom	0xC	sMauvilleGymSwitchCoords
0x083F83E8	rom	0x5	gUnknown_083F8370
0x083F83EE	rom	0xA	gPetalburgGymSlidingDoorMetatiles
0x083F83F8	rom	0x40	gUnknown_083F8380
0x083F8438	rom	0x20	gUnknown_083F83C0
0x083F8458	rom	0xC	gUnknown_083F83E0
0x083F8464	rom	0xC	gUnknown_083F83EC
0x083F8470	rom	0xC	gUnknown_083F83F8
0x083F847C	rom	0x4	gUnknown_083F8404
0x083F8480	rom	0x8	gUnknown_083F8408
0x083F8488	rom	0x8	gUnknown_083F8410
0x083F8490	rom	0x20	gUnknown_083F8418
0x083F84B0	rom	0x134	gUnknown_083F8438
0x083F85E4	rom	0x2	sSpeciesHiddenFromAreaScreen
0x083F85E6	rom	0xC	sFeebasData
0x083F85F2	rom	0xC	sLandmarkData
0x083F8600	rom	0x4	gPokedexAreaScreenPtr
0x083F8604	rom	0x8	sAreaMarkerSpriteSheet
0x083F860C	rom	0x8	sAreaMarkerSpritePalette
0x083F8614	rom	0x8	sAreaMarkerOamData
0x083F861C	rom	0x18	sAreaMarkerSpriteTemplate
0x083F8634	rom	0x20	AreaMarkerPalette
0x083F8654	rom	0x80	AreaMarkerTiles
0x083F86D4	rom	0x8	sAreaUnknownSpritePalette
0x083F86E4	rom	0x8	sAreaUnknownOamData
0x083F86EC	rom	0x18	sAreaUnknownSpriteTemplate
0x083F8704	rom	0x5	sUnknownShedinjaJpnString
0x083F8709	rom	0xA	sUnusedString0
0x083F8713	rom	0x4	sUnusedString1
0x083F8717	rom	0xA	sUnusedString2
0x083F8721	rom	0xA	sUnusedString3
0x083F872B	rom	0x9	sPadding
0x083F8734	rom	0x200	gUnknown_083F86BC
0x083F8934	rom	0x1A4	gUnknown_083F88BC
0x083F8AD8	rom	0x1A0	gUnknown_083F8A60
0x083F8C78	rom	0x190	gUnknown_083F8C00
0x083F8E08	rom	0x60	gUnknown_083F8D90
0x083F8E68	rom	0x4	gUnknown_083F8DF0
0x083F8E6C	rom	0x40	gUnknown_083F8DF4
0x083F8EAC	rom	0x68	gUnknown_083F8E34
0x083F8F14	rom	0x18	gUnknown_083F8E9C
0x083F8F2C	rom	0x8	gUnknown_083F8EB4
0x083F8F34	rom	0x8	gUnknown_083F8EBC
0x083F8F74	rom	0x20	RouletteSpritePalette_01
0x083F8F94	rom	0x20	RouletteSpritePalette_02
0x083F8FB4	rom	0x20	RouletteSpritePalette_03
0x083F8FD4	rom	0x20	RouletteSpritePalette_04
0x083F8FF4	rom	0x20	RouletteSpritePalette_05
0x083F9014	rom	0x20	RouletteSpritePalette_06
0x083F9034	rom	0x20	RouletteSpritePalette_07
0x083F9054	rom	0x20	RouletteSpritePalette_08
0x083F9074	rom	0x20	RouletteSpritePalette_09
0x083F9094	rom	0x20	RouletteSpritePalette_10
0x083F90B4	rom	0x20	RouletteSpritePalette_11
0x083F90D4	rom	0x20	RouletteSpritePalette_12
0x083F90F4	rom	0x20	RouletteSpritePalette_13
0x083F9114	rom	0x20	RouletteSpritePalette_14
0x083F9134	rom	0x20	RouletteSpritePalette_15
0x083F9154	rom	0x20	RouletteSpritePalette_16
0x083F9174	rom	0x148	gUnknown_083F90FC
0x083F92BC	rom	0x64	RouletteBallCounterTiles
0x083F9320	rom	0x3F0	gUnknown_083F92A8
0x083F9710	rom	0x1A4	RoulettePokeIconsTiles
0x083F98B4	rom	0x500	RoulettePokeIcons2Tiles
0x083F9DB4	rom	0x98	gUnknown_083F9D3C
0x083F9E4C	rom	0x5C	RouletteCursorTiles
0x083F9EA8	rom	0x88	gUnknown_083F9E30
0x083F9F30	rom	0x8	gOamData_83F9EB8
0x083F9F38	rom	0x8	gOamData_83F9EC0
0x083F9F40	rom	0x8	gOamData_83F9EC8
0x083F9F48	rom	0x8	gSpriteAnim_83F9ED0
0x083F9F50	rom	0x4	gSpriteAnimTable_83F9ED8
0x083F9F54	rom	0x8	gSpriteAffineAnim_83F9EDC
0x083F9F5C	rom	0x4	gSpriteAffineAnimTable_83F9EE4
0x083F9F60	rom	0x8	gUnknown_083F9EE8
0x083F9F68	rom	0x34	gSpriteAnim_83F9EF0
0x083F9F9C	rom	0x4	gSpriteAnimTable_83F9F24
0x083F9FA0	rom	0x4	gSpriteAnimTable_83F9F28
0x083F9FA4	rom	0x4	gSpriteAnimTable_83F9F2C
0x083F9FA8	rom	0x4	gSpriteAnimTable_83F9F30
0x083F9FAC	rom	0x4	gSpriteAnimTable_83F9F34
0x083F9FB0	rom	0x4	gSpriteAnimTable_83F9F38
0x083F9FB4	rom	0x4	gSpriteAnimTable_83F9F3C
0x083F9FB8	rom	0x4	gSpriteAnimTable_83F9F40
0x083F9FBC	rom	0x4	gSpriteAnimTable_83F9F44
0x083F9FC0	rom	0x4	gSpriteAnimTable_83F9F48
0x083F9FC4	rom	0x4	gSpriteAnimTable_83F9F4C
0x083F9FC8	rom	0x4	gSpriteAnimTable_83F9F50
0x083F9FCC	rom	0x8	gUnknown_083F9F54
0x083F9FD4	rom	0x8	gUnknown_083F9F5C
0x083F9FDC	rom	0x30	gSpriteAnim_83F9F64
0x083FA00C	rom	0x14	gSpriteAnim_83F9F94
0x083FA020	rom	0x4	gSpriteAnimTable_83F9FA8
0x083FA024	rom	0x4	gSpriteAnimTable_83F9FAC
0x083FA028	rom	0x4	gSpriteAnimTable_83F9FB0
0x083FA02C	rom	0x4	gSpriteAnimTable_83F9FB4
0x083FA030	rom	0x4	gSpriteAnimTable_83F9FB8
0x083FA034	rom	0x4	gSpriteAnimTable_83F9FBC
0x083FA038	rom	0x4	gSpriteAnimTable_83F9FC0
0x083FA03C	rom	0x4	gSpriteAnimTable_83F9FC4
0x083FA040	rom	0x4	gSpriteAnimTable_83F9FC8
0x083FA044	rom	0x4	gSpriteAnimTable_83F9FCC
0x083FA048	rom	0x4	gSpriteAnimTable_83F9FD0
0x083FA04C	rom	0x60	gSpriteTemplate_83F9FD4
0x083FA0AC	rom	0x48	gSpriteTemplate_83FA034
0x083FA0F4	rom	0x60	gSpriteTemplate_83FA07C
0x083FA154	rom	0x120	gSpriteTemplate_83FA0DC
0x083FA274	rom	0x8	gOamData_83FA1FC
0x083FA27C	rom	0x8	gOamData_83FA204
0x083FA284	rom	0x8	gOamData_83FA20C
0x083FA28C	rom	0x8	gOamData_83FA214
0x083FA294	rom	0x30	gUnknown_083FA21C
0x083FA2C4	rom	0x28	gSpriteAnim_83FA24C
0x083FA2EC	rom	0x4	gSpriteAnimTable_83FA274
0x083FA2F0	rom	0x18	gSpriteAnim_83FA278
0x083FA308	rom	0x4	gSpriteAnimTable_83FA290
0x083FA30C	rom	0x18	gSpriteAnim_83FA294
0x083FA324	rom	0x4	gSpriteAnimTable_83FA2AC
0x083FA328	rom	0x18	gSpriteTemplate_83FA2B0
0x083FA340	rom	0x18	gSpriteTemplate_83FA2C8
0x083FA358	rom	0x18	gSpriteTemplate_83FA2E0
0x083FA370	rom	0x18	gSpriteTemplate_83FA2F8
0x083FA388	rom	0x18	gSpriteTemplate_83FA310
0x083FA3A0	rom	0x8	gOamData_83FA328
0x083FA3A8	rom	0x20	gSpriteImageTable_83FA330
0x083FA3C8	rom	0x14	gSpriteAnim_83FA350
0x083FA3DC	rom	0x14	gSpriteAnim_83FA364
0x083FA3F0	rom	0x14	gSpriteAnim_83FA378
0x083FA404	rom	0x14	gSpriteAnim_83FA38C
0x083FA418	rom	0x18	gSpriteAnim_83FA3A0
0x083FA430	rom	0x14	gSpriteAnim_83FA3B8
0x083FA444	rom	0x8	gSpriteAnim_83FA3CC
0x083FA44C	rom	0x14	gSpriteAnim_83FA3D4
0x083FA460	rom	0x24	gSpriteAnimTable_83FA3E8
0x083FA484	rom	0x18	gSpriteTemplate_83FA40C
0x083FA49C	rom	0x8	gOamData_83FA424
0x083FA4A4	rom	0x8	gUnknown_083FA42C
0x083FA4AC	rom	0x18	gSpriteTemplate_83FA434
0x083FA4C4	rom	0x8	gOamData_83FA44C
0x083FA4CC	rom	0x8	gOamData_83FA454
0x083FA4D4	rom	0x38	gSpriteImageTable_83FA45C
0x083FA50C	rom	0x1C	gSpriteAnim_83FA494
0x083FA528	rom	0x8	gSpriteAnim_83FA4B0
0x083FA530	rom	0x8	gSpriteAnim_83FA4B8
0x083FA538	rom	0xC	gSpriteAnim_83FA4C0
0x083FA544	rom	0xC	gSpriteAnim_83FA4CC
0x083FA550	rom	0xC	gSpriteAnim_83FA4D8
0x083FA55C	rom	0xC	gSpriteAnim_83FA4E4
0x083FA568	rom	0x4	gSpriteAnimTable_83FA4F0
0x083FA56C	rom	0x18	gSpriteAnimTable_83FA4F4
0x083FA584	rom	0x18	gSpriteTemplate_83FA50C
0x083FA59C	rom	0x18	gSpriteTemplate_83FA524
0x083FA5B4	rom	0x8	gOamData_83FA53C
0x083FA5BC	rom	0x8	gOamData_83FA544
0x083FA5C4	rom	0x8	gOamData_83FA54C
0x083FA5CC	rom	0x8	gSpriteImageTable_83FA554
0x083FA5D4	rom	0x8	gSpriteImageTable_83FA55C
0x083FA5DC	rom	0x18	gSpriteAffineAnim_83FA564
0x083FA5F4	rom	0x28	gSpriteAffineAnim_83FA57C
0x083FA61C	rom	0x4	gSpriteAffineAnimTable_83FA5A4
0x083FA620	rom	0x4	gSpriteAffineAnimTable_83FA5A8
0x083FA624	rom	0x10	gSpriteAffineAnim_83FA5AC
0x083FA634	rom	0x4	gSpriteAffineAnimTable_83FA5BC
0x083FA638	rom	0x30	gSpriteTemplate_83FA5C0
0x083FA668	rom	0x18	gSpriteTemplate_83FA5F0
0x083FA696	rom	0x14	gUnknown_083FA61E
0x083FA6D4	rom	0x20	CryMeterNeedlePalette
0x083FA6F4	rom	0x800	CryMeterNeedleTiles
0x083FAEF4	rom	0xA0	gCryMeter_Tilemap
0x083FAF94	rom	0x20	gCryMeter_Pal
0x083FAFB4	rom	0x338	gCryMeter_Gfx
0x083FB2EC	rom	0x480	sWaveformOffsets
0x083FB76C	rom	0x4	gPokedexCryScreenPtr
0x083FB770	rom	0x20	sCryScreenBg_Pal
0x083FB790	rom	0x20	sCryScreenBg_Gfx
0x083FB7B0	rom	0x2	sWaveformTileDataNybbleMasks
0x083FB7B2	rom	0x20	sWaveformColor
0x083FB7D4	rom	0x4	gPokedexCryScreenPtr2
0x083FB7D8	rom	0x8	sAnim_CryMeterNeedle_0
0x083FB7E0	rom	0x4	sAnimTable_CryMeterNeedle
0x083FB7E4	rom	0x8	sOamData_CryMeterNeedle
0x083FB7EC	rom	0x18	sSpriteTemplate_CryMeterNeedle
0x083FB804	rom	0x10	gCryMeterNeedleSpriteSheets
0x083FB814	rom	0x10	gCryMeterNeedleSpritePalettes
0x083FB824	rom	0x8	Landmark_FlowerShop
0x083FB82C	rom	0x8	Landmark_PetalburgWoods
0x083FB834	rom	0x8	Landmark_MrBrineysCottage
0x083FB83C	rom	0x8	Landmark_AbandonedShip
0x083FB844	rom	0x8	Landmark_SeashoreHouse
0x083FB84C	rom	0x8	Landmark_SlateportBeach
0x083FB854	rom	0x8	Landmark_CyclingRoad
0x083FB85C	rom	0x8	Landmark_NewMauville
0x083FB864	rom	0x8	Landmark_TrickHouse
0x083FB86C	rom	0x8	Landmark_OldLadysRestShop
0x083FB874	rom	0x8	Landmark_Desert
0x083FB87C	rom	0x8	Landmark_WinstrateFamily
0x083FB884	rom	0x8	Landmark_CableCar
0x083FB88C	rom	0x8	Landmark_GlassWorkshop
0x083FB894	rom	0x8	Landmark_WeatherInstitute
0x083FB89C	rom	0x8	Landmark_MeteorFalls
0x083FB8A4	rom	0x8	Landmark_TunnelersRestHouse
0x083FB8AC	rom	0x8	Landmark_RusturfTunnel
0x083FB8B4	rom	0x8	Landmark_PokemonDayCare
0x083FB8BC	rom	0x8	Landmark_SafariZoneEntrance
0x083FB8C4	rom	0x8	Landmark_MtPyre
0x083FB8CC	rom	0x8	Landmark_ShoalCave
0x083FB8D4	rom	0x8	Landmark_SeafloorCavern
0x083FB8DC	rom	0x8	Landmark_GraniteCave
0x083FB8E4	rom	0x8	Landmark_OceanCurrent
0x083FB8EC	rom	0x8	Landmark_LanettesHouse
0x083FB8F4	rom	0x8	Landmark_FieryPath
0x083FB8FC	rom	0x8	Landmark_JaggedPass
0x083FB904	rom	0x8	Landmark_BerryMastersHouse
0x083FB90C	rom	0x8	Landmark_IslandCave
0x083FB914	rom	0x8	Landmark_DesertRuins
0x083FB91C	rom	0x8	Landmark_ScorchedSlab
0x083FB924	rom	0x8	Landmark_AncientTomb
0x083FB92C	rom	0x8	Landmark_SealedChamber
0x083FB934	rom	0x8	Landmark_FossilManiacsHouse
0x083FB93C	rom	0x8	Landmark_HuntersHouse
0x083FB944	rom	0x8	Landmark_SkyPillar
0x083FB94C	rom	0x8	Landmarks_Route104_0
0x083FB954	rom	0xC	Landmarks_Route104_1
0x083FB960	rom	0x8	Landmarks_Route105_0
0x083FB968	rom	0x8	Landmarks_Route106_1
0x083FB970	rom	0x8	Landmarks_Route108_0
0x083FB978	rom	0xC	Landmarks_Route109_0
0x083FB984	rom	0xC	Landmarks_Route110_0
0x083FB990	rom	0x8	Landmarks_Route110_1
0x083FB998	rom	0xC	Landmarks_Route110_2
0x083FB9A4	rom	0x8	Landmarks_Route111_0
0x083FB9AC	rom	0x8	Landmarks_Route111_1
0x083FB9B4	rom	0xC	Landmarks_Route111_3
0x083FB9C0	rom	0xC	Landmarks_Route111_4
0x083FB9CC	rom	0xC	Landmarks_Route112_0
0x083FB9D8	rom	0xC	Landmarks_Route112_1
0x083FB9E4	rom	0x8	Landmarks_Route113_1
0x083FB9EC	rom	0x8	Landmarks_Route114_1
0x083FB9F4	rom	0x8	Landmarks_Route114_2
0x083FB9FC	rom	0x8	Landmarks_MeteorFalls
0x083FBA04	rom	0xC	Landmarks_Route116_1
0x083FBA10	rom	0x8	Landmarks_Route116_2
0x083FBA18	rom	0x8	Landmarks_Route117_2
0x083FBA20	rom	0x8	Landmarks_Route119_1
0x083FBA28	rom	0x8	Landmarks_Route120_0
0x083FBA30	rom	0x8	Landmarks_Route120_2
0x083FBA38	rom	0x8	Landmarks_Route121_2
0x083FBA40	rom	0x8	Landmarks_Route122_0
0x083FBA48	rom	0x8	Landmarks_Route123_0
0x083FBA50	rom	0x8	Landmarks_Route124_7
0x083FBA58	rom	0x8	Landmarks_Route125_2
0x083FBA60	rom	0x8	Landmarks_Route128_1
0x083FBA68	rom	0x8	Landmarks_Route131_1
0x083FBA70	rom	0x8	Landmarks_OceanCurrent
0x083FBA78	rom	0xC	Landmarks_Route134_2
0x083FBA84	rom	0xC	Landmarks_MtChimney_2
0x083FBA90	rom	0x170	gLandmarkLists
0x083FBC00	rom	0x580	sBigPokeball_Tileset
0x083FC180	rom	0x40	sPokeballTrail_Tileset
0x083FC1C0	rom	0x200	sSpriteImage_83FC148
0x083FC3C0	rom	0x1E0	sUnknown_083FC348
0x083FC5A0	rom	0x800	sSpriteImage_83FC528
0x083FCDA0	rom	0x800	sSpriteImage_83FCD28
0x083FD5A0	rom	0x1E0	sShrinkingBoxTileset
0x083FD780	rom	0x4	sTransitionStructPtr
0x083FD784	rom	0x44	sPhase1_Tasks
0x083FD7C8	rom	0x44	sPhase2_Tasks
0x083FD80C	rom	0x10	sMainTransitionPhases
0x083FD81C	rom	0xC	sPhase2_Transition_Blur_Funcs
0x083FD828	rom	0x8	sPhase2_Transition_Swirl_Funcs
0x083FD830	rom	0x8	sPhase2_Transition_Shuffle_Funcs
0x083FD838	rom	0x18	sPhase2_Transition_BigPokeball_Funcs
0x083FD850	rom	0xC	sPhase2_Transition_PokeballsTrail_Funcs
0x083FD85C	rom	0x4	sUnknown_083FD7E4
0x083FD860	rom	0xA	sUnknown_083FD7E8
0x083FD86A	rom	0x4	sUnknown_083FD7F2
0x083FD870	rom	0x1C	sPhase2_Transition_Clockwise_BlackFade_Funcs
0x083FD88C	rom	0x8	sPhase2_Transition_Ripple_Funcs
0x083FD894	rom	0xC	sPhase2_Transition_Wave_Funcs
0x083FD8A0	rom	0x28	sPhase2_Mugshot_Transition_Funcs
0x083FD8C8	rom	0x5	sMugshotsTrainerPicIDsTable
0x083FD8CE	rom	0x14	sMugshotsOpponentRotationScales
0x083FD8E2	rom	0x14	sMugshotsOpponentCoords
0x083FD8F8	rom	0x1C	sUnknown_083FD880
0x083FD914	rom	0x4	sUnknown_083FD89C
0x083FD918	rom	0x4	sUnknown_083FD8A0
0x083FD91C	rom	0xC	sPhase2_Transition_Slice_Funcs
0x083FD928	rom	0x14	sPhase2_Transition_WhiteFade_Funcs
0x083FD93C	rom	0x10	sUnknown_083FD8C4
0x083FD94C	rom	0xC	sPhase2_Transition_GridSquares_Funcs
0x083FD958	rom	0x14	sPhase2_Transition_Shards_Funcs
0x083FD96C	rom	0x46	sUnknown_083FD8F4
0x083FD9B2	rom	0xE	sUnknown_083FD93A
0x083FD9C0	rom	0x8	sPhase1_TransitionAll_Funcs
0x083FD9C8	rom	0x8	sSpriteImageTable_83FD950
0x083FD9D0	rom	0x8	sSpriteAnim_83FD958
0x083FD9D8	rom	0x4	sSpriteAnimTable_83FD960
0x083FD9DC	rom	0x10	sSpriteAffineAnim_83FD964
0x083FD9EC	rom	0x10	sSpriteAffineAnim_83FD974
0x083FD9FC	rom	0x8	sSpriteAffineAnimTable_83FD984
0x083FDA04	rom	0x18	sSpriteTemplate_83FD98C
0x083FDA1C	rom	0x8	gOamData_83FD9A4
0x083FDA24	rom	0x8	sSpriteImageTable_83FD9AC
0x083FDA2C	rom	0x8	sSpriteImageTable_83FD9B4
0x083FDA34	rom	0x8	sSpriteAnim_83FD9BC
0x083FDA3C	rom	0x4	sSpriteAnimTable_83FD9C4
0x083FDA40	rom	0x18	sSpriteTemplate_83FD9C8
0x083FDA58	rom	0x18	sSpriteTemplate_83FD9E0
0x083FDA70	rom	0x20	gFieldEffectObjectPalette10
0x083FDA90	rom	0x8	gFieldEffectObjectPaletteInfo10
0x083FDA98	rom	0x20	sMugshotPal_Sydney
0x083FDAB8	rom	0x20	sMugshotPal_Phoebe
0x083FDAD8	rom	0x20	sMugshotPal_Glacia
0x083FDAF8	rom	0x20	sMugshotPal_Drake
0x083FDB18	rom	0x20	sMugshotPal_Steven
0x083FDB38	rom	0x20	sMugshotPal_Brendan
0x083FDB58	rom	0x20	sMugshotPal_May
0x083FDB78	rom	0x14	sOpponentMugshotsPals
0x083FDB8C	rom	0x8	sPlayerMugshotsPals
0x083FDB94	rom	0x20	sUnusedTrainerPalette
0x083FDBB4	rom	0x8	sSpritePalette_UnusedTrainer
0x083FDBBC	rom	0x4B0	sBigPokeball_Tilemap
0x083FE06C	rom	0x500	sMugshotsTilemap
0x083FE56C	rom	0xE4	gLinkPartnerBufferCommands
0x083FE650	rom	0x3	BattleText_UnknownString
0x083FE653	rom	0x1D	BattleText_GainExpPoints
0x083FE670	rom	0x1	BattleText_Terminator
0x083FE671	rom	0xB	BattleText_BoostedExp
0x083FE67C	rom	0x16	BattleText_GrewLevel
0x083FE692	rom	0x12	BattleText_LearnedMove
0x083FE6A4	rom	0x1B	BattleText_TryingToLearnMove
0x083FE6BF	rom	0x2B	BattleText_CantLearnMore
0x083FE6EA	rom	0x23	BattleText_DeleteMove
0x083FE70D	rom	0xF	BattleText_DeletedMove
0x083FE71C	rom	0x15	BattleText_StopLearning
0x083FE731	rom	0x16	BattleText_DidNotLearn
0x083FE747	rom	0x12	BattleText_UseNext
0x083FE759	rom	0x14	BattleText_AttackMissed
0x083FE76D	rom	0x15	BattleText_ProtectedItself
0x083FE782	rom	0x1B	BattleText_AvoidedDamage
0x083FE79D	rom	0x24	BattleText_GroundMoveNegate
0x083FE7C1	rom	0x17	BattleText_AvoidedAttack
0x083FE7D8	rom	0x18	BattleText_DoesntAffect
0x083FE7F0	rom	0xD	BattleText_AttackingFainted
0x083FE7FD	rom	0xD	BattleText_DefendingFainted
0x083FE80A	rom	0x19	BattleText_WinningPrize
0x083FE823	rom	0x1F	BattleText_OutOfUsablePoke
0x083FE842	rom	0x11	BattleText_WhitedOut
0x083FE853	rom	0x1D	BattleText_PreventEscape
0x083FE870	rom	0xF	BattleText_CantEscape
0x083FE87F	rom	0x11	BattleText_AttackingCantEscape
0x083FE890	rom	0x10	BattleText_HitMulti
0x083FE8A0	rom	0x10	BattleText_FellAsleep
0x083FE8B0	rom	0x17	BattleText_MadeAsleep
0x083FE8C7	rom	0x16	BattleText_DefendingAsleep
0x083FE8DD	rom	0x16	BattleText_AttackingAsleep
0x083FE8F3	rom	0x14	BattleText_WasntAffected
0x083FE907	rom	0x11	BattleText_Poisoned
0x083FE918	rom	0x15	BattleText_Poisoned2
0x083FE92D	rom	0x16	BattleText_PoisonHurt
0x083FE943	rom	0x18	BattleText_AlreadyPoisoned
0x083FE95B	rom	0x16	BattleText_BadlyPoisoned
0x083FE971	rom	0x1B	BattleText_EnergyDrained
0x083FE98C	rom	0xF	BattleText_Burned
0x083FE99B	rom	0x13	BattleText_Burned2
0x083FE9AE	rom	0x18	BattleText_BurnHurt
0x083FE9C6	rom	0x17	BattleText_AlreadyBurned
0x083FE9DD	rom	0x15	BattleText_Frozen
0x083FE9F2	rom	0x18	BattleText_Frozen2
0x083FEA0A	rom	0x14	BattleText_FrozenSolid
0x083FEA1E	rom	0x12	BattleText_DefendingDefrosted
0x083FEA30	rom	0x12	BattleText_AttackingDefrosted
0x083FEA42	rom	0x18	BattleText_Defrosted
0x083FEA5A	rom	0x2B	BattleText_Paralyzed
0x083FEA85	rom	0x30	BattleText_Paralyzed2
0x083FEAB5	rom	0x20	BattleText_Paralyzed3
0x083FEAD5	rom	0x19	BattleText_AlreadyParalyzed
0x083FEAEE	rom	0x1C	BattleText_ParalysisHealed
0x083FEB0A	rom	0x16	BattleText_DreamEaten
0x083FEB20	rom	0x19	BattleText_AttackingStatNoHigher
0x083FEB39	rom	0x18	BattleText_DefendingStatNoHigher
0x083FEB51	rom	0x20	BattleText_StoppedWorking
0x083FEB71	rom	0x1E	BattleText_StoppedWorking2
0x083FEB8F	rom	0x10	BattleText_Confused
0x083FEB9F	rom	0x1D	BattleText_ConfusionSnapOut
0x083FEBBC	rom	0x14	BattleText_BecameConfused
0x083FEBD0	rom	0x18	BattleText_AlreadyConfused
0x083FEBE8	rom	0x11	BattleText_FellLove
0x083FEBF9	rom	0x17	BattleText_InLoveWith
0x083FEC10	rom	0x1B	BattleText_ImmobilizedBy
0x083FEC2B	rom	0x13	BattleText_BlownAway
0x083FEC3E	rom	0x21	BattleText_TypeTransform
0x083FEC5F	rom	0xD	BattleText_Flinched
0x083FEC6C	rom	0x14	BattleText_RegainedHealth
0x083FEC80	rom	0x11	BattleText_HPFull
0x083FEC91	rom	0x18	BattleText_RaisedSpDef
0x083FECA9	rom	0x21	BattleText_RaisedSpDefLittle
0x083FECCA	rom	0x18	BattleText_RaisedDefense
0x083FECE2	rom	0x21	BattleText_RaisedDefenseLittle
0x083FED03	rom	0x19	BattleText_CoveredVeil
0x083FED1C	rom	0x1E	BattleText_SafeguardActive
0x083FED3A	rom	0x16	BattleText_SafeguardFaded
0x083FED50	rom	0x12	BattleText_WentToSleep
0x083FED62	rom	0x1D	BattleText_SpeltHealthy
0x083FED7F	rom	0x1B	BattleText_WhipWhirlwind
0x083FED9A	rom	0x15	BattleText_TookSunlight
0x083FEDAF	rom	0x15	BattleText_LoweredHead
0x083FEDC4	rom	0xF	BattleText_IsGlowing
0x083FEDD3	rom	0x11	BattleText_FlewHigh
0x083FEDE4	rom	0xF	BattleText_DugHole
0x083FEDF3	rom	0x13	BattleText_HidUnderwater
0x083FEE06	rom	0xE	BattleText_SprangUp
0x083FEE14	rom	0x1E	BattleText_SqueezedBind
0x083FEE32	rom	0x1E	BattleText_TrappedVortex
0x083FEE50	rom	0x1D	BattleText_SandTombTrapped
0x083FEE6D	rom	0x16	BattleText_Wrapped
0x083FEE83	rom	0xF	BattleText_Clamped
0x083FEE92	rom	0x12	BattleText_HurtBy
0x083FEEA4	rom	0x16	BattleText_FreedFrom
0x083FEEBA	rom	0x1B	BattleText_KeptGoingCrash
0x083FEED5	rom	0x1C	BattleText_MistShroud
0x083FEEF1	rom	0x19	BattleText_MistProtect
0x083FEF0A	rom	0x16	BattleText_GetPumped
0x083FEF20	rom	0x17	BattleText_HitRecoil
0x083FEF37	rom	0x15	BattleText_ProtectedItself2
0x083FEF4C	rom	0x21	BattleText_SandBuffeted
0x083FEF6D	rom	0x18	BattleText_HailStricken
0x083FEF85	rom	0x12	BattleText_WoreOff
0x083FEF97	rom	0xF	BattleText_WasSeeded
0x083FEFA6	rom	0x16	BattleText_EvadedAttack
0x083FEFBC	rom	0x25	BattleText_HealthSapped
0x083FEFE1	rom	0x13	BattleText_FastAsleep
0x083FEFF4	rom	0xC	BattleText_WokeUp
0x083FF000	rom	0x1F	BattleText_UproarAwake
0x083FF01F	rom	0x1A	BattleText_UproarWoke
0x083FF039	rom	0x15	BattleText_UproarCaused
0x083FF04E	rom	0x18	BattleText_UproarMaking
0x083FF066	rom	0x10	BattleText_CalmedDown
0x083FF076	rom	0x21	BattleText_UproarCantSleep
0x083FF097	rom	0x12	BattleText_Stockpiled
0x083FF0A9	rom	0x1D	BattleText_StockpiledCant
0x083FF0C6	rom	0x21	BattleText_UproarCantSleep2
0x083FF0E7	rom	0x1E	BattleText_UproarKeptAwake
0x083FF105	rom	0x1E	BattleText_StayedAwake
0x083FF123	rom	0x16	BattleText_StoringEnergy
0x083FF139	rom	0x15	BattleText_UnleashedEnergy
0x083FF14E	rom	0x23	BattleText_FatigueConfuse
0x083FF171	rom	0x13	BattleText_PickedUpYen
0x083FF184	rom	0x12	BattleText_Unaffected
0x083FF196	rom	0x18	BattleText_Transformed
0x083FF1AE	rom	0x16	BattleText_SubMade
0x083FF1C4	rom	0x1D	BattleText_SubAlready
0x083FF1E1	rom	0x24	BattleText_SubTookDamage
0x083FF205	rom	0x18	BattleText_SubFaded
0x083FF21D	rom	0x12	BattleText_MustRecharge
0x083FF22F	rom	0x17	BattleText_RageBuilding
0x083FF246	rom	0x16	BattleText_MoveWasDisabled
0x083FF25C	rom	0x18	BattleText_DisabledNoMore
0x083FF274	rom	0x12	BattleText_EncoreGot
0x083FF286	rom	0x13	BattleText_EncoreEnded
0x083FF299	rom	0x13	BattleText_TookAim
0x083FF2AC	rom	0x10	BattleText_SketchedMove
0x083FF2BC	rom	0x26	BattleText_DestinyBondTake
0x083FF2E2	rom	0x14	BattleText_DestinyBondTaken
0x083FF2F6	rom	0x17	BattleText_ReducedBy
0x083FF30D	rom	0x12	BattleText_StoleSomething
0x083FF31F	rom	0x15	BattleText_CantEscapeNow
0x083FF334	rom	0x1A	BattleText_NightmareStart
0x083FF34E	rom	0x1D	BattleText_NightmareLock
0x083FF36B	rom	0x2A	BattleText_CurseLay
0x083FF395	rom	0x1E	BattleText_CurseAfflict
0x083FF3B3	rom	0x30	BattleText_SpikesScattered
0x083FF3E3	rom	0x16	BattleText_SpikesHurt
0x083FF3F9	rom	0x12	BattleText_IdentifiedPoke
0x083FF40B	rom	0x1E	BattleText_PerishSongFell
0x083FF429	rom	0x12	BattleText_BracedItself
0x083FF43B	rom	0x14	BattleText_EnduredHit
0x083FF44F	rom	0xE	BattleText_MagnitudeCount
0x083FF45D	rom	0x28	BattleText_CutHPMaxATK
0x083FF485	rom	0x1D	BattleText_CopyStatChanges
0x083FF4A2	rom	0x18	BattleText_GotFreeFrom
0x083FF4BA	rom	0x14	BattleText_LeechShed
0x083FF4CE	rom	0x15	BattleText_SpikesBlownAway
0x083FF4E3	rom	0x15	BattleText_FledBattle
0x083FF4F8	rom	0x16	BattleText_ForesawAttack
0x083FF50E	rom	0x15	BattleText_TookAttack
0x083FF523	rom	0x1C	BattleText_ChoseDestiny
0x083FF53F	rom	0xD	BattleText_PokeAttack
0x083FF54C	rom	0x23	BattleText_CenterAttention
0x083FF56F	rom	0x19	BattleText_ChargingPower
0x083FF588	rom	0x1D	BattleText_NaturePower
0x083FF5A5	rom	0x20	BattleText_StatusNormal
0x083FF5C5	rom	0x1D	BattleText_TormentSubject
0x083FF5E2	rom	0x1C	BattleText_TightenFocus
0x083FF5FE	rom	0x17	BattleText_TauntFell
0x083FF615	rom	0x18	BattleText_ReadyToHelp
0x083FF62D	rom	0x25	BattleText_SwitchedItems
0x083FF652	rom	0x10	BattleText_Obtained1
0x083FF662	rom	0x10	BattleText_Obtained2
0x083FF672	rom	0x20	BattleText_Obtained3
0x083FF692	rom	0x13	BattleText_CopiedObject
0x083FF6A5	rom	0x10	BattleText_WishMade
0x083FF6B5	rom	0x15	BattleText_WishTrue
0x083FF6CA	rom	0x16	BattleText_PlantedRoots
0x083FF6E0	rom	0x26	BattleText_AbsorbNutrients
0x083FF706	rom	0x23	BattleText_AnchoredItself
0x083FF729	rom	0x13	BattleText_DrowsyMade
0x083FF73C	rom	0x18	BattleText_KnockedOffItem
0x083FF754	rom	0x28	BattleText_AbilitySwap
0x083FF77C	rom	0x22	BattleText_SealedMove
0x083FF79E	rom	0x28	BattleText_GrudgeBear
0x083FF7C6	rom	0x2B	BattleText_GrudgeLosePP
0x083FF7F1	rom	0x1A	BattleText_ShroudedItself
0x083FF80B	rom	0x28	BattleText_MagicCoatBounce
0x083FF833	rom	0x22	BattleText_AwaitMove
0x083FF855	rom	0x17	BattleText_SnatchedMove
0x083FF86C	rom	0x22	BattleText_ElecWeakened
0x083FF88E	rom	0x1B	BattleText_FireWeakened
0x083FF8A9	rom	0x11	BattleText_FoundOne
0x083FF8BA	rom	0x2A	BattleText_SoothingAroma
0x083FF8E4	rom	0x1C	BattleText_CantUseItems
0x083FF900	rom	0xE	BattleText_UnknownString2
0x083FF90E	rom	0x16	BattleText_HustleUse
0x083FF924	rom	0x25	BattleText_LostFocus
0x083FF949	rom	0x15	BattleText_DraggedOut
0x083FF95E	rom	0x14	BattleText_BrokeWall
0x083FF972	rom	0x16	BattleText_NoEffect
0x083FF988	rom	0x17	BattleText_NoMovesLeft
0x083FF99F	rom	0x16	BattleText_MoveIsDisabled
0x083FF9B5	rom	0x3F	BattleText_TormentNoUse
0x083FF9F4	rom	0x22	BattleText_TauntNoUse
0x083FFA16	rom	0x1D	BattleText_SealedNoUse
0x083FFA33	rom	0x16	BattleText_RainMade
0x083FFA49	rom	0x1A	BattleText_SpeedRisen
0x083FFA63	rom	0x18	BattleText_ProtectedBy
0x083FFA7B	rom	0x23	BattleText_PreventedBy
0x083FFA9E	rom	0x1D	BattleText_HPRestoredUsing
0x083FFABB	rom	0x19	BattleText_MadeUseless
0x083FFAD4	rom	0x1D	BattleText_MadeType
0x083FFAF1	rom	0x1C	BattleText_PreventedPara
0x083FFB0D	rom	0x1A	BattleText_PreventedRomance
0x083FFB27	rom	0x1C	BattleText_PreventedPoison
0x083FFB43	rom	0x1C	BattleText_PreventedConfusion
0x083FFB5F	rom	0x1F	BattleText_RaisedFirePower
0x083FFB7E	rom	0x1B	BattleText_AnchorsItself
0x083FFB99	rom	0x1A	BattleText_CutsAttack
0x083FFBB3	rom	0x1C	BattleText_PreventedStatLoss
0x083FFBCF	rom	0x11	BattleText_HurtOther
0x083FFBE0	rom	0x13	BattleText_Traced
0x083FFBF3	rom	0x18	BattleText_PreventedBurn
0x083FFC0B	rom	0x13	BattleText_BlocksOther
0x083FFC1E	rom	0x13	BattleText_BlocksOther2
0x083FFC31	rom	0x1A	BattleText_RestoredHPByItem
0x083FFC4B	rom	0x20	BattleText_WhipSandstorm
0x083FFC6B	rom	0x24	BattleText_SunIntensified
0x083FFC8F	rom	0x1A	BattleText_PreventedLoss
0x083FFCA9	rom	0x17	BattleText_InfatuatedPoke
0x083FFCC0	rom	0x1D	BattleText_MadeIneffective
0x083FFCDD	rom	0x1E	BattleText_CuredProblem
0x083FFCFB	rom	0x1E	BattleText_OozeSuckup
0x083FFD19	rom	0x10	BattleText_Transformed2
0x083FFD29	rom	0x19	BattleText_TookAttack2
0x083FFD42	rom	0x1D	BattleText_PreventedSwitch
0x083FFD5F	rom	0x28	BattleText_PreventedOther
0x083FFD87	rom	0x1D	BattleText_MadeIneffective2
0x083FFDA4	rom	0x1C	BattleText_PreventedFlinching
0x083FFDC0	rom	0x27	BattleText_PreventedOther2
0x083FFDE7	rom	0x1E	BattleText_CuredOfProblem
0x083FFE05	rom	0x1D	BattleText_NoEffectOn
0x083FFE22	rom	0x9	BattleText_Sharply
0x083FFE2B	rom	0x6	BattleText_Rose
0x083FFE31	rom	0x9	BattleText_Harshly
0x083FFE3A	rom	0x6	BattleText_Fell
0x083FFE40	rom	0xB	BattleText_UnknownString7
0x083FFE4B	rom	0xB	BattleText_UnknownString3
0x083FFE56	rom	0x1A	BattleText_UnknownString4
0x083FFE70	rom	0xB	BattleText_UnknownString5
0x083FFE7B	rom	0xB	BattleText_UnknownString6
0x083FFE86	rom	0x20	BattleText_StatNoHigher
0x083FFEA6	rom	0x1F	BattleText_StatNoLower
0x083FFEC5	rom	0x10	BattleText_Critical
0x083FFED5	rom	0x13	BattleText_GrandSlam
0x083FFEE8	rom	0x31	BattleText_MoveForget123
0x083FFF19	rom	0x8	BattleText_MoveForgetAnd
0x083FFF21	rom	0x22	BattleText_CantForgetHM
0x083FFF43	rom	0x1B	BattleText_NotEffective
0x083FFF5E	rom	0x16	BattleText_SuperEffective
0x083FFF74	rom	0x16	BattleText_GotAwaySafely
0x083FFF8A	rom	0x1B	BattleText_FledUsingItem
0x083FFFA5	rom	0x17	BattleText_FledUsingOther
0x083FFFBC	rom	0x12	BattleText_FledWild
0x083FFFCE	rom	0x14	BattleText_PlayerDefeatedTrainer
0x083FFFE2	rom	0x17	BattleText_PlayerDefeatedTrainers
0x083FFFF9	rom	0x18	BattleText_PlayerLostTrainer
0x08400011	rom	0x1A	BattleText_PlayerLostTrainers
0x0840002B	rom	0x18	BattleText_PlayerTiedTrainer
0x08400043	rom	0x1F	BattleText_PlayerTiedTrainers
0x08400062	rom	0xD	BattleText_FledSingle
0x0840006F	rom	0x14	BattleText_FledDouble
0x08400083	rom	0x2F	BattleText_NoRunning
0x084000B2	rom	0xF	BattleText_CantEscape2
0x084000C1	rom	0x2F	BattleText_BirchDontLeaveMe
0x084000F0	rom	0x16	BattleText_Nothing
0x08400106	rom	0xF	BattleText_Failed
0x08400115	rom	0x21	BattleText_HurtItself
0x08400136	rom	0x18	BattleText_MirrorFail
0x0840014E	rom	0x14	BattleText_RainStart
0x08400162	rom	0x14	BattleText_PourStart
0x08400176	rom	0x18	BattleText_RainCont1
0x0840018E	rom	0x18	BattleText_PourCont
0x084001A6	rom	0x12	BattleText_RainStop
0x084001B8	rom	0x14	BattleText_SandBrewed
0x084001CC	rom	0x15	BattleText_SandRages
0x084001E1	rom	0x18	BattleText_SandSubsided
0x084001F9	rom	0x19	BattleText_SunBright
0x08400212	rom	0x18	BattleText_SunStrong
0x0840022A	rom	0x14	BattleText_SunFaded
0x0840023E	rom	0x14	BattleText_HailStart
0x08400252	rom	0x18	BattleText_HailCont
0x0840026A	rom	0x13	BattleText_HailStop
0x0840027D	rom	0x22	BattleText_SpitUpFail
0x0840029F	rom	0x22	BattleText_SwallowFail
0x084002C1	rom	0x22	BattleText_WindHeatWave
0x084002E3	rom	0x22	BattleText_StatElim
0x08400305	rom	0x1C	BattleText_CoinScatter
0x08400321	rom	0x26	BattleText_SubWeak
0x08400347	rom	0x20	BattleText_PainSplit
0x08400367	rom	0xF	BattleText_BellChime
0x08400376	rom	0x2C	BattleText_PerishSong
0x084003A2	rom	0x23	BattleText_NoPP1
0x084003C5	rom	0x27	BattleText_NoPP2
0x084003EC	rom	0x20	BattleText_IgnoredOrdersSLP
0x0840040C	rom	0x13	BattleText_IgnoredOrders
0x0840041F	rom	0x11	BattleText_BeganNap
0x08400430	rom	0x16	BattleText_LoafingAround
0x08400446	rom	0xF	BattleText_WontObey
0x08400455	rom	0x10	BattleText_TurnedAway
0x08400465	rom	0x1C	BattleText_NotNotice
0x08400481	rom	0x32	BattleText_WillSwitch
0x084004B3	rom	0xF	BattleText_LearnedMove2
0x084004C2	rom	0x18	BattleText_PlayerDefeatedTrainer2
0x084004DA	rom	0x17	BattleText_CreptCloser
0x084004F1	rom	0x19	BattleText_CantGetCloser
0x0840050A	rom	0x1A	BattleText_WatchingCarefully
0x08400524	rom	0x1C	BattleText_CuriousAbout
0x08400540	rom	0x1C	BattleText_EnthralledBy
0x0840055C	rom	0x1E	BattleText_IgnoredThing
0x0840057A	rom	0x1C	BattleText_ThrewBlock
0x08400596	rom	0x37	BattleText_SafariOver
0x084005CD	rom	0x13	BattleText_WildAppeared1
0x084005E0	rom	0x13	BattleText_WildAppeared2
0x084005F3	rom	0x15	BattleText_WildAppeared3
0x08400608	rom	0x1A	BattleText_WildDoubleAppeared
0x08400622	rom	0x1D	BattleText_SingleWantToBattle1
0x0840063F	rom	0x14	BattleText_SingleWantToBattle2
0x08400653	rom	0x1A	BattleText_DoubleWantToBattle
0x0840066D	rom	0x13	BattleText_SentOutSingle1
0x08400680	rom	0x1A	BattleText_SentOutDouble1
0x0840069A	rom	0x13	BattleText_SentOutSingle2
0x084006AD	rom	0x10	BattleText_SentOutSingle3
0x084006BD	rom	0x17	BattleText_SentOutDouble2
0x084006D4	rom	0x20	BattleText_SentOutDouble3
0x084006F4	rom	0x10	BattleText_SentOutSingle4
0x08400704	rom	0x10	BattleText_SentOutSingle5
0x08400714	rom	0x8	BattleText_SentOutSingle6
0x0840071C	rom	0xF	BattleText_SentOutDouble4
0x0840072B	rom	0x8	BattleText_SentOutSingle7
0x08400733	rom	0xB	BattleText_SentOutSingle8
0x0840073E	rom	0xF	BattleText_SentOutSingle9
0x0840074D	rom	0x1C	BattleText_SentOutSingle10
0x08400769	rom	0x18	BattleText_SentOutSingle11
0x08400781	rom	0x1E	BattleText_ComeBackSingle1
0x0840079F	rom	0xF	BattleText_ComeBackSingle2
0x084007AE	rom	0x13	BattleText_ComeBackSingle3
0x084007C1	rom	0x15	BattleText_ComeBackSingle4
0x084007D6	rom	0x13	BattleText_WithdrewPoke1
0x084007E9	rom	0x10	BattleText_WithdrewPoke2
0x084007F9	rom	0x10	BattleText_WithdrewPoke3
0x08400809	rom	0x6	BattleText_Wild
0x0840080F	rom	0x5	BattleText_Foe
0x08400814	rom	0x5	BattleText_Foe2
0x08400819	rom	0x6	BattleText_Ally
0x0840081F	rom	0x5	BattleText_Foe3
0x08400824	rom	0x6	BattleText_Ally2
0x0840082A	rom	0x5	BattleText_Foe4
0x0840082F	rom	0x6	BattleText_Ally3
0x08400835	rom	0xB	BattleText_OpponentUsedMove
0x08400840	rom	0x2	BattleText_Exclamation2
0x08400842	rom	0x2	BattleText_Exclamation3
0x08400844	rom	0x2	BattleText_Exclamation4
0x08400846	rom	0x2	BattleText_Exclamation5
0x08400848	rom	0x2	BattleText_Exclamation
0x0840084A	rom	0x3	BattleStatText_HP
0x0840084D	rom	0x7	BattleStatText_Attack
0x08400854	rom	0x8	BattleStatText_Defense
0x0840085C	rom	0x6	BattleStatText_Speed
0x08400862	rom	0x8	BattleStatText_SpAtk
0x0840086A	rom	0x8	BattleStatText_SpDef
0x08400872	rom	0x9	BattleStatText_Accuracy
0x0840087B	rom	0xC	BattleStatText_Evasion
0x08400887	rom	0xF	ContestStatText_TooSpicy
0x08400896	rom	0xD	ContestStatText_TooDry
0x084008A3	rom	0xF	ContestStatText_TooSweet
0x084008B2	rom	0x10	ContestStatText_TooBitter
0x084008C2	rom	0xE	ContestStatText_TooSour
0x084008D0	rom	0xC	BattleText_Used1
0x084008DC	rom	0xF	BattleText_TutorialUsed
0x084008EB	rom	0xF	BattleText_Used2
0x084008FA	rom	0x1E	BattleText_BlockBall
0x08400918	rom	0x12	BattleText_DontBeAThief
0x0840092A	rom	0x39	BattleText_DodgeBall
0x08400963	rom	0x18	BattleText_MissPoke
0x0840097B	rom	0x20	BattleText_BallBrokeOhNo
0x0840099B	rom	0x1F	BattleText_BallBrokeAppeared
0x084009BA	rom	0x16	BattleText_BallBrokeAlmost
0x084009D0	rom	0x1D	BattleText_BallBrokeSoClose
0x084009ED	rom	0x1E	BattleText_BallCaught1
0x08400A0B	rom	0x20	BattleText_BallCaught2
0x08400A2B	rom	0x24	BattleText_GiveNickname
0x08400A4F	rom	0x16	BattleText_SentToPC
0x08400A65	rom	0xA	BattleText_Someone
0x08400A6F	rom	0xA	BattleText_Lanette
0x08400A79	rom	0x25	BattleText_AddedToDex
0x08400A9E	rom	0xF	BattleText_Raining
0x08400AAD	rom	0x17	BattleText_Sandstorm
0x08400AC4	rom	0x2C	BattleText_BoxFull
0x08400AF0	rom	0xD	BattleText_EnigmaBerry
0x08400AFD	rom	0x7	BattleText_Berry
0x08400B04	rom	0x19	BattleText_CuredParalysis
0x08400B1D	rom	0x16	BattleText_CuredPoison
0x08400B33	rom	0x19	BattleText_CuredBurn
0x08400B4C	rom	0x16	BattleText_CuredFreeze
0x08400B62	rom	0x20	BattleText_CuredSleep
0x08400B82	rom	0x25	BattleText_CuredConfusion
0x08400BA7	rom	0x1E	BattleText_CuredStatus
0x08400BC5	rom	0x1F	BattleText_NormalizedStatus
0x08400BE4	rom	0x19	BattleText_RestoredHealth
0x08400BFD	rom	0x1A	BattleText_RestoredPP
0x08400C17	rom	0x1D	BattleText_RestoredStatus
0x08400C34	rom	0x22	BattleText_RestoredHPLittle
0x08400C56	rom	0x1F	BattleText_ChoiceBand
0x08400C75	rom	0x19	BattleText_FocusSash
0x08400C8E	rom	0x1	BattleText_Terminator2
0x08400C8F	rom	0x33	BattleText_WallyBall
0x08400CC2	rom	0x16	BattleText_StartEvo
0x08400CD8	rom	0x2D	BattleText_FinishEvo
0x08400D05	rom	0x1B	BattleText_StopEvo
0x08400D20	rom	0x13	BattleText_OtherMenu
0x08400D33	rom	0x11	BattleText_PlayerMenu
0x08400D44	rom	0x14	BattleText_WallyMenu
0x08400D58	rom	0x13	BattleText_LinkStandby
0x08400D6B	rom	0x22	BattleText_MenuOptions
0x08400D8D	rom	0x23	BattleText_MenuOptionsSafari
0x08400DB0	rom	0x11	BattleText_PP
0x08400DC1	rom	0x9	BattleText_Format
0x08400DCA	rom	0x28	BattleText_ForgetMove
0x08400DF2	rom	0xF	BattleText_YesNo
0x08400E01	rom	0x16	BattleText_SwitchWhich
0x08400E17	rom	0x9	BattleText_Format2
0x08400E20	rom	0x2	BattleText_RightArrow
0x08400E22	rom	0x2	BattleText_Plus
0x08400E24	rom	0x2	BattleText_Dash
0x08400E26	rom	0x8	BattleText_HP
0x08400E2E	rom	0x8	BattleText_Attack
0x08400E36	rom	0x8	BattleText_Defense
0x08400E3E	rom	0x8	BattleText_SpAtk
0x08400E46	rom	0x8	BattleText_SpDef
0x08400E4E	rom	0x10	BattleText_SafariBalls
0x08400E5E	rom	0xA	BattleText_SafariBallsLeft
0x08400E68	rom	0x4	BattleText_HighlightRed
0x08400E6C	rom	0x6	BattleText_Sleep
0x08400E72	rom	0x7	BattleText_PoisonStatus
0x08400E79	rom	0x5	BattleText_Burn
0x08400E7E	rom	0xA	BattleText_Paralysis
0x08400E88	rom	0x4	BattleText_IceStatus
0x08400E8C	rom	0xA	BattleText_Confusion
0x08400E96	rom	0x5	BattleText_Love
0x08400E9B	rom	0x6	BattleText_Format3
0x08400EA1	rom	0x3	BattleText_Format4
0x08400EA4	rom	0x2	BattleText_Format5
0x08400EA6	rom	0x2	BattleText_Format6
0x08400EA8	rom	0x2	BattleText_Format7
0x08400EAA	rom	0x4	BattleText_Format8
0x08400EAE	rom	0x4	BattleText_Format9
0x08400EB2	rom	0x8	gBadEggNickname
0x08400EBA	rom	0x6	BattleText_Wally
0x08400EC0	rom	0x7	BattleText_Win
0x08400EC7	rom	0x8	BattleText_Loss
0x08400ECF	rom	0x7	BattleText_Tie
0x08400ED6	rom	0x4	BattleText_Format10
0x08400EDA	rom	0x3	BattleText_Format11
0x08400EDD	rom	0xE	BattleText_Normal
0x08400EEB	rom	0x10	BattleText_Fighting
0x08400EFB	rom	0xE	BattleText_Flying
0x08400F09	rom	0xE	BattleText_Poison
0x08400F17	rom	0xE	BattleText_Ground
0x08400F25	rom	0xC	BattleText_Rock
0x08400F31	rom	0xB	BattleText_Bug
0x08400F3C	rom	0xD	BattleText_Ghost
0x08400F49	rom	0xD	BattleText_Steel
0x08400F56	rom	0xB	BattleText_Typeless
0x08400F61	rom	0xC	BattleText_Fire
0x08400F6D	rom	0xD	BattleText_Water
0x08400F7A	rom	0xD	BattleText_Grass
0x08400F87	rom	0x11	BattleText_Electric
0x08400F98	rom	0xF	BattleText_Psychic
0x08400FA7	rom	0xC	BattleText_Ice
0x08400FB3	rom	0xE	BattleText_Dragon
0x08400FC1	rom	0xC	BattleText_Dark
0x08400FD0	rom	0x20	gUnknown_08400F58
0x08400FF0	rom	0x14	gUnknown_08400F78
0x08401004	rom	0x57C	gBattleStringsTable
0x08401580	rom	0xA	gMissStringIds
0x0840158A	rom	0xA	gNoEscapeStringIds
0x08401594	rom	0xC	gMoveWeatherChangeStringIds
0x084015A0	rom	0x4	gSandStormHailContinuesStringIds
0x084015A4	rom	0x4	gSandStormHailDmgStringIds
0x084015A8	rom	0x4	gSandStormHailEndStringIds
0x084015AC	rom	0x6	gRainContinuesStringIds
0x084015B2	rom	0x6	gProtectLikeUsedStringIds
0x084015B8	rom	0xC	gReflectLightScreenSafeguardStringIds
0x084015C4	rom	0xA	gLeechSeedStringIds
0x084015CE	rom	0x4	gRestUsedStringIds
0x084015D2	rom	0x4	gUproarOverTurnStringIds
0x084015D6	rom	0x4	gStockpileUsedStringIds
0x084015DA	rom	0x4	gWokeUpStringIds
0x084015DE	rom	0x4	gSwallowFailStringIds
0x084015E2	rom	0x6	gUproarAwakeStringIds
0x084015E8	rom	0xC	gStatUpStringIds
0x084015F4	rom	0x8	gStatDownStringIds
0x084015FC	rom	0x10	gFirstTurnOfTwoStringIds
0x0840160C	rom	0xC	gWrappedStringIds
0x08401618	rom	0x4	gMistUsedStringIds
0x0840161C	rom	0x4	gFocusEnergyUsedStringIds
0x08401620	rom	0x4	gTransformUsedStringIds
0x08401624	rom	0x4	gSubsituteUsedStringIds
0x08401628	rom	0x4	gGotPoisonedStringIds
0x0840162C	rom	0x4	gGotParalyzedStringIds
0x08401630	rom	0x4	gFellAsleepStringIds
0x08401634	rom	0x4	gGotBurnedStringIds
0x08401638	rom	0x4	gGotFrozenStringIds
0x0840163C	rom	0x4	gGotDefrostedStringIds
0x08401640	rom	0x8	gKOFailedStringIds
0x08401648	rom	0x4	gLeechSeedDrainStringIds
0x0840164C	rom	0x4	gSportsUsedStringIds
0x08401650	rom	0xA	gPartyStatusHealStringIds
0x0840165A	rom	0x4	gFutureMoveUsedStringIds
0x0840165E	rom	0x8	gBallEscapeStringIds
0x08401666	rom	0x20	gWeatherContinuesStringIds
0x08401686	rom	0x8	gInobedientStringIds
0x0840168E	rom	0x4	gSafariGetNearStringIds
0x08401692	rom	0x6	gSafariPokeblockResultStringIds
0x08401698	rom	0xC	gTrainerItemCuredStatusStringIds
0x084016A4	rom	0x4	gBerryEffectStringIds
0x084016A8	rom	0x6	gBRNPreventionStringIds
0x084016AE	rom	0x6	gPRLZPreventionStringIds
0x084016B4	rom	0x6	gPSNPreventionStringIds
0x084016BA	rom	0x6	gItemSwapStringIds
0x084016C0	rom	0x4	gFlashFireStringIds
0x084016C4	rom	0xE	gTrappingMoves
0x084016D4	rom	0x18	gUnknown_0840165C
0x084016EC	rom	0x48	gUnknown_08401674
0x08401734	rom	0xEC	gUnknown_084016BC
0x08401820	rom	0x8	gUnknown_084017A8
0x08401828	rom	0x20	sBattleTowerEntryMenuItems
0x08401848	rom	0x3	gUnknown_084017D0
0x0840184B	rom	0x3	gUnknown_084017D3
0x0840184E	rom	0x2	gUnknown_084017D6
0x08401850	rom	0x18	sBattleTowerEntryMenu
0x08401868	rom	0x18	sDaycareStorageMenuItems
0x08401880	rom	0x3	gUnknown_08401808
0x08401883	rom	0x2	gUnknown_0840180B
0x08401888	rom	0x10	sDaycareStorageMenus
0x08401898	rom	0x158	gCableCarMtChimneyTilemap
0x084019F0	rom	0x184	gCableCarTreeTilemap
0x08401B74	rom	0x1C4	gCableCarMountainTilemap
0x08401D38	rom	0x14	gCableCarPylonHookTilemapEntries
0x08401D4C	rom	0x24	gCableCarPylonStemTilemap
0x08401D70	rom	0x20	gUnknown_08401CF8
0x08401D90	rom	0x10	gUnknown_08401D18
0x08401DA0	rom	0x8	gOamData_8401D28
0x08401DA8	rom	0x8	gOamData_8401D30
0x08401DB0	rom	0x8	gOamData_8401D38
0x08401DB8	rom	0x48	gSpriteTemplate_8401D40
0x08401E1C	rom	0x70	sSaveBlockChunks
0x08401E8C	rom	0x10	sHallOfFameChunks
0x08401E9C	rom	0x2	sUnusedFlashSectors
0x08401EA0	rom	0x4	Str_842E238
0x08401EAA	rom	0x4	gShadowEffectTemplateIds
0x08401EAE	rom	0x8	gShadowVerticalOffsets
0x08401EB8	rom	0x8	gFadeFootprintsTireTracksFuncs
0x08401EC0	rom	0xC	gAshFieldEffectFuncs
0x08401ED8	rom	0x220	sContestAICmdTable
0x084020F8	rom	0xE4	gSafariBufferCommands
0x084021DC	rom	0x18	gSpriteAnim_8402164
0x084021F4	rom	0x4	gSpriteAnimTable_840217C
0x084021F8	rom	0x18	gBattleAnimSpriteTemplate_8402180
0x08402210	rom	0x18	gBattleAnimSpriteTemplate_8402198
0x08402228	rom	0x18	gBattleAnimSpriteTemplate_84021B0
0x08402240	rom	0x10	gSpriteAnim_84021C8
0x08402250	rom	0x4	gSpriteAnimTable_84021D8
0x08402254	rom	0x18	gBattleAnimSpriteTemplate_84021DC
0x0840226C	rom	0x18	gBattleAnimSpriteTemplate_84021F4
0x08402284	rom	0x18	gBattleAnimSpriteTemplate_840220C
0x0840229C	rom	0x20	gSpriteAffineAnim_8402224
0x084022BC	rom	0x18	gSpriteAffineAnim_8402244
0x084022D4	rom	0x8	gSpriteAffineAnimTable_840225C
0x084022DC	rom	0x18	gBattleAnimSpriteTemplate_8402264
0x084022F4	rom	0x18	gBattleAnimSpriteTemplate_840227C
0x0840230C	rom	0x18	gSpriteAnim_8402294
0x08402324	rom	0x4	gSpriteAnimTable_84022AC
0x08402328	rom	0x18	gBattleAnimSpriteTemplate_84022B0
0x08402340	rom	0x8	gSpriteAnim_84022C8
0x08402348	rom	0x4	gSpriteAnimTable_84022D0
0x0840234C	rom	0x18	gSpriteAffineAnim_84022D4
0x08402364	rom	0x4	gSpriteAffineAnimTable_84022EC
0x08402368	rom	0x18	gBattleAnimSpriteTemplate_84022F0
0x08402380	rom	0x14	gSpriteAnim_8402308
0x08402394	rom	0x4	gSpriteAnimTable_840231C
0x08402398	rom	0x18	gSpriteAffineAnim_8402320
0x084023B0	rom	0x4	gSpriteAffineAnimTable_8402338
0x084023B4	rom	0x18	gBattleAnimSpriteTemplate_840233C
0x084023CC	rom	0x18	gSpriteAffineAnim_8402354
0x084023E4	rom	0x18	gSpriteAffineAnim_840236C
0x084023FC	rom	0x8	gSpriteAffineAnimTable_8402384
0x08402404	rom	0x18	gBattleAnimSpriteTemplate_840238C
0x0840241C	rom	0x18	gBattleAnimSpriteTemplate_84023A4
0x08402434	rom	0x18	gBattleAnimSpriteTemplate_84023BC
0x0840244C	rom	0x10	gSpriteAnim_84023D4
0x0840245C	rom	0x4	gSpriteAnimTable_84023E4
0x08402460	rom	0x18	gBattleAnimSpriteTemplate_84023E8
0x08402478	rom	0x20	gUnknown_08402400
0x08402498	rom	0x8	gSpriteAnim_8402420
0x084024A0	rom	0x4	gSpriteAnimTable_8402428
0x084024A4	rom	0x28	gSpriteAffineAnim_840242C
0x084024CC	rom	0x4	gSpriteAffineAnimTable_8402454
0x084024D0	rom	0x18	gBattleAnimSpriteTemplate_8402458
0x084024E8	rom	0x24	gSpriteAnim_8402470
0x0840250C	rom	0x4	gSpriteAnimTable_8402494
0x08402510	rom	0x18	gBattleAnimSpriteTemplate_8402498
0x08402528	rom	0x20	gUnknown_084024B0
0x08402548	rom	0x18	gBattleAnimSpriteTemplate_84024D0
0x08402560	rom	0x18	gBattleAnimSpriteTemplate_84024E8
0x08402578	rom	0x18	gSpriteTemplate_8402500
0x08402590	rom	0x28	gUnknown_08402518
0x084025B8	rom	0x38	gUnknown_08402540
0x084025F0	rom	0x18	gBattleAnimSpriteTemplate_8402578
0x08402608	rom	0x30	gUnknown_08402590
0x08402638	rom	0x4	gUnknown_084025C0
0x0840263C	rom	0xC	gSpriteAnim_84025C4
0x08402648	rom	0x8	gSpriteAnim_84025D0
0x08402650	rom	0x8	gSpriteAnim_84025D8
0x08402658	rom	0xC	gSpriteAnimTable_84025E0
0x08402664	rom	0x18	gBattleAnimSpriteTemplate_84025EC
0x0840267C	rom	0x4	gUnknown_08402604
0x08402680	rom	0x5	gUnknown_08402608
0x08402688	rom	0x20	gUnknown_08402610
0x084026A8	rom	0x18	gBattleAnimSpriteTemplate_8402630
0x084026C0	rom	0x24	gSpriteAnim_8402648
0x084026E4	rom	0x24	gSpriteAnim_840266C
0x08402708	rom	0x8	gSpriteAnim_8402690
0x08402710	rom	0xC	gSpriteAnimTable_8402698
0x0840271C	rom	0x18	gBattleAnimSpriteTemplate_84026A4
0x08402734	rom	0x20	gUnknown_4026BC
0x08402754	rom	0x10	gSpriteAnim_84026DC
0x08402764	rom	0x4	gSpriteAnimTable_84026EC
0x08402768	rom	0x18	gBattleAnimSpriteTemplate_84026F0
0x08402780	rom	0x18	gBattleAnimSpriteTemplate_8402708
0x08402798	rom	0x18	gBattleAnimSpriteTemplate_8402720
0x084027B0	rom	0x18	gBattleAnimSpriteTemplate_8402738
0x084027C8	rom	0x30	gUnknown_08402750
0x084027F8	rom	0x20	gSpriteAffineAnim_8402780
0x08402818	rom	0x20	gSpriteAffineAnim_84027A0
0x08402838	rom	0x20	gSpriteAffineAnim_84027C0
0x08402858	rom	0xC	gSpriteAffineAnimTable_84027E0
0x08402864	rom	0x18	gBattleAnimSpriteTemplate_84027EC
0x0840287C	rom	0x20	gSpriteAffineAnim_8402804
0x0840289C	rom	0x20	gSpriteAffineAnim_8402824
0x084028BC	rom	0x20	gSpriteAffineAnim_8402844
0x084028DC	rom	0x20	gSpriteAffineAnim_8402864
0x084028FC	rom	0x10	gSpriteAffineAnimTable_8402884
0x0840290C	rom	0x18	gPinkSmokeTemplate
0x08402924	rom	0x20	gUnknown_084028AC
0x08402944	rom	0x18	gSpriteTemplate_84028CC
0x0840295C	rom	0x30	gUnknown_084028E4
0x0840298C	rom	0xC	gSpriteAnim_8402914
0x08402998	rom	0xC	gSpriteAnim_8402920
0x084029A4	rom	0x8	gSpriteAnimTable_840292C
0x084029AC	rom	0x18	gBattleAnimSpriteTemplate_8402934
0x084029C4	rom	0x18	gSpriteTemplate_840294C
0x084029DC	rom	0x18	gBattleAnimSpriteTemplate_8402964
0x084029F4	rom	0x10	gSpriteAffineAnim_840297C
0x08402A04	rom	0x18	gSpriteAffineAnim_840298C
0x08402A1C	rom	0x8	gSpriteAffineAnimTable_84029A4
0x08402A24	rom	0x18	gSpriteTemplate_84029AC
0x08402A3C	rom	0x18	gBattleAnimSpriteTemplate_84029C4
0x08402A54	rom	0x18	gUnknown_084029DC
0x08402A6C	rom	0x18	gBattleAnimSpriteTemplate_84029F4
0x08402A84	rom	0x18	gBattleAnimSpriteTemplate_8402A0C
0x08402A9C	rom	0x18	gBattleAnimSpriteTemplate_8402A24
0x08402AB4	rom	0x18	gBattleAnimSpriteTemplate_8402A3C
0x08402ACC	rom	0x18	gSpriteTemplate_8402A54
0x08402AE4	rom	0x18	gBattleAnimSpriteTemplate_8402A6C
0x08402AFC	rom	0x18	gSpriteTemplate_8402A84
0x08402B14	rom	0xC	gSpriteAnim_8402A9C
0x08402B20	rom	0x4	gSpriteAnimTable_8402AA8
0x08402B24	rom	0x18	gSpriteAffineAnim_8402AAC
0x08402B3C	rom	0x18	gSpriteAffineAnim_8402AC4
0x08402B54	rom	0x8	gSpriteAffineAnimTable_8402ADC
0x08402B5C	rom	0x18	gBattleAnimSpriteTemplate_8402AE4
0x08402B74	rom	0x10	gSpriteAffineAnim_8402AFC
0x08402B84	rom	0x4	gSpriteAffineAnimTable_8402B0C
0x08402B88	rom	0x18	gBattleAnimSpriteTemplate_8402B10
0x08402BA0	rom	0x30	gSlackOffSquishAffineAnimCmds
0x08402BD0	rom	0x20	gMoveTutorMenuArrows_Pal
0x08402BF0	rom	0x180	gMoveTutorMenuArrows_Gfx
0x08402D70	rom	0x10	gMoveTutorMenuWindowFrameDimensions
0x08402D80	rom	0x40	gMoveTutorMoveInfoHeaders
0x08402DC0	rom	0x4	unkDataFF00FFEF
0x08402DC4	rom	0x4	gTileBuffer_
0x08402DC8	rom	0x8	gOamData_8402D50
0x08402DD0	rom	0x8	gOamData_8402D58
0x08402DD8	rom	0x8	gOamData_8402D60
0x08402DE0	rom	0x8	gSpriteAnim_8402D68
0x08402DE8	rom	0x8	gSpriteAnim_8402D70
0x08402DF0	rom	0x8	gSpriteAnimTable_8402D78
0x08402DF8	rom	0x8	gMoveTutorMenuArrowsSpriteSheet
0x08402E00	rom	0x8	gMoveTutorMenuArrowsPalette
0x08402E08	rom	0x18	gSpriteTemplate_8402D90
0x08402E20	rom	0x8	gSpriteAnim_8402DA8
0x08402E28	rom	0x8	gSpriteAnim_8402DB0
0x08402E30	rom	0x8	gSpriteAnimTable_8402DB8
0x08402E38	rom	0x18	gSpriteTemplate_8402DC0
0x08402E50	rom	0x8	gSpriteAnim_8402DD8
0x08402E58	rom	0x8	gSpriteAnim_8402DE0
0x08402E60	rom	0x8	gSpriteAnim_8402DE8
0x08402E68	rom	0x8	gSpriteAnim_8402DF0
0x08402E70	rom	0x10	gSpriteAnimTable_8402DF8
0x08402E80	rom	0x18	gSpriteTemplate_8402E08
0x08402E98	rom	0x4	gString_AkitoMori
0x08402E9C	rom	0x15	sMoveInfoTextCoords
0x08402EB1	rom	0x4	sBattleMoveInfoCoordIds
0x08402EB5	rom	0x3	sContestMoveInfoCoordIds
0x08402EB8	rom	0x40	gDecorationInventories
0x08402EF8	rom	0x7E	sRoamerLocations
0x08402F78	rom	0x960	gBattleTowerTrainers
0x084038D8	rom	0x7E	sBattleTowerHeldItems
0x08403958	rom	0x12C0	gBattleTowerLevel50Mons
0x08404C18	rom	0x12C0	gBattleTowerLevel100Mons
0x08405ED8	rom	0x1E	sMaleTrainerClasses
0x08405EF6	rom	0x14	sFemaleTrainerClasses
0x08405F0A	rom	0x1E	sMaleTrainerGfxIds
0x08405F28	rom	0x14	sFemaleTrainerGfxIds
0x08405F3C	rom	0x16	gBattleTowerBannedSpecies
0x08405F52	rom	0xC	sShortStreakPrizes
0x08405F5E	rom	0x12	sLongStreakPrizes
0x08405F70	rom	0x20	ConditionUpDownPalette
0x08405F90	rom	0x200	ConditionUpDownTiles
0x08406190	rom	0x14	sContestStatsMonData
0x084061A4	rom	0x5	gUnknown_0840612C
0x084061AC	rom	0x14	sContestStatNames
0x084061C0	rom	0x8	gSpriteSheet_ConditionUpDown
0x084061C8	rom	0x8	gSpritePalette_ConditionUpDown
0x084061D0	rom	0x14	gUnknown_08406158
0x084061E4	rom	0x8	gOamData_840616C
0x084061EC	rom	0x8	gSpriteAnim_8406174
0x084061F4	rom	0x8	gSpriteAnim_840617C
0x084061FC	rom	0x8	gSpriteAnimTable_8406184
0x08406204	rom	0x18	gSpriteTemplate_840618C
0x0840621C	rom	0xE4	sWallyBufferCommands
0x08406300	rom	0x10	gPCText_OptionDescList
0x08406310	rom	0x20	sPlayerPCMenuActions
0x08406330	rom	0x4	gBedroomPC_OptionOrder
0x08406334	rom	0x3	gPlayerPC_OptionOrder
0x08406338	rom	0x20	gPCText_ItemPCOptionsText
0x08406358	rom	0x8	ResumeFromTossYesNoFuncList
0x08406360	rom	0x8	ResumeFromWithdrawYesNoFuncList
0x08406368	rom	0x8	gNewGamePCItems
0x08406370	rom	0x20	gMailboxMailOptions
0x08406390	rom	0x6	gNonSelectedItemFormattedText
0x08406396	rom	0x9	gSelectedItemFormattedText
0x0840639F	rom	0x3	gNonSelectedItemQuantityFormatText
0x084063A2	rom	0x6	gSelectedItemQuantityFormatText
0x084063A8	rom	0x4	gUnknown_08406330
0x084063B2	rom	0x6	gHighlightedMoveToBagFormatText
0x084063B8	rom	0x20	Palette_406340
0x084063D8	rom	0x20	Palette_406360
0x084063F8	rom	0x5F4	gIntroTiles
0x084069EC	rom	0x200	gIntro1BGPals
0x08406BEC	rom	0x3B4	gIntro1BG0_Tilemap
0x08406FA0	rom	0x334	gIntro1BG1_Tilemap
0x084072D4	rom	0x2F0	gIntro1BG2_Tilemap
0x084075C4	rom	0x218	gIntro1BG3_Tilemap
0x084077DC	rom	0x2170	gIntro1BGLeavesGfx
0x0840994C	rom	0x200	gIntro3PokeballPal
0x08409B4C	rom	0x130	gIntro3Pokeball_Tilemap
0x08409C7C	rom	0xB54	gIntro3Pokeball_Gfx
0x0840A7D0	rom	0x20	gIntro3Streaks_Pal
0x0840A7F0	rom	0x6C	gIntro3Streaks_Gfx
0x0840A85C	rom	0x13C	gIntro3Streaks_Tilemap
0x0840A998	rom	0x20	gIntro3Misc1Palette
0x0840A9B8	rom	0x20	gIntro3Misc2Palette
0x0840A9D8	rom	0x37C	gIntro3MiscTiles
0x0840AD54	rom	0x20	gIntro1EonPalette
0x0840AD74	rom	0xEC	gIntro1EonTiles
0x0840AE60	rom	0x8	gOamData_840ADE8
0x0840AE68	rom	0x8	gSpriteAnim_840ADF0
0x0840AE70	rom	0x8	gSpriteAnim_840ADF8
0x0840AE78	rom	0x8	gSpriteAnim_840AE00
0x0840AE80	rom	0x8	gSpriteAnim_840AE08
0x0840AE88	rom	0x10	gSpriteAnimTable_840AE10
0x0840AE98	rom	0x18	gSpriteTemplate_840AE20
0x0840AEB0	rom	0x14	Unknown_40AE38
0x0840AEC4	rom	0x14	Unknown_40AE4C
0x0840AED8	rom	0x10	Unknown_40AE60
0x0840AEE8	rom	0x10	Unknown_40AE70
0x0840AEF8	rom	0x10	gUnknown_0840AE80
0x0840AF08	rom	0x8	gOamData_840AE90
0x0840AF10	rom	0x8	gOamData_840AE98
0x0840AF18	rom	0x8	gOamData_840AEA0
0x0840AF20	rom	0x8	gSpriteAnim_840AEA8
0x0840AF28	rom	0x8	gSpriteAnim_840AEB0
0x0840AF30	rom	0x8	gSpriteAnim_840AEB8
0x0840AF38	rom	0x8	gSpriteAnim_840AEC0
0x0840AF40	rom	0x8	gSpriteAnim_840AEC8
0x0840AF48	rom	0x8	gSpriteAnim_840AED0
0x0840AF50	rom	0x8	gSpriteAnim_840AED8
0x0840AF58	rom	0x8	gSpriteAnim_840AEE0
0x0840AF60	rom	0x8	gSpriteAnim_840AEE8
0x0840AF68	rom	0x8	gSpriteAnim_840AEF0
0x0840AF70	rom	0x8	gSpriteAnim_840AEF8
0x0840AF78	rom	0x8	gSpriteAnim_840AF00
0x0840AF80	rom	0x8	gSpriteAnim_840AF08
0x0840AF88	rom	0x8	gSpriteAnim_840AF10
0x0840AF90	rom	0x1C	gSpriteAnimTable_840AF18
0x0840AFAC	rom	0x18	gSpriteAnimTable_840AF34
0x0840AFC4	rom	0x4	gSpriteAnimTable_840AF4C
0x0840AFC8	rom	0x24	gUnknown_0840AF50
0x0840AFEC	rom	0x20	gUnknown_0840AF74
0x0840B00C	rom	0x18	gSpriteTemplate_840AF94
0x0840B024	rom	0x18	gSpriteTemplate_840AFAC
0x0840B03C	rom	0x18	gSpriteTemplate_840AFC4
0x0840B054	rom	0x8	gOamData_840AFDC
0x0840B05C	rom	0x8	gSpriteAnim_840AFE4
0x0840B064	rom	0x4	gSpriteAnimTable_840AFEC
0x0840B068	rom	0x18	gSpriteTemplate_840AFF0
0x0840B080	rom	0x10	gUnknown_0840B008
0x0840B090	rom	0x10	gUnknown_0840B018
0x0840B0A0	rom	0x20	gUnknown_0840B028
0x0840B0C0	rom	0x8	gUnknown_0840B048
0x0840B0C8	rom	0x8	gUnknown_0840B050
0x0840B0D0	rom	0xC	gUnknown_0840B058
0x0840B0DC	rom	0xC	gUnknown_0840B064
0x0840B0E8	rom	0x8	gOamData_840B070
0x0840B0F0	rom	0x8	gSpriteAnim_840B078
0x0840B0F8	rom	0x4	gSpriteAnimTable_840B080
0x0840B0FC	rom	0x18	gSpriteTemplate_840B084
0x0840B114	rom	0x8	gOamData_840B09C
0x0840B11C	rom	0x8	gSpriteAnim_840B0A4
0x0840B124	rom	0x4	gSpriteAnimTable_840B0AC
0x0840B128	rom	0x18	gSpriteTemplate_840B0B0
0x0840B140	rom	0x8	gOamData_840B0C8
0x0840B148	rom	0x8	gSpriteAnim_840B0D0
0x0840B150	rom	0x4	gSpriteAnimTable_840B0D8
0x0840B154	rom	0x18	gSpriteTemplate_840B0DC
0x0840B16C	rom	0x18	gSpriteTemplate_840B0F4
0x0840B184	rom	0x8	gOamData_840B10C
0x0840B18C	rom	0xC	gSpriteAnim_840B114
0x0840B198	rom	0x4	gSpriteAnimTable_840B120
0x0840B19C	rom	0x18	gSpriteTemplate_840B124
0x0840B1B4	rom	0x8	gOamData_840B13C
0x0840B1BC	rom	0x8	gSpriteAnim_840B144
0x0840B1C4	rom	0x4	gSpriteAnimTable_840B14C
0x0840B1C8	rom	0x18	gSpriteTemplate_840B150
0x0840B1E0	rom	0x8	gUnknown_0840B168
0x0840B1E8	rom	0x18	gSpriteTemplate_840B170
0x0840B200	rom	0x14	gUnknown_0840B188
0x0840B214	rom	0x8	gOamData_840B19C
0x0840B21C	rom	0x8	gSpriteAnim_840B1A4
0x0840B224	rom	0x4	gSpriteAnimTable_840B1AC
0x0840B228	rom	0x18	gSpriteTemplate_840B1B0
0x0840B240	rom	0x18	gSpriteTemplate_840B1C8
0x0840B258	rom	0x8	gOamData_840B1E0
0x0840B260	rom	0x8	gSpriteAnim_840B1E8
0x0840B268	rom	0x4	gSpriteAnimTable_840B1F0
0x0840B26C	rom	0x18	gSpriteTemplate_840B1F4
0x0840B284	rom	0x10	gIntro3PokeballGfx_Table
0x0840B294	rom	0x10	gIntro3MiscGfx_Table
0x0840B2A4	rom	0x10	gInterfacePokeballPal_Table
0x0840B2B4	rom	0x18	gIntro3MiscPal_Table
0x0840B2CC	rom	0x4	ewram0arr
0x0840B2D0	rom	0x60	gBallOpenParticleSpritesheets
0x0840B330	rom	0x60	gBallOpenParticlePalettes
0x0840B390	rom	0x1C	gSpriteAnim_840B318
0x0840B3AC	rom	0x8	gSpriteAnim_840B334
0x0840B3B4	rom	0x8	gSpriteAnim_840B33C
0x0840B3BC	rom	0x8	gSpriteAnim_840B344
0x0840B3C4	rom	0xC	gSpriteAnim_840B34C
0x0840B3D0	rom	0x8	gSpriteAnim_840B358
0x0840B3D8	rom	0x18	gSpriteAnimTable_840B360
0x0840B3F0	rom	0xC	gBallOpenParticleAnimNums
0x0840B3FC	rom	0x30	gBallOpenParticleAnimationFuncs
0x0840B42C	rom	0x120	gSpriteTemplates_840B3B4
0x0840B54C	rom	0x28	gUnknown_0840B4D4
0x0840B574	rom	0x18	gBattleAnimSpriteTemplate_840B4FC
0x0840B58C	rom	0x8	sHallOfFame_ConfettiSpriteSheet
0x0840B594	rom	0x8	sUnused0
0x0840B59C	rom	0x8	sHallOfFame_ConfettiSpritePalette
0x0840B5A4	rom	0x8	sUnused1
0x0840B5AC	rom	0x30	sHallOfFame_MonsFullTeamPositions
0x0840B5DC	rom	0x18	sHallOfFame_MonsHalfTeamPositions
0x0840B5F4	rom	0x14	sPCScreenEffectTemplate
0x0840B608	rom	0x6	sUnused2
0x0840B610	rom	0x8	sOamData_840B598
0x0840B618	rom	0x1C	gUnknown_0840B5A0
0x0840B634	rom	0x20	sSpriteImageTable_840B5BC
0x0840B654	rom	0x20	sSpriteImageTable_840B5DC
0x0840B674	rom	0x20	sSpriteImageTable_840B5FC
0x0840B694	rom	0x20	sSpriteImageTable_840B61C
0x0840B6B4	rom	0x20	sSpriteImageTable_840B63C
0x0840B6D4	rom	0x20	sSpriteImageTable_840B65C
0x0840B6F4	rom	0x20	sSpriteImageTable_840B67C
0x0840B714	rom	0x1C	sUnknown_0840B69C
0x0840B730	rom	0x18	sUnknown_0840B6B8
0x0840B748	rom	0x8	sOamData_840B6D0
0x0840B750	rom	0x8	sSpriteAnim_840B6D8
0x0840B758	rom	0x8	sSpriteAnim_840B6E0
0x0840B760	rom	0x8	sSpriteAnim_840B6E8
0x0840B768	rom	0x8	sSpriteAnim_840B6F0
0x0840B770	rom	0x8	sSpriteAnim_840B6F8
0x0840B778	rom	0x8	sSpriteAnim_840B700
0x0840B780	rom	0x8	sSpriteAnim_840B708
0x0840B788	rom	0x8	sSpriteAnim_840B710
0x0840B790	rom	0x8	sSpriteAnim_840B718
0x0840B798	rom	0x8	sSpriteAnim_840B720
0x0840B7A0	rom	0x8	sSpriteAnim_840B728
0x0840B7A8	rom	0x8	sSpriteAnim_840B730
0x0840B7B0	rom	0x8	sSpriteAnim_840B738
0x0840B7B8	rom	0x8	sSpriteAnim_840B740
0x0840B7C0	rom	0x8	sSpriteAnim_840B748
0x0840B7C8	rom	0x8	sSpriteAnim_840B750
0x0840B7D0	rom	0x8	sSpriteAnim_840B758
0x0840B7D8	rom	0x44	sSpriteAnimTable_840B760
0x0840B81C	rom	0x18	sSpriteTemplate_840B7A4
0x0840B834	rom	0x40	gUnknown_0840B7BC
0x0840B874	rom	0x40	gUnknown_0840B7FC
0x0840B8B4	rom	0xF	sTheEnd_LetterMap_T
0x0840B8C3	rom	0xF	sTheEnd_LetterMap_H
0x0840B8D2	rom	0xF	sTheEnd_LetterMap_E
0x0840B8E1	rom	0xF	sTheEnd_LetterMap_N
0x0840B8F0	rom	0xF	sTheEnd_LetterMap_D
0x0840B8FF	rom	0xB	Category_Credits
0x0840B90A	rom	0x16	Category_ExecutiveDirector
0x0840B920	rom	0xC	Category_Director
0x0840B92C	rom	0x10	Category_ArtDirector
0x0840B93C	rom	0x13	Category_BattleDirector
0x0840B94F	rom	0x13	Category_MainProgrammer
0x0840B962	rom	0x1C	Category_BattleSystemProgrammer
0x0840B97E	rom	0x1B	Category_FieldSystemProgrammer
0x0840B999	rom	0xF	Category_Programmers
0x0840B9A8	rom	0x19	Category_MainGraphicDesigner
0x0840B9C1	rom	0x1F	Category_POKeMONGraphicDesigners
0x0840B9E0	rom	0x15	Category_POKeMONDesigners
0x0840B9F5	rom	0x15	Category_MusicComposition
0x0840BA0A	rom	0x22	Category_SoundEffectsPOKeMONVoices
0x0840BA2C	rom	0x12	Category_GameDesigners
0x0840BA3E	rom	0x11	Category_PlotScenario
0x0840BA4F	rom	0x11	Category_GameScenario
0x0840BA60	rom	0x14	Category_ScriptDesigners
0x0840BA74	rom	0x11	Category_MapDesigners
0x0840BA85	rom	0x16	Category_MapDataDesigners
0x0840BA9B	rom	0x18	Category_ParametricDesigners
0x0840BAB3	rom	0x10	Category_POKeDEXText
0x0840BAC3	rom	0x22	Category_EnvironmentToolProgrammers
0x0840BAE5	rom	0x13	Category_ProductTesting
0x0840BAF8	rom	0x12	Category_SpecialThanks
0x0840BB0A	rom	0x10	Category_Coordinators
0x0840BB1A	rom	0xD	Category_Producers
0x0840BB27	rom	0x17	Category_ExecutiveProducers
0x0840BB3E	rom	0x1B	Category_InformationSupervisors
0x0840BB59	rom	0x11	Category_TaskManagers
0x0840BB6A	rom	0x16	Category_BrailleCodeCheck
0x0840BB80	rom	0x20	Category_EnglishVersionCoordinators
0x0840BBA0	rom	0xE	Category_Translator
0x0840BBAE	rom	0x13	Category_ProductSupport
0x0840BBC1	rom	0xB	Category_Artwork
0x0840BBCC	rom	0xF	Category_TextEditor
0x0840BBDB	rom	0x17	Category_NOAProductTesting
0x0840BBF2	rom	0x15	Category_GraphicDesigners
0x0840BC07	rom	0xF	Text_SatoshiTajiri
0x0840BC16	rom	0xF	Text_Masuda
0x0840BC25	rom	0xD	Text_Sugimori
0x0840BC32	rom	0x11	Text_Morimoto
0x0840BC43	rom	0x11	Text_TetsuyaWatanabe
0x0840BC54	rom	0xF	Text_Sogabe
0x0840BC63	rom	0xF	Text_Tamada
0x0840BC72	rom	0xB	Text_Mori
0x0840BC7D	rom	0xD	Text_Kagaya
0x0840BC8A	rom	0x12	Text_Matsuda
0x0840BC9C	rom	0x12	Text_HiroyukiNakamura
0x0840BCAE	rom	0xB	Text_Taya
0x0840BCB9	rom	0xF	Text_Nohara
0x0840BCC8	rom	0xF	Text_TomomichiOhta
0x0840BCD7	rom	0xF	Text_Iwasawa
0x0840BCE6	rom	0xE	Text_TakenoriOhta
0x0840BCF4	rom	0x11	Text_Yoshida
0x0840BD05	rom	0x12	Text_Fujiwara
0x0840BD17	rom	0xD	Text_SatoshiOhta
0x0840BD24	rom	0xF	Text_Iwashita
0x0840BD33	rom	0xC	Text_Tomita
0x0840BD3F	rom	0xB	Text_Unno
0x0840BD4A	rom	0xA	Text_Eo
0x0840BD54	rom	0xC	Text_Okutani
0x0840BD60	rom	0xF	Text_Nishida
0x0840BD6F	rom	0xC	Text_Saito
0x0840BD7B	rom	0xF	Text_Yoshikawa
0x0840BD8A	rom	0xC	Text_Ichinose
0x0840BD96	rom	0xE	Text_Aoki
0x0840BDA4	rom	0xD	Text_Nishino
0x0840BDB1	rom	0x11	Text_Matsushima
0x0840BDC2	rom	0xD	Text_TetsujiOhta
0x0840BDCF	rom	0xC	Text_Sato
0x0840BDDB	rom	0x14	Text_Kawachimaru
0x0840BDEF	rom	0x15	Text_Shimoyamada
0x0840BE04	rom	0xF	Text_Ohmori
0x0840BE13	rom	0x12	Text_Takahashi
0x0840BE25	rom	0x14	Text_ToshinobuMatsumiya
0x0840BE39	rom	0x11	Text_Tomisawa
0x0840BE4A	rom	0xF	Text_Enomoto
0x0840BE59	rom	0x10	Text_Terada
0x0840BE69	rom	0xD	Text_Sakurai
0x0840BE76	rom	0xE	Text_Sagawa
0x0840BE84	rom	0xF	Text_Tominaga
0x0840BE93	rom	0xE	Text_YoshioTajiri
0x0840BEA1	rom	0xD	Text_Sasaki
0x0840BEAE	rom	0xF	Text_Hamano
0x0840BEBD	rom	0xF	Text_ChieMatsumiya
0x0840BECC	rom	0x10	Text_Shinozaki
0x0840BEDC	rom	0xD	Text_Fujii
0x0840BEE9	rom	0x15	Text_SuperMarioClub
0x0840BEFE	rom	0xD	Text_Tada
0x0840BF0B	rom	0x11	Text_Ohnishi
0x0840BF1C	rom	0x11	Text_Okamura
0x0840BF2D	rom	0xE	Text_HiroNakamura
0x0840BF3B	rom	0x10	Text_Uesugi
0x0840BF4B	rom	0x10	Text_Murakawa
0x0840BF5B	rom	0xE	Text_Kinashi
0x0840BF69	rom	0x11	Text_Takizawa
0x0840BF7A	rom	0xE	Text_Takada
0x0840BF88	rom	0xE	Text_Kondo
0x0840BF96	rom	0xB	Text_Mashima
0x0840BFA1	rom	0xE	Text_Nomoto
0x0840BFAF	rom	0x10	Text_Izushi
0x0840BFBF	rom	0x11	Text_Yamagami
0x0840BFD0	rom	0xF	Text_KyokoWatanabe
0x0840BFDF	rom	0xD	Text_Nakano
0x0840BFEC	rom	0x10	Text_Jinnai
0x0840BFFC	rom	0xE	Text_Tsuru
0x0840C00A	rom	0x12	Text_Ishihara
0x0840C01C	rom	0xD	Text_Iwata
0x0840C029	rom	0xE	Text_Suyama
0x0840C037	rom	0x12	Text_Mitsuhara
0x0840C049	rom	0x16	Text_JapanBrailleLibrary
0x0840C05F	rom	0x10	Text_Komura
0x0840C06F	rom	0xE	Text_Ohashi
0x0840C07D	rom	0xE	Text_McMahill
0x0840C08B	rom	0xE	Text_Ogasawara
0x0840C099	rom	0x11	Text_Yamamoto
0x0840C0AA	rom	0x13	Text_Funakoshi
0x0840C0BD	rom	0x12	Text_Fujihara
0x0840C0CF	rom	0x11	Text_Nakamichi
0x0840C0E0	rom	0xD	Text_Hara
0x0840C0ED	rom	0xE	Text_Okada
0x0840C0FB	rom	0x11	Text_Lillygren
0x0840C10C	rom	0xF	Text_Hertzog
0x0840C11B	rom	0xC	Text_Ridgeway
0x0840C127	rom	0x21	Text_NFotB
0x0840C148	rom	0x13	Text_Maurer
0x0840C15B	rom	0x15	Text_Ford
0x0840C170	rom	0x14	Text_Barlow
0x0840C184	rom	0xB	Text_Uyama
0x0840C18F	rom	0xF	Text_Howitt
0x0840C19E	rom	0xC	Text_Tilden
0x0840C1AA	rom	0x15	Text_EBU
0x0840C1BF	rom	0x1D	Text_ABA
0x0840C1DC	rom	0x2B	Text_RNZFotB
0x0840C207	rom	0x1	Text_CreditsTerminator
0x0840C208	rom	0x1C	Text_Version
0x0840C224	rom	0x8	CreditsTerminator
0x0840C22C	rom	0x8	CreditsVersion
0x0840C234	rom	0x8	CreditsCredits
0x0840C23C	rom	0x8	CreditsExecutiveDirector
0x0840C244	rom	0x8	CreditsDirector
0x0840C24C	rom	0x8	CreditsArtDirector
0x0840C254	rom	0x8	CreditsBattleDirector
0x0840C25C	rom	0x8	CreditsMainProgrammer
0x0840C264	rom	0x8	CreditsBattleSystemProgrammer
0x0840C26C	rom	0x8	CreditsFieldSystemProgrammer
0x0840C274	rom	0x8	CreditsProgrammers
0x0840C27C	rom	0x8	CreditsMainGraphicDesigner
0x0840C284	rom	0x8	CreditsPOKeMONGraphicDesigners
0x0840C28C	rom	0x8	CreditsPOKeMONDesigners
0x0840C294	rom	0x8	CreditsMusicComposition
0x0840C29C	rom	0x8	CreditsSoundEffectsPOKeMONVoices
0x0840C2A4	rom	0x8	CreditsGameDesigners
0x0840C2AC	rom	0x8	CreditsPlotScenario
0x0840C2B4	rom	0x8	CreditsGameScenario
0x0840C2BC	rom	0x8	CreditsScriptDesigners
0x0840C2C4	rom	0x8	CreditsMapDesigners
0x0840C2CC	rom	0x8	CreditsMapDataDesigners
0x0840C2D4	rom	0x8	CreditsParametricDesigners
0x0840C2DC	rom	0x8	CreditsPOKeDEXText
0x0840C2E4	rom	0x8	CreditsEnvironmentToolProgrammers
0x0840C2EC	rom	0x8	CreditsProductTesting
0x0840C2F4	rom	0x8	CreditsSpecialThanks
0x0840C2FC	rom	0x8	CreditsCoordinators
0x0840C304	rom	0x8	CreditsProducers
0x0840C30C	rom	0x8	CreditsExecutiveProducers
0x0840C314	rom	0x8	CreditsInformationSupervisors
0x0840C31C	rom	0x8	CreditsTaskManagers
0x0840C324	rom	0x8	CreditsBrailleCodeCheck
0x0840C32C	rom	0x8	CreditsSatoshiTajiri
0x0840C334	rom	0x8	CreditsMasuda
0x0840C33C	rom	0x8	CreditsSugimori
0x0840C344	rom	0x8	CreditsMorimoto
0x0840C34C	rom	0x8	CreditsTetsuyaWatanabe
0x0840C354	rom	0x8	CreditsSogabe
0x0840C35C	rom	0x8	CreditsTamada
0x0840C364	rom	0x8	CreditsMori
0x0840C36C	rom	0x8	CreditsKagaya
0x0840C374	rom	0x8	CreditsMatsuda
0x0840C37C	rom	0x8	CreditsHiroyukiNakamura
0x0840C384	rom	0x8	CreditsTaya
0x0840C38C	rom	0x8	CreditsNohara
0x0840C394	rom	0x8	CreditsTomomichiOhta
0x0840C39C	rom	0x8	CreditsIwasawa
0x0840C3A4	rom	0x8	CreditsTakenoriOhta
0x0840C3AC	rom	0x8	CreditsYoshida
0x0840C3B4	rom	0x8	CreditsFujiwara
0x0840C3BC	rom	0x8	CreditsSatoshiOhta
0x0840C3C4	rom	0x8	CreditsIwashita
0x0840C3CC	rom	0x8	CreditsTomita
0x0840C3D4	rom	0x8	CreditsUnno
0x0840C3DC	rom	0x8	CreditsEo
0x0840C3E4	rom	0x8	CreditsOkutani
0x0840C3EC	rom	0x8	CreditsNishida
0x0840C3F4	rom	0x8	CreditsSaito
0x0840C3FC	rom	0x8	CreditsYoshikawa
0x0840C404	rom	0x8	CreditsIchinose
0x0840C40C	rom	0x8	CreditsAoki
0x0840C414	rom	0x8	CreditsNishino
0x0840C41C	rom	0x8	CreditsMatsushima
0x0840C424	rom	0x8	CreditsTetsujiOhta
0x0840C42C	rom	0x8	CreditsSato
0x0840C434	rom	0x8	CreditsKawachimaru
0x0840C43C	rom	0x8	CreditsShimoyamada
0x0840C444	rom	0x8	CreditsOhmori
0x0840C44C	rom	0x8	CreditsTakahashi
0x0840C454	rom	0x8	CreditsToshinobuMatsumiya
0x0840C45C	rom	0x8	CreditsTomisawa
0x0840C464	rom	0x8	CreditsEnomoto
0x0840C46C	rom	0x8	CreditsTerada
0x0840C474	rom	0x8	CreditsSakurai
0x0840C47C	rom	0x8	CreditsSagawa
0x0840C484	rom	0x8	CreditsTominaga
0x0840C48C	rom	0x8	CreditsYoshiroTajiri
0x0840C494	rom	0x8	CreditsSasaki
0x0840C49C	rom	0x8	CreditsHamano
0x0840C4A4	rom	0x8	CreditsChieMatsumiya
0x0840C4AC	rom	0x8	CreditsShinozaki
0x0840C4B4	rom	0x8	CreditsFujii
0x0840C4BC	rom	0x8	CreditsSuperMarioClub
0x0840C4C4	rom	0x8	CreditsTada
0x0840C4CC	rom	0x8	CreditsOhnishi
0x0840C4D4	rom	0x8	CreditsOkamura
0x0840C4DC	rom	0x8	CreditsHiroNakamura
0x0840C4E4	rom	0x8	CreditsUesugi
0x0840C4EC	rom	0x8	CreditsMurakawa
0x0840C4F4	rom	0x8	CreditsKinashi
0x0840C4FC	rom	0x8	CreditsTakizawa
0x0840C504	rom	0x8	CreditsTakada
0x0840C50C	rom	0x8	CreditsKondo
0x0840C514	rom	0x8	CreditsMashima
0x0840C51C	rom	0x8	CreditsNomoto
0x0840C524	rom	0x8	CreditsIzushi
0x0840C52C	rom	0x8	CreditsYamagami
0x0840C534	rom	0x8	CreditsKyokoWatanabe
0x0840C53C	rom	0x8	CreditsNakano
0x0840C544	rom	0x8	CreditsJinnai
0x0840C54C	rom	0x8	CreditsTsuru
0x0840C554	rom	0x8	CreditsIshihara
0x0840C55C	rom	0x8	CreditsIwata
0x0840C564	rom	0x8	CreditsSuyama
0x0840C56C	rom	0x8	CreditsMitsuhara
0x0840C574	rom	0x8	CreditsJapanBrailleLibrary
0x0840C57C	rom	0x8	CreditsKomura
0x0840C584	rom	0x8	CreditsOhashi
0x0840C58C	rom	0x8	CreditsEnglishVersionCoordinators
0x0840C594	rom	0x8	CreditsTranslator
0x0840C59C	rom	0x8	CreditsProductSupport
0x0840C5A4	rom	0x8	CreditsArtwork
0x0840C5AC	rom	0x8	CreditsTextEditor
0x0840C5B4	rom	0x8	CreditsNOAProductTesting
0x0840C5BC	rom	0x8	CreditsGraphicDesigners
0x0840C5C4	rom	0x8	CreditsMcMahill
0x0840C5CC	rom	0x8	CreditsOgasawara
0x0840C5D4	rom	0x8	CreditsYamamoto
0x0840C5DC	rom	0x8	CreditsFunakoshi
0x0840C5E4	rom	0x8	CreditsFujihara
0x0840C5EC	rom	0x8	CreditsNakamichi
0x0840C5F4	rom	0x8	CreditsHara
0x0840C5FC	rom	0x8	CreditsOkada
0x0840C604	rom	0x8	CreditsLillygren
0x0840C60C	rom	0x8	CreditsHertzog
0x0840C614	rom	0x8	CreditsRidgeway
0x0840C61C	rom	0x8	CreditsNFotB
0x0840C624	rom	0x8	CreditsMaurer
0x0840C62C	rom	0x8	CreditsFord
0x0840C634	rom	0x8	CreditsBarlow
0x0840C63C	rom	0x8	CreditsUyama
0x0840C644	rom	0x8	CreditsHowitt
0x0840C64C	rom	0x8	CreditsTilden
0x0840C654	rom	0x8	CreditsEBU
0x0840C65C	rom	0x8	CreditsABA
0x0840C664	rom	0x8	CreditsRNZFotB
0x0840C66C	rom	0x410	gCreditsEntryPointerTable
0x0840CA7C	rom	0x6	sMonSpritePos
0x0840CA84	rom	0x14	gSpriteAnim_840CA08
0x0840CA98	rom	0x14	gSpriteAnim_840CA1C
0x0840CAAC	rom	0x10	gSpriteAnim_840CA30
0x0840CABC	rom	0x14	gSpriteAnim_840CA40
0x0840CAD0	rom	0x10	gSpriteAnimTable_0840CA54
0x0840CAE0	rom	0x14	gSpriteAnim_840CA64
0x0840CAF4	rom	0x14	gSpriteAnim_840CA78
0x0840CB08	rom	0x8	gSpriteAnim_840CA8C
0x0840CB10	rom	0xC	gSpriteAnimTable_0840CA94
0x0840CB1C	rom	0x10	gUnknown_0840CAA0
0x0840CB2C	rom	0x10	gUnknown_0840CAB0
0x0840CB3C	rom	0x8	gOamData_840CAC0
0x0840CB44	rom	0x8	gSpriteAnim_840CAC8
0x0840CB4C	rom	0x8	gSpriteAnim_840CAD0
0x0840CB54	rom	0x8	gSpriteAnim_840CAD8
0x0840CB5C	rom	0xC	gSpriteAnimTable_840CAE0
0x0840CB68	rom	0x18	gSpriteTemplate_840CAEC
0x0840CB80	rom	0x8	sLotteryPrizes
0x0840CB88	rom	0x40	gDiplomaPalettes
0x0840CBC8	rom	0x73C	gDiplomaTilemap
0x0840D304	rom	0x9F8	gDiplomaTiles
0x0840DCFC	rom	0x1	gExpandedPlaceholder_Empty
0x0840DCFD	rom	0x1	gExpandedPlaceholder_Kun
0x0840DCFE	rom	0x1	gExpandedPlaceholder_Chan
0x0840DCFF	rom	0x9	gExpandedPlaceholder_Sapphire
0x0840DD08	rom	0x5	gExpandedPlaceholder_Ruby
0x0840DD0D	rom	0x5	gExpandedPlaceholder_Aqua
0x0840DD12	rom	0x6	gExpandedPlaceholder_Magma
0x0840DD18	rom	0x7	gExpandedPlaceholder_Archie
0x0840DD1F	rom	0x6	gExpandedPlaceholder_Maxie
0x0840DD25	rom	0x7	gExpandedPlaceholder_Kyogre
0x0840DD2C	rom	0x8	gExpandedPlaceholder_Groudon
0x0840DD34	rom	0x8	gExpandedPlaceholder_Brendan
0x0840DD3C	rom	0x4	gExpandedPlaceholder_May
0x0840DD40	rom	0x4	gText_EggNickname
0x0840DD44	rom	0x8	gText_Pokemon
0x0840DD4C	rom	0x9	gMainMenuString_NewGame
0x0840DD55	rom	0x9	gMainMenuString_Continue
0x0840DD5E	rom	0x7	gMainMenuString_Option
0x0840DD65	rom	0xF	gMainMenuString_MysteryEvents
0x0840DD74	rom	0x35	SystemText_UpdatingSaveExternal
0x0840DDA9	rom	0x20	SystemText_SaveUpdated
0x0840DDC9	rom	0xB4	SystemText_SaveUpdatedExchangeBackup
0x0840DE7D	rom	0x80	SystemText_SaveNotUpdated
0x0840DEFD	rom	0x41	gSaveFileCorruptMessage
0x0840DF3E	rom	0x23	gSaveFileDeletedMessage
0x0840DF61	rom	0x2B	gBoardNotInstalledMessage
0x0840DF8C	rom	0x6C	gBatteryDryMessage
0x0840DFF8	rom	0x7	gMainMenuString_Player
0x0840DFFF	rom	0x8	gMainMenuString_Pokedex
0x0840E007	rom	0x5	gMainMenuString_Time
0x0840E00C	rom	0x7	gMainMenuString_Badges
0x0840E013	rom	0x4	gBirchText_Boy
0x0840E017	rom	0x5	gBirchText_Girl
0x0840E01C	rom	0x9	gBirchText_NewName
0x0840E025	rom	0x5	gDefaultBoyName1
0x0840E02A	rom	0x6	gDefaultBoyName2
0x0840E030	rom	0x5	gDefaultBoyName3
0x0840E035	rom	0x4	gDefaultBoyName4
0x0840E039	rom	0x7	gDefaultGirlName1
0x0840E040	rom	0x6	gDefaultGirlName2
0x0840E046	rom	0x7	gDefaultGirlName3
0x0840E04D	rom	0x5	gDefaultGirlName4
0x0840E052	rom	0x20	gSystemText_IntroWeCall
0x0840E072	rom	0x2	gSystemText_NewPara
0x0840E074	rom	0x1A	gDexText_UnknownPoke
0x0840E08E	rom	0xA	gDexText_UnknownHeight
0x0840E098	rom	0xD	gDexText_UnknownWeight
0x0840E0A5	rom	0xB	gDexText_CryOf
0x0840E0B0	rom	0x12	gDexText_SizeComparedTo
0x0840E0C2	rom	0x20	gDexText_RegisterComplete
0x0840E0E2	rom	0x1A	gDexText_Searching
0x0840E0FC	rom	0x12	gDexText_SearchComplete
0x0840E10E	rom	0x20	gDexText_NoMatching
0x0840E12E	rom	0x31	DexText_SearchForPoke
0x0840E15F	rom	0x19	DexText_SwitchDex
0x0840E178	rom	0x17	DexText_ReturnToDex
0x0840E18F	rom	0x19	DexText_SelectDexMode
0x0840E1A8	rom	0x21	DexText_SelectDexList
0x0840E1C9	rom	0x3D	DexText_ListByABC
0x0840E206	rom	0x2B	DexText_ListByColor
0x0840E231	rom	0x23	DexText_ListByType
0x0840E254	rom	0x17	DexText_ExecuteSearchSwitch
0x0840E26B	rom	0xA	DexText_HoennDex
0x0840E275	rom	0xD	DexText_NationalDex
0x0840E282	rom	0xF	DexText_NumericalMode
0x0840E291	rom	0xC	DexText_ABCMode
0x0840E29D	rom	0xE	DexText_HeaviestMode
0x0840E2AB	rom	0xE	DexText_LightestMode
0x0840E2B9	rom	0xD	DexText_TallestMode
0x0840E2C6	rom	0xE	DexText_SmallestMode
0x0840E2D4	rom	0x4	DexText_ABC
0x0840E2D8	rom	0x4	DexText_DEF
0x0840E2DC	rom	0x4	DexText_GHI
0x0840E2E0	rom	0x4	DexText_JKL
0x0840E2E4	rom	0x4	DexText_MNO
0x0840E2E8	rom	0x4	DexText_PQR
0x0840E2EC	rom	0x4	DexText_STU
0x0840E2F0	rom	0x4	DexText_VWX
0x0840E2F4	rom	0x3	DexText_YZ
0x0840E2F7	rom	0x4	DexText_Red
0x0840E2FB	rom	0x5	DexText_Blue
0x0840E300	rom	0x7	DexText_Yellow
0x0840E307	rom	0x6	DexText_Green
0x0840E30D	rom	0x6	DexText_Black
0x0840E313	rom	0x6	DexText_Brown
0x0840E319	rom	0x7	DexText_Purple
0x0840E320	rom	0x5	DexText_Gray
0x0840E325	rom	0x6	DexText_White
0x0840E32B	rom	0x5	DexText_Pink
0x0840E330	rom	0x17	DexText_HoennDex2
0x0840E347	rom	0x19	DexText_NationalDex2
0x0840E360	rom	0x2E	DexText_ListByNumber
0x0840E38E	rom	0x35	DexText_ListByABC2
0x0840E3C3	rom	0x3C	DexText_ListByHeavyToLightest
0x0840E3FF	rom	0x3C	DexText_ListByLightToHeaviest
0x0840E43B	rom	0x3B	DexText_ListByTallToSmallest
0x0840E476	rom	0x3B	DexText_ListBySmallToTallest
0x0840E4B1	rom	0x1	DexText_Terminator5
0x0840E4B2	rom	0xF	DexText_DontSpecify
0x0840E4C1	rom	0x5	DexText_None
0x0840E4C6	rom	0x2	DexText_RightPointingTriangle
0x0840E4C8	rom	0x2	DexText_Terminator6
0x0840E4CA	rom	0x7E	gMenuText_WelcomeToHOFAndDexRating
0x0840E548	rom	0x24	gMenuText_HOFSaving
0x0840E56C	rom	0x22	gMenuText_HOFCorrupt
0x0840E58E	rom	0x12	gMenuText_HOFNumber
0x0840E5A0	rom	0x22	gMenuText_HOFCongratulations
0x0840E5C2	rom	0x5	gOtherText_Number2
0x0840E5C7	rom	0x5	gOtherText_Level3
0x0840E5CC	rom	0x8	gOtherText_IDNumber
0x0840E5D4	rom	0x7	gOtherText_Name
0x0840E5DB	rom	0x8	gOtherText_IDNumber2
0x0840E5E3	rom	0x43	gOtherText_BirchInTrouble
0x0840E626	rom	0x22	gOtherText_DoYouChoosePoke
0x0840E648	rom	0x8	gOtherText_Poke
0x0840E650	rom	0x2F	gSystemText_SaveErrorExchangeBackup
0x0840E67F	rom	0xE	gOtherText_FlyToWhere
0x0840E68D	rom	0x4	OtherText_Use
0x0840E691	rom	0x5	OtherText_Toss
0x0840E696	rom	0x9	OtherText_Register
0x0840E69F	rom	0x5	OtherText_Give2
0x0840E6A4	rom	0xA	OtherText_CheckTag
0x0840E6AE	rom	0x8	OtherText_Confirm
0x0840E6B6	rom	0x5	gOtherText_Walk
0x0840E6BB	rom	0x5	gOtherText_Exit
0x0840E6C0	rom	0x7	gOtherText_CancelNoTerminator
0x0840E6C7	rom	0x8	gOtherText_CancelWithTerminator
0x0840E6CF	rom	0x5	OtherText_Item
0x0840E6D4	rom	0x5	OtherText_Mail
0x0840E6D9	rom	0x5	OtherText_Take2
0x0840E6DE	rom	0x6	OtherText_Store
0x0840E6E4	rom	0x6	gOtherText_Check
0x0840E6EA	rom	0x5	gOtherText_None
0x0840E6EF	rom	0x4	gOtherText_ThreeQuestions2
0x0840E6F3	rom	0x6	gOtherText_FiveQuestions
0x0840E6F9	rom	0x2	gOtherText_Slash
0x0840E6FB	rom	0x2	gOtherText_OneDash
0x0840E6FD	rom	0x3	gOtherText_TwoDashes
0x0840E700	rom	0x4	gOtherText_ThreeDashes2
0x0840E704	rom	0x2	gOtherText_MaleSymbol2
0x0840E706	rom	0x2	gOtherText_FemaleSymbol2
0x0840E708	rom	0x4	gOtherText_Lv
0x0840E70C	rom	0x6	gOtherText_TallPlusAndRightArrow
0x0840E712	rom	0x1E	gMenuText_GoBackToPrev
0x0840E730	rom	0x1B	gOtherText_WhatWillYouDo
0x0840E74B	rom	0x4	gOtherText_xString1
0x0840E74F	rom	0x7	gOtherText_Berry2
0x0840E756	rom	0x9	gOtherText_Coins2
0x0840E75F	rom	0xA	gOtherText_CloseBag
0x0840E769	rom	0xB	OtherText_TheField3
0x0840E774	rom	0xC	OtherText_TheBattle
0x0840E780	rom	0x12	OtherText_ThePokeList
0x0840E792	rom	0xA	OtherText_TheShop
0x0840E79C	rom	0xB	OtherText_TheField
0x0840E7A7	rom	0xB	OtherText_TheField2
0x0840E7B2	rom	0x8	OtherText_ThePC
0x0840E7BC	rom	0x1C	gUnknown_0840E740
0x0840E7D8	rom	0xA	gOtherText_ReturnTo
0x0840E7E2	rom	0x1B	gOtherText_WhatWillYouDo2
0x0840E7FD	rom	0x1B	gOtherText_CantWriteMail
0x0840E818	rom	0x17	gOtherText_NoPokemon
0x0840E82F	rom	0x18	gOtherText_SwitchWhichItem
0x0840E847	rom	0x12	gOtherText_CantBeHeld
0x0840E859	rom	0x17	gOtherText_CantBeHeldHere
0x0840E870	rom	0x21	gOtherText_HowManyToDeposit
0x0840E891	rom	0x14	gOtherText_DepositedItems
0x0840E8A5	rom	0x20	gOtherText_NoRoomForItems
0x0840E8C5	rom	0x2F	gOtherText_CantStoreSomeoneItem
0x0840E8F4	rom	0x27	gOtherText_TooImportant
0x0840E91B	rom	0x13	gOtherText_HowManyToToss
0x0840E92E	rom	0x15	gOtherText_ThrewAwayItem
0x0840E943	rom	0x23	gOtherText_OkayToThrowAwayPrompt
0x0840E966	rom	0x3F	gOtherText_DadsAdvice
0x0840E9A5	rom	0x25	gOtherText_CantGetOffBike
0x0840E9CA	rom	0x44	gOtherText_ItemfinderResponding
0x0840EA0E	rom	0x36	gOtherText_ItemfinderItemUnderfoot
0x0840EA44	rom	0x2D	gOtherText_NoResponse
0x0840EA71	rom	0x11	gOtherText_Coins3
0x0840EA82	rom	0x10	gOtherText_BootedTM
0x0840EA92	rom	0x11	gOtherText_BootedHM
0x0840EAA3	rom	0x28	gOtherText_ContainsMove
0x0840EACB	rom	0x12	gOtherText_UsedItem
0x0840EADD	rom	0x34	gOtherText_RepelLingers
0x0840EB11	rom	0x2E	gOtherText_UsedFlute
0x0840EB3F	rom	0x31	gOtherText_UsedRepel
0x0840EB70	rom	0x13	gOtherText_BoxIsFull
0x0840EB83	rom	0x7	gOtherText_Size
0x0840EB8A	rom	0x7	gOtherText_Firm
0x0840EB91	rom	0x7	gContestStatsText_Unknown1
0x0840EB98	rom	0xA	ContestStatsText_VerySoft
0x0840EBA2	rom	0x5	ContestStatsText_Soft
0x0840EBA7	rom	0x5	ContestStatsText_Hard
0x0840EBAC	rom	0xA	ContestStatsText_VeryHard
0x0840EBB6	rom	0xB	ContestStatsText_SuperHard
0x0840EBC1	rom	0xA	ContestStatsText_RedPokeBlock
0x0840EBCB	rom	0xB	ContestStatsText_BluePokeBlock
0x0840EBD6	rom	0xB	ContestStatsText_PinkPokeBlock
0x0840EBE1	rom	0xC	ContestStatsText_GreenPokeBlock
0x0840EBED	rom	0xD	ContestStatsText_YellowPokeBlock
0x0840EBFA	rom	0xD	ContestStatsText_PurplePokeBlock
0x0840EC07	rom	0xD	ContestStatsText_IndigoPokeBlock
0x0840EC14	rom	0xC	ContestStatsText_BrownPokeBlock
0x0840EC20	rom	0xF	ContestStatsText_LiteBluePokeBlock
0x0840EC2F	rom	0xC	ContestStatsText_OlivePokeBlock
0x0840EC3B	rom	0xB	ContestStatsText_GrayPokeBlock
0x0840EC46	rom	0xC	ContestStatsText_BlackPokeBlock
0x0840EC52	rom	0xC	ContestStatsText_WhitePokeBlock
0x0840EC5E	rom	0xB	ContestStatsText_GoldPokeBlock
0x0840EC69	rom	0x6	gContestStatsText_Spicy
0x0840EC6F	rom	0x4	gContestStatsText_Dry
0x0840EC73	rom	0x6	gContestStatsText_Sweet
0x0840EC79	rom	0x7	gContestStatsText_Bitter
0x0840EC80	rom	0x5	gContestStatsText_Sour
0x0840EC85	rom	0x6	gContestStatsText_Tasty
0x0840EC8B	rom	0x5	gContestStatsText_Feel
0x0840EC90	rom	0xB	gContestStatsText_StowCase
0x0840EC9B	rom	0x14	gContestStatsText_ThrowAwayPrompt
0x0840ECAF	rom	0x18	gContestStatsText_WasThrownAway
0x0840ECC7	rom	0x11	gContestStatsText_NormallyAte
0x0840ECD8	rom	0x19	gContestStatsText_HappilyAte
0x0840ECF1	rom	0x1E	gContestStatsText_DisdainfullyAte
0x0840ED0F	rom	0x4	MartText_Buy
0x0840ED13	rom	0x5	MartText_Sell
0x0840ED18	rom	0x5	MartText_Quit2
0x0840ED1D	rom	0xF	gOtherText_QuitShopping
0x0840ED2C	rom	0x28	gOtherText_HowManyYouWant
0x0840ED54	rom	0x29	gOtherText_ThatWillBe
0x0840ED7D	rom	0x2B	gOtherText_ThatWillBe2
0x0840EDA8	rom	0x32	gOtherText_ThatWillBe3
0x0840EDDA	rom	0x22	gOtherText_HereYouGo
0x0840EDFC	rom	0x29	gOtherText_HereYouGo2
0x0840EE25	rom	0x29	gOtherText_HereYouGo3
0x0840EE4E	rom	0x1F	gOtherText_NotEnoughMoney
0x0840EE6D	rom	0x23	gOtherText_NoRoomFor
0x0840EE90	rom	0x1C	gOtherText_SpaceForIsFull
0x0840EEAC	rom	0x2C	gOtherText_AnythingElse
0x0840EED8	rom	0x23	gOtherText_CanIHelpYou
0x0840EEFB	rom	0x25	gOtherText_FreePremierBall
0x0840EF20	rom	0x20	gOtherText_CantBuyThat
0x0840EF40	rom	0x25	gOtherText_HowManyToSell
0x0840EF65	rom	0x23	gOtherText_CanPay
0x0840EF88	rom	0x25	gOtherText_SoldItem
0x0840EFAD	rom	0x4	OtherText_Money
0x0840EFB1	rom	0x6	OtherText_Shift
0x0840EFB7	rom	0x9	OtherText_SendOut
0x0840EFC0	rom	0x7	OtherText_Switch2
0x0840EFC7	rom	0x8	OtherText_Summary
0x0840EFCF	rom	0x6	OtherText_Moves
0x0840EFD5	rom	0x6	OtherText_Enter2
0x0840EFDB	rom	0x9	OtherText_NoEntry
0x0840EFE4	rom	0x5	OtherText_Take
0x0840EFE9	rom	0x5	OtherText_Read2
0x0840EFEE	rom	0x3	gOtherText_Hp2
0x0840EFF1	rom	0x8	gOtherText_SpAtk2
0x0840EFF9	rom	0x8	gOtherText_SpDef2
0x0840F001	rom	0x1C	gOtherText_WontHaveAnyEffect
0x0840F01D	rom	0x26	gOtherText_CantUseOnPoke
0x0840F043	rom	0x1C	gOtherText_CantBeSwitched
0x0840F05F	rom	0x1B	gOtherText_AlreadyBattle
0x0840F07A	rom	0x20	gOtherText_AlreadySelected
0x0840F09A	rom	0x23	gOtherText_NoEnergyLeft
0x0840F0BD	rom	0x33	gOtherText_CantSwitchPokeWithYours
0x0840F0F0	rom	0x17	gOtherText_EGGCantBattle
0x0840F107	rom	0x32	gOtherText_CantBeUsedBadge
0x0840F139	rom	0x26	gOtherText_NoMoreThreePoke
0x0840F15F	rom	0x22	gOtherText_SendRemovedMailPrompt
0x0840F181	rom	0x20	gOtherText_MailWasSent
0x0840F1A1	rom	0x1D	gOtherText_MailboxIsFull
0x0840F1BE	rom	0x38	gOtherText_MailRemovedMessageLost
0x0840F1F6	rom	0x2F	gOtherText_MailMustBeRemoved
0x0840F225	rom	0x1F	gOtherText_WasGivenToHold
0x0840F244	rom	0x46	gOtherText_AlreadyHolding
0x0840F28A	rom	0x1D	gOtherText_NotHoldingAnything
0x0840F2A7	rom	0x1B	gOtherText_ReceivedTheThingFrom
0x0840F2C2	rom	0x23	gOtherText_MailTaken
0x0840F2E5	rom	0x2D	gOtherText_TakenAndReplaced
0x0840F312	rom	0x38	gOtherText_PokeHoldingItemCantMail
0x0840F34A	rom	0x29	gOtherText_MailTransferredMailbox
0x0840F373	rom	0x3C	gOtherText_BagFullCannotRemoveItem
0x0840F3AF	rom	0xF	gOtherText_LearnedMove
0x0840F3BE	rom	0x35	gOtherText_NotCompatible
0x0840F3F3	rom	0x74	gOtherText_WantsToLearn
0x0840F467	rom	0x19	gOtherText_StopTryingTo
0x0840F480	rom	0x20	gOtherText_DidNotLearnMove2
0x0840F4A0	rom	0x22	gOtherText_WhichMoveToForget2
0x0840F4C2	rom	0x53	gOtherText_ForgetMove123_2
0x0840F515	rom	0x17	gOtherText_AlreadyKnows
0x0840F52C	rom	0x25	gOtherText_HPRestoredBy
0x0840F551	rom	0x21	gOtherText_CuredPoisoning
0x0840F572	rom	0x1D	gOtherText_CuredParalysis
0x0840F58F	rom	0xE	gOtherText_WokeUp
0x0840F59D	rom	0x18	gOtherText_BurnHealed
0x0840F5B5	rom	0x15	gOtherText_ThawedOut
0x0840F5CA	rom	0x13	gOtherText_PPRestored
0x0840F5DD	rom	0x16	gOtherText_RegainedHealth
0x0840F5F3	rom	0x15	gOtherText_BecameHealthy
0x0840F608	rom	0x15	gOtherText_PPIncreased
0x0840F61D	rom	0x1B	gOtherText_ElevatedTo
0x0840F638	rom	0x16	gOtherText_WasRaised
0x0840F64E	rom	0x23	gOtherText_SnapConfusion
0x0840F671	rom	0x1F	gOtherText_GotOverLove
0x0840F690	rom	0x12	OtherText_ChoosePoke
0x0840F6A2	rom	0xF	OtherText_MovePokeTo
0x0840F6B1	rom	0x15	OtherText_TeachWhat
0x0840F6C6	rom	0x16	OtherText_UseWhat
0x0840F6DC	rom	0x17	OtherText_GiveWhat
0x0840F6F3	rom	0x11	OtherText_DoWhat
0x0840F704	rom	0x18	OtherText_NothingToCut
0x0840F71C	rom	0x15	OtherText_CantSurf
0x0840F731	rom	0x18	OtherText_AlreadySurfing
0x0840F749	rom	0x15	OtherText_CantUseThatHere
0x0840F75E	rom	0x14	OtherText_RestoreWhatMove
0x0840F772	rom	0x18	OtherText_BoostPP
0x0840F78A	rom	0x16	OtherText_DoWhatWithItem
0x0840F7A0	rom	0x17	OtherText_NoPokeForBattle
0x0840F7B7	rom	0x12	OtherText_ChoosePoke2
0x0840F7C9	rom	0x11	OtherText_NotEnoughHP
0x0840F7DA	rom	0x1A	OtherText_ThreePokeNeeded
0x0840F7F4	rom	0x1B	OtherText_PokeCantBeSame
0x0840F80F	rom	0x19	OtherText_NoIdenticalHoldItems
0x0840F828	rom	0x15	OtherText_TeachWhichPoke
0x0840F83D	rom	0x7	gOtherText_Attack
0x0840F844	rom	0x8	gOtherText_Defense
0x0840F84C	rom	0x8	gOtherText_SpAtk
0x0840F854	rom	0x8	gOtherText_SpDef
0x0840F85C	rom	0x6	gOtherText_Speed
0x0840F862	rom	0x3	gOtherText_HP
0x0840F865	rom	0x1	gOtherText_Terminator18
0x0840F866	rom	0x4	gOtherText_OriginalTrainer
0x0840F86A	rom	0x6	gOtherText_Type2
0x0840F870	rom	0x6	gOtherText_Power2
0x0840F876	rom	0x9	gOtherText_Accuracy2
0x0840F87F	rom	0x7	gOtherText_Appeal2
0x0840F886	rom	0x4	gOtherText_Jam2
0x0840F88A	rom	0x7	gOtherText_Status
0x0840F891	rom	0xC	gOtherText_ExpPoints
0x0840F89D	rom	0x9	gOtherText_NextLv
0x0840F8A6	rom	0xC	gOtherText_Ribbons00
0x0840F8B2	rom	0x6	OtherText_Event
0x0840F8B8	rom	0x7	OtherText_Switch
0x0840F8BF	rom	0xD	OtherText_PokeInfo
0x0840F8CC	rom	0xF	OtherText_PokeSkills
0x0840F8DB	rom	0xD	OtherText_BattleMoves
0x0840F8E8	rom	0xE	OtherText_ContestMoves
0x0840F8F6	rom	0x5	OtherText_Info
0x0840F8FB	rom	0x37	gOtherText_EggLongTime
0x0840F932	rom	0x33	gOtherText_EggSomeTime
0x0840F965	rom	0x2D	gOtherText_EggSoon
0x0840F992	rom	0x29	gOtherText_EggAbout
0x0840F9BB	rom	0x21	gOtherText_CantForgetHMs
0x0840F9DC	rom	0x8	gOtherText_PlayersBase
0x0840F9E4	rom	0x2B	gOtherText_OkayToDeleteFromRegistry
0x0840FA0F	rom	0x23	gOtherText_RegisteredDataDeleted
0x0840FA32	rom	0x18	gSecretBaseText_NoRegistry
0x0840FA4A	rom	0xC	SecretBaseText_DelRegist
0x0840FA56	rom	0x9	SecretBaseText_Decorate
0x0840FA5F	rom	0x9	SecretBaseText_PutAway
0x0840FA68	rom	0x5	SecretBaseText_Toss
0x0840FA6D	rom	0x26	SecretBaseText_PutOutDecor
0x0840FA93	rom	0x27	SecretBaseText_StoreChosenDecor
0x0840FABA	rom	0x21	SecretBaseText_ThrowAwayDecor
0x0840FADB	rom	0x1C	gSecretBaseText_NoDecors
0x0840FAF7	rom	0x5	SecretBaseText_Desk
0x0840FAFC	rom	0x6	SecretBaseText_Chair
0x0840FB02	rom	0x6	SecretBaseText_Plant
0x0840FB08	rom	0x9	SecretBaseText_Ornament
0x0840FB11	rom	0x4	SecretBaseText_Mat
0x0840FB15	rom	0x7	SecretBaseText_Poster
0x0840FB1C	rom	0x5	SecretBaseText_Doll
0x0840FB21	rom	0x8	SecretBaseText_Cushion
0x0840FB29	rom	0x5	gSecretBaseText_GoldRank
0x0840FB2E	rom	0x7	gSecretBaseText_SilverRank
0x0840FB35	rom	0xF	gSecretBaseText_PlaceItHere
0x0840FB44	rom	0x19	gSecretBaseText_CantBePlacedHere
0x0840FB5D	rom	0x13	gSecretBaseText_CancelDecorating
0x0840FB70	rom	0x18	gSecretBaseText_InUseAlready
0x0840FB88	rom	0x46	gSecretBaseText_NoMoreDecor
0x0840FBCE	rom	0x7C	gSecretBaseText_NoMoreDecor2
0x0840FC4A	rom	0x32	gSecretBaseText_DecorCantPlace
0x0840FC7C	rom	0x34	gSecretBaseText_DecorInUse
0x0840FCB0	rom	0x29	gSecretBaseText_WillBeDiscarded
0x0840FCD9	rom	0x25	gSecretBaseText_DecorThrownAway
0x0840FCFE	rom	0x1F	gSecretBaseText_StopPuttingAwayDecor
0x0840FD1D	rom	0x22	gSecretBaseText_NoDecor
0x0840FD3F	rom	0x22	gSecretBaseText_ReturnDecor
0x0840FD61	rom	0x27	gSecretBaseText_DecorReturned
0x0840FD88	rom	0x23	gSecretBaseText_NoDecorInUse
0x0840FDAB	rom	0x8	SecretBaseText_Tristan
0x0840FDB3	rom	0x7	SecretBaseText_Philip
0x0840FDBA	rom	0x7	SecretBaseText_Dennis
0x0840FDC1	rom	0x8	SecretBaseText_Roberto
0x0840FDC9	rom	0x9	SecretBaseText_TurnOff
0x0840FDD2	rom	0xB	SecretBaseText_Decoration
0x0840FDDD	rom	0xD	SecretBaseText_ItemStorage
0x0840FDEA	rom	0x8	gPCText_Mailbox
0x0840FDF2	rom	0xD	PCText_DepositItem
0x0840FDFF	rom	0xE	PCText_WithdrawItem
0x0840FE0D	rom	0xA	PCText_TossItem
0x0840FE17	rom	0x17	PCText_StoreItems
0x0840FE2E	rom	0x1C	PCText_TakeOutItems
0x0840FE4A	rom	0x23	PCText_ThrowAwayItems
0x0840FE6D	rom	0x16	gOtherText_NoItems
0x0840FE83	rom	0x22	gOtherText_NoMoreRoom
0x0840FEA5	rom	0x22	gOtherText_HowManyToWithdraw
0x0840FEC7	rom	0x13	gOtherText_WithdrewThing
0x0840FEDA	rom	0x5	OtherText_Read
0x0840FEDF	rom	0xC	gOtherText_MoveToBag
0x0840FEEB	rom	0x5	OtherText_Give
0x0840FEF0	rom	0x18	gOtherText_NoMailHere
0x0840FF08	rom	0x2A	gOtherText_WhatWillYouDoMail
0x0840FF32	rom	0x28	gOtherText_MessageWillBeLost
0x0840FF5A	rom	0x13	gOtherText_BagIsFull
0x0840FF6D	rom	0x3C	gOtherText_MailWasReturned
0x0840FFA9	rom	0x4	gOtherText_Dad
0x0840FFAD	rom	0x4	gOtherText_Mom
0x0840FFB1	rom	0x8	gOtherText_Wallace
0x0840FFB9	rom	0x7	gOtherText_Steven
0x0840FFC0	rom	0x7	gOtherText_Brawly
0x0840FFC7	rom	0x7	gOtherText_Winona
0x0840FFCE	rom	0x7	gOtherText_Phoebe
0x0840FFD5	rom	0x7	gOtherText_Glacia
0x0840FFDC	rom	0x10	gContestText_ContestWinner
0x0840FFEC	rom	0x4	gOtherText_Unknown1
0x0840FFF0	rom	0x6	OtherText_Cool
0x0840FFF6	rom	0x8	OtherText_Beauty2
0x0840FFFE	rom	0x6	OtherText_Cute
0x08410004	rom	0x7	OtherText_Smart
0x0841000B	rom	0x7	OtherText_Tough
0x08410012	rom	0x26	OtherText_NonstopSuperCool
0x08410038	rom	0x1	OtherText_Terminator6
0x08410039	rom	0x26	OtherText_GoodLookingPoke
0x0841005F	rom	0x1	OtherText_Terminator7
0x08410060	rom	0x2A	OtherText_MarvelousGreat
0x0841008A	rom	0x1	OtherText_Terminator8
0x0841008B	rom	0x2B	OtherText_CenturyLastVenus
0x084100B6	rom	0x1	OtherText_Terminator9
0x084100B7	rom	0x1	OtherText_Terminator10
0x084100B8	rom	0x1E	OtherText_DazzlingSmile
0x084100D6	rom	0x30	OtherText_PokeCenterIdol
0x08410106	rom	0x1	OtherText_Terminator11
0x08410107	rom	0x16	OtherText_LovelyAndSweet
0x0841011D	rom	0x1	OtherText_Terminator12
0x0841011E	rom	0xC	OtherText_ThePretty
0x0841012A	rom	0x14	OtherText_WinningPortrait
0x0841013E	rom	0x23	OtherText_GiveUsWink
0x08410161	rom	0x1	OtherText_Terminator13
0x08410162	rom	0x2A	OtherText_SmartnessMaestro
0x0841018C	rom	0x1	OtherText_Terminator14
0x0841018D	rom	0x2C	OtherText_ChosenPokeAmong
0x084101B9	rom	0x1	OtherText_Terminator15
0x084101BA	rom	0xF	OtherText_TheExcellent
0x084101C9	rom	0x16	OtherText_ItsMomentOfElegance
0x084101DF	rom	0x23	OtherText_PowerfullyMuscular
0x08410202	rom	0x1	OtherText_Terminator16
0x08410203	rom	0x25	OtherText_StrongErEst
0x08410228	rom	0x1	OtherText_Terminator17
0x08410229	rom	0x20	OtherText_MightyTough
0x08410249	rom	0x2	OtherText_Exclamation
0x0841024B	rom	0xA	OtherText_Petalburg
0x08410255	rom	0xA	OtherText_Slateport
0x0841025F	rom	0xB	OtherText_Littleroot
0x0841026A	rom	0x9	OtherText_Lilycove
0x08410273	rom	0x8	OtherText_Dewford
0x0841027B	rom	0x6	OtherText_Enter
0x08410281	rom	0x5	OtherText_Info3
0x08410286	rom	0x12	OtherText_WhatsAContest
0x08410298	rom	0x12	OtherText_TypesOfContest
0x084102AA	rom	0x6	OtherText_Ranks
0x084102B0	rom	0x8	OtherText_Judging
0x084102B8	rom	0xD	OtherText_CoolContest
0x084102C5	rom	0xF	OtherText_BeautyContest
0x084102D4	rom	0xD	OtherText_CuteContest
0x084102E1	rom	0xE	OtherText_SmartContest
0x084102EF	rom	0xE	OtherText_ToughContest
0x084102FD	rom	0xB	OtherText_Decoration
0x08410308	rom	0x8	OtherText_PackUp
0x08410310	rom	0x6	OtherText_Count
0x08410316	rom	0x9	OtherText_Registry
0x0841031F	rom	0xC	OtherText_Information
0x0841032B	rom	0x5	OtherText_Mach
0x08410330	rom	0x5	OtherText_Acro
0x08410335	rom	0x4	OtherText_Poison
0x08410339	rom	0x4	OtherText_Paralysis
0x0841033D	rom	0x4	OtherText_Sleep
0x08410341	rom	0x4	OtherText_Burn
0x08410345	rom	0x4	OtherText_Frozen
0x08410349	rom	0x5	OtherText_Quit
0x0841034E	rom	0x7	OtherText_SawIt
0x08410355	rom	0x8	OtherText_NotYet
0x0841035D	rom	0x4	OtherText_Yes
0x08410361	rom	0x3	OtherText_No
0x08410364	rom	0x5	OtherText_Info2
0x08410369	rom	0xE	OtherText_SingleBattle
0x08410377	rom	0xE	OtherText_DoubleBattle
0x08410385	rom	0xD	OtherText_MultiBattle
0x08410392	rom	0xB	OtherText_MrBriney
0x0841039D	rom	0x12	OtherText_MakeAChallenge
0x084103AF	rom	0x14	OtherText_ObtainInformation
0x084103C3	rom	0x7	OtherText_Lv50_2
0x084103CA	rom	0x8	OtherText_Lv100_2
0x084103D2	rom	0xA	OtherText_Zigzagoon
0x084103DC	rom	0x8	OtherText_Nincada
0x084103E4	rom	0xA	OtherText_Poochyena
0x084103EE	rom	0x8	OtherText_Nincada2
0x084103F6	rom	0x6	OtherText_Lotad
0x084103FC	rom	0x8	OtherText_Roselia
0x08410404	rom	0xA	OtherText_Shroomish
0x0841040E	rom	0x8	OtherText_Nincada3
0x08410416	rom	0x8	OtherText_Surskit
0x0841041E	rom	0x8	OtherText_Treecko
0x08410426	rom	0x8	OtherText_Torchic
0x0841042E	rom	0x7	OtherText_Mudkip
0x08410435	rom	0x7	OtherText_Seedot
0x0841043C	rom	0xA	OtherText_Shroomish2
0x08410446	rom	0x7	OtherText_Spinda
0x0841044D	rom	0xA	OtherText_Shroomish3
0x08410457	rom	0xA	OtherText_Zigzagoon2
0x08410461	rom	0x8	OtherText_Wurmple
0x08410469	rom	0xA	OtherText_PokeBall
0x08410473	rom	0xD	OtherText_SuperPotion
0x08410480	rom	0xB	OtherText_SamePrice
0x0841048B	rom	0x5	OtherText_Yen135
0x08410490	rom	0x5	OtherText_Yen155
0x08410495	rom	0x5	OtherText_Yen175
0x0841049A	rom	0x15	OtherText_CostMore
0x084104AF	rom	0x15	OtherText_CostLess
0x084104C4	rom	0xB	OtherText_SamePrice2
0x084104CF	rom	0x2	OtherText_MaleSymbol
0x084104D1	rom	0x2	OtherText_FemaleSymbol
0x084104D3	rom	0x8	OtherText_Neither
0x084104DB	rom	0x6	OtherText_Males
0x084104E1	rom	0x8	OtherText_Females
0x084104E9	rom	0xC	OtherText_SameNumber
0x084104F5	rom	0x5	OtherText_Male
0x084104FA	rom	0x7	OtherText_Female
0x08410501	rom	0xB	OtherText_ItDepends
0x0841050C	rom	0x2	OtherText_Six2
0x0841050E	rom	0x2	OtherText_Eight2
0x08410510	rom	0x3	OtherText_Ten
0x08410513	rom	0x2	OtherText_One
0x08410515	rom	0x2	OtherText_Two
0x08410517	rom	0x2	OtherText_Three
0x08410519	rom	0x2	OtherText_Six
0x0841051B	rom	0x2	OtherText_Seven
0x0841051D	rom	0x2	OtherText_Eight
0x0841051F	rom	0x13	OtherText_FreshWater
0x08410532	rom	0x10	OtherText_SodaPop
0x08410542	rom	0x10	OtherText_Lemonade
0x08410552	rom	0xC	OtherText_HowToRide
0x0841055E	rom	0xC	OtherText_HowToTurn
0x0841056A	rom	0xD	OtherText_SandySlopes
0x08410577	rom	0x9	OtherText_Wheelies
0x08410580	rom	0xB	OtherText_BunnyHops
0x0841058B	rom	0x8	OtherText_Jumping
0x08410593	rom	0xA	OtherText_Satisfied
0x0841059D	rom	0xD	OtherText_Dissatisfied
0x084105AA	rom	0xD	OtherText_Deepseatooth
0x084105B7	rom	0xD	OtherText_Deepseascale
0x084105C4	rom	0xB	OtherText_BlueFlute2
0x084105CF	rom	0xD	OtherText_YellowFlute2
0x084105DC	rom	0xA	OtherText_RedFlute2
0x084105E6	rom	0xC	OtherText_WhiteFlute2
0x084105F2	rom	0xC	OtherText_BlackFlute2
0x084105FE	rom	0xC	OtherText_GlassChair
0x0841060A	rom	0xB	OtherText_GlassDesk
0x08410615	rom	0x19	OtherText_TreeckoDoll
0x0841062E	rom	0x19	OtherText_TorchicDoll
0x08410647	rom	0x1A	OtherText_MudkipDoll
0x08410661	rom	0x15	OtherText_50Coins
0x08410676	rom	0x13	OtherText_500Coins
0x08410689	rom	0xB	OtherText_Excellent
0x08410694	rom	0xB	OtherText_NotSoHot
0x0841069F	rom	0xA	OtherText_RedShard
0x084106A9	rom	0xD	OtherText_YellowShard
0x084106B6	rom	0xB	OtherText_BlueShard
0x084106C1	rom	0xC	OtherText_GreenShard
0x084106CD	rom	0xD	OtherText_BattleTower
0x084106DA	rom	0x6	OtherText_Right
0x084106E0	rom	0x5	OtherText_Left
0x084106E5	rom	0x12	OtherText_TM32
0x084106F7	rom	0x12	OtherText_TM29
0x08410709	rom	0x12	OtherText_TM35
0x0841071B	rom	0x12	OtherText_TM24
0x0841072D	rom	0x12	OtherText_TM13
0x0841073F	rom	0x3	OtherText_1F_2
0x08410742	rom	0x3	OtherText_2F_2
0x08410745	rom	0x3	OtherText_3F_2
0x08410748	rom	0x3	OtherText_4F_2
0x0841074B	rom	0x3	OtherText_5F_2
0x0841074E	rom	0x5	OtherText_Cool2
0x08410753	rom	0x7	OtherText_Beauty3
0x0841075A	rom	0x5	OtherText_Cute2
0x0841075F	rom	0x6	OtherText_Smart2
0x08410765	rom	0x6	OtherText_Tough2
0x0841076B	rom	0x7	OtherText_Normal
0x08410772	rom	0x6	OtherText_Super
0x08410778	rom	0x6	OtherText_Hyper
0x0841077E	rom	0x7	OtherText_Master
0x08410785	rom	0x5	OtherText_Cool3
0x0841078A	rom	0x7	OtherText_Beauty4
0x08410791	rom	0x5	OtherText_Cute3
0x08410796	rom	0x6	OtherText_Smart3
0x0841079C	rom	0x6	OtherText_Tough3
0x084107A2	rom	0x6	OtherText_Items
0x084107A8	rom	0xA	OtherText_KeyItems
0x084107B2	rom	0x6	OtherText_Balls
0x084107B8	rom	0xA	OtherText_TMsHMs
0x084107C2	rom	0x8	OtherText_Berries
0x084107CA	rom	0xD	gPCText_SomeonesPC
0x084107D7	rom	0xD	gPCText_LanettesPC
0x084107E4	rom	0x8	gPCText_PlayersPC
0x084107EC	rom	0xD	gPCText_HallOfFame
0x084107F9	rom	0x8	gPCText_LogOff
0x08410801	rom	0xB	gOtherText_99Times
0x0841080C	rom	0xB	gOtherText_1Minute
0x08410817	rom	0x9	gOtherText_Seconds
0x08410820	rom	0x9	gOtherText_Times
0x08410829	rom	0x8	gOtherText_BigGuy
0x08410831	rom	0x9	gOtherText_BigGirl
0x0841083A	rom	0x4	gOtherText_Son
0x0841083E	rom	0x9	gOtherText_Daughter
0x08410847	rom	0xB	OtherText_BlueFlute
0x08410852	rom	0xD	OtherText_YellowFlute
0x0841085F	rom	0xA	OtherText_RedFlute
0x08410869	rom	0xC	OtherText_WhiteFlute
0x08410875	rom	0xC	OtherText_BlackFlute
0x08410881	rom	0xD	OtherText_PrettyChair
0x0841088E	rom	0xC	OtherText_PrettyDesk
0x0841089A	rom	0x3	OtherText_1F
0x0841089D	rom	0x3	OtherText_2F
0x084108A0	rom	0x3	OtherText_3F
0x084108A3	rom	0x3	OtherText_4F
0x084108A6	rom	0x3	OtherText_5F
0x084108A9	rom	0x3	OtherText_6F
0x084108AC	rom	0x3	OtherText_7F
0x084108AF	rom	0x3	OtherText_8F
0x084108B2	rom	0x3	OtherText_9F
0x084108B5	rom	0x4	OtherText_10F
0x084108B9	rom	0x4	OtherText_11F
0x084108BD	rom	0x4	OtherText_B1F
0x084108C1	rom	0x4	OtherText_B2F
0x084108C5	rom	0x4	OtherText_B3F
0x084108C9	rom	0x4	OtherText_B4F
0x084108CD	rom	0x8	OtherText_Rooftop
0x084108D5	rom	0x8	gOtherText_NowOn
0x084108DD	rom	0x7	gPCText_Cancel
0x084108E4	rom	0x13	PCText_ExitBox
0x084108F7	rom	0x1B	PCText_WhatYouDo
0x08410912	rom	0x15	PCText_PickATheme
0x08410927	rom	0x1B	PCText_PickAWallpaper
0x08410942	rom	0xE	PCText_IsSelected
0x08410950	rom	0x13	PCText_JumpToWhichBox
0x08410963	rom	0x16	PCText_DepositInWhichBox
0x08410979	rom	0x10	PCText_WasDeposited
0x08410989	rom	0x11	PCText_BoxIsFull
0x0841099A	rom	0x16	PCText_ReleasePoke
0x084109B0	rom	0xF	PCText_WasReleased
0x084109BF	rom	0xB	PCText_ByeBye
0x084109CA	rom	0x13	PCText_MarkPoke
0x084109DD	rom	0x1A	PCText_LastPoke
0x084109F7	rom	0x13	PCText_PartyFull
0x08410A0A	rom	0x1A	PCText_HoldingPoke
0x08410A24	rom	0x19	PCText_WhichOneWillTake
0x08410A3D	rom	0x1A	PCText_CantReleaseEgg
0x08410A57	rom	0x19	PCText_ContinueBox
0x08410A70	rom	0xC	PCText_CameBack
0x08410A7C	rom	0x1A	PCText_Worried
0x08410A96	rom	0x15	PCText_Surprise
0x08410AAB	rom	0x18	PCText_PleaseRemoveMail
0x08410AC3	rom	0x7	PCText_Cancel2
0x08410ACA	rom	0x8	PCText_Deposit
0x08410AD2	rom	0x9	PCText_Withdraw
0x08410ADB	rom	0x7	PCText_Switch
0x08410AE2	rom	0x5	PCText_Move
0x08410AE7	rom	0x6	PCText_Place
0x08410AED	rom	0x8	PCText_Summary
0x08410AF5	rom	0x8	PCText_Release
0x08410AFD	rom	0x5	PCText_Mark
0x08410B02	rom	0x5	PCText_Name
0x08410B07	rom	0x5	PCText_Jump
0x08410B0C	rom	0xA	PCText_Wallpaper
0x08410B16	rom	0xA	PCText_Scenery1
0x08410B20	rom	0xA	PCText_Scenery2
0x08410B2A	rom	0xA	PCText_Scenery3
0x08410B34	rom	0x9	PCText_Etc
0x08410B3D	rom	0x7	PCText_Forest
0x08410B44	rom	0x5	PCText_City
0x08410B49	rom	0x7	PCText_Desert
0x08410B50	rom	0x8	PCText_Savanna
0x08410B58	rom	0x5	PCText_Crag
0x08410B5D	rom	0x8	PCText_Volcano
0x08410B65	rom	0x5	PCText_Snow
0x08410B6A	rom	0x5	PCText_Cave
0x08410B6F	rom	0x6	PCText_Beach
0x08410B75	rom	0x9	PCText_Seafloor
0x08410B7E	rom	0x6	PCText_River
0x08410B84	rom	0x4	PCText_Sky
0x08410B88	rom	0xA	PCText_Polka
0x08410B92	rom	0xB	PCText_PokeCenter
0x08410B9D	rom	0x8	PCText_Machine
0x08410BA5	rom	0x6	PCText_Plain
0x08410BAB	rom	0x12	PCText_WhatDoYouWant
0x08410BBD	rom	0x11	PCText_WithdrawPoke
0x08410BCE	rom	0x10	PCText_DepositPoke
0x08410BDE	rom	0xD	PCText_MovePoke
0x08410BEB	rom	0x8	PCText_SeeYa
0x08410BF3	rom	0x2C	PCText_MovePokeToParty
0x08410C1F	rom	0x26	PCText_StorePokeInBox
0x08410C45	rom	0x31	PCText_OrganizeBoxesParty
0x08410C76	rom	0x1D	PCText_ReturnToPrevMenu
0x08410C93	rom	0x24	gPCText_OnlyOne
0x08410CB7	rom	0x14	gPCText_PartyFull2
0x08410CCB	rom	0x4	gPCText_BOX
0x08410CCF	rom	0x26	PCText_CheckMap
0x08410CF5	rom	0x1C	PCText_CheckPoke
0x08410D11	rom	0x1E	PCText_CheckTrainer
0x08410D2F	rom	0x1B	PCText_CheckRibbons
0x08410D4A	rom	0x19	PCText_PutAwayNav
0x08410D63	rom	0x20	PCText_NoRibbonWin
0x08410D83	rom	0x1F	PCText_NoTrainers
0x08410DA2	rom	0x22	PCText_CheckParty
0x08410DC4	rom	0x20	PCText_CheckPokeAll
0x08410DE4	rom	0x1F	PCText_ReturnToNav
0x08410E03	rom	0x16	PCText_FindCool
0x08410E19	rom	0x1B	PCText_FindBeauty
0x08410E34	rom	0x16	PCText_FindCute
0x08410E4A	rom	0x17	PCText_FindSmart
0x08410E61	rom	0x17	PCText_FindTough
0x08410E78	rom	0x21	PCText_ReturnToCondition
0x08410E99	rom	0xF	gOtherText_NumberRegistered
0x08410EA8	rom	0xF	gOtherText_NumberBattles
0x08410EB7	rom	0xC	gOtherText_Strategy
0x08410EC3	rom	0x15	gOtherText_TrainersPokemon
0x08410ED8	rom	0x15	gOtherText_SelfIntroduction
0x08410EED	rom	0x8	gOtherText_Nature2
0x08410EF5	rom	0x9	gOtherText_InParty
0x08410EFE	rom	0x5	gOtherText_Number
0x08410F03	rom	0x8	gOtherText_Ribbons
0x08410F0B	rom	0x1F	OtherText_MakeProfilePage1
0x08410F2A	rom	0x17	OtherText_MakeProfilePage2
0x08410F41	rom	0x1F	OtherText_MakeMessagePage1
0x08410F60	rom	0x21	OtherText_MakeMessagePage2
0x08410F81	rom	0x1E	OtherText_DescribeFeelingsPage1
0x08410F9F	rom	0x14	OtherText_DescribeFeelingsPage2
0x08410FB3	rom	0x13	OtherText_WithFourPhrases
0x08410FC6	rom	0x19	OtherText_CombineNinePhrasesPage1
0x08410FDF	rom	0x10	OtherText_CombineNinePhrasesPage2
0x08410FEF	rom	0x1F	OtherText_ImproveBardSongPage1
0x0841100E	rom	0x1D	OtherText_ImproveBardSongPage2
0x0841102B	rom	0xE	OtherText_YourProfile
0x08411039	rom	0x23	OtherText_YourFeelingBattle
0x0841105C	rom	0x21	OtherText_SetWinMessage
0x0841107D	rom	0x22	OtherText_SetLossMessage
0x0841109F	rom	0xB	OtherText_TheAnswer
0x084110AA	rom	0x11	OtherText_MailMessage
0x084110BB	rom	0x14	OtherText_MailSalutation
0x084110CF	rom	0xD	OtherText_NewSong
0x084110DC	rom	0x18	OtherText_CombineTwoPhrasesPage1
0x084110F4	rom	0x16	OtherText_CombineTwoPhrasesPage2
0x0841110A	rom	0x12	OtherText_ConfirmTrendyPage1
0x0841111C	rom	0x13	OtherText_ConfirmTrendyPage2
0x0841112F	rom	0x1D	OtherText_HipsterPage1
0x0841114C	rom	0x19	OtherText_HipsterPage2
0x08411165	rom	0x1F	gOtherText_TextDeletedConfirmPage1
0x08411184	rom	0x1A	gOtherText_TextDeletedConfirmPage2
0x0841119E	rom	0xE	gOtherText_QuitEditing
0x084111AC	rom	0x23	gOtherText_EditedTextNoSavePage1
0x084111CF	rom	0xE	gOtherText_EditedTextNoSavePage2
0x084111DD	rom	0x1F	gOtherText_EnterAPhraseOrWord
0x084111FC	rom	0x22	gOtherText_TextNoDelete
0x0841121E	rom	0x20	gOtherText_OnlyOnePhrase
0x0841123E	rom	0x24	gOtherText_OriginalSongRestored
0x08411262	rom	0x17	gOtherText_TrendyAlready
0x08411279	rom	0x1E	gOtherText_CombineTwoPhrases
0x08411297	rom	0x19	gOtherText_QuitGivingInfo
0x084112B0	rom	0x1E	gOtherText_StopGivingMail
0x084112CE	rom	0x8	gOtherText_Profile
0x084112D6	rom	0x17	gOtherText_AtBattleStart
0x084112ED	rom	0x17	gOtherText_UponWinningBattle
0x08411304	rom	0x16	gOtherText_UponLosingBattle
0x0841131A	rom	0x10	gOtherText_TheBardsSong
0x0841132A	rom	0x1A	gOtherText_WhatsHipHappening
0x08411344	rom	0xA	gOtherText_Interview
0x0841134E	rom	0xC	gOtherText_GoodSaying
0x0841135A	rom	0xC	OtherText_SoPretty
0x08411366	rom	0xD	OtherText_SoDarling
0x08411373	rom	0xD	OtherText_SoRelaxed
0x08411380	rom	0xB	OtherText_SoSunny
0x0841138B	rom	0xF	OtherText_SoDesirable
0x0841139A	rom	0xE	OtherText_SoExciting
0x084113A8	rom	0xD	OtherText_SoAmusing
0x084113B5	rom	0xD	OtherText_SoMagical
0x084113C2	rom	0x4	gOtherText_Is
0x084113C6	rom	0x12	gOtherText_DontYouAgree
0x084113D8	rom	0x46	OtherText_WantVacationNicePlace
0x0841141E	rom	0x3F	OtherText_BoughtCrayonsIsNice
0x0841145D	rom	0x42	OtherText_IfWeCouldFloat
0x0841149F	rom	0x42	OtherText_SandWashesAwayMakeSad
0x084114E1	rom	0x44	OtherText_WhatsBottomSeaLike
0x08411525	rom	0x40	OtherText_SeeSettingSun
0x08411565	rom	0x37	OtherText_LyingInGreenGrass
0x0841159C	rom	0x3E	OtherText_SecretBasesWonderful
0x084115DA	rom	0xF	OtherText_PokeLeague
0x084115E9	rom	0xF	OtherText_PokeCenter
0x084115F8	rom	0xF	gOtherText_GetsAPokeBlock
0x08411607	rom	0xA	OtherText_Coolness
0x08411611	rom	0x8	OtherText_Beauty
0x08411619	rom	0xA	OtherText_Cuteness
0x08411623	rom	0xB	OtherText_Smartness
0x0841162E	rom	0xB	OtherText_Toughness
0x08411639	rom	0xE	gOtherText_WasEnhanced
0x08411647	rom	0x11	gOtherText_NothingChanged
0x08411658	rom	0x18	gOtherText_WontEat
0x08411670	rom	0x55	gSystemText_SaveFailedBackupCheck
0x084116C5	rom	0x7D	gSystemText_BackupDamagedGameContinue
0x08411742	rom	0x44	gSystemText_GameplayEnded
0x08411786	rom	0x38	gSystemText_CheckCompleteSaveAttempt
0x084117BE	rom	0x52	gSystemText_SaveCompletedGameEnd
0x08411810	rom	0x30	gSystemText_SaveCompletedPressA
0x08411840	rom	0x6	gOtherText_Ferry
0x08411846	rom	0xC	gOtherText_SecretBase
0x08411852	rom	0x8	gOtherText_Hideout
0x0841185A	rom	0x21	gSystemText_ResetRTCPrompt
0x0841187B	rom	0x15	gSystemText_PresentTime
0x08411890	rom	0x16	gSystemText_PreviousTime
0x084118A6	rom	0x17	gSystemText_PleaseResetTime
0x084118BD	rom	0x3B	gSystemText_ClockResetDataSave
0x084118F8	rom	0x10	gSystemText_SaveCompleted
0x08411908	rom	0xF	gSystemText_SaveFailed
0x08411917	rom	0x31	gSystemText_NoSaveFileNoTime
0x08411948	rom	0x34	gText_InGameClockUsable
0x0841197C	rom	0x24	gSystemText_Saving
0x084119A0	rom	0x14	gUnknown_0841192C
0x084119B4	rom	0x8	sClockOamData
0x084119BC	rom	0x18	sClockFrames
0x084119D4	rom	0x20	gSaveFailedClockPal
0x084119F4	rom	0x90	gSaveFailedClockGfx
0x08411A84	rom	0x32	sNatureToMonPokeblockAnim
0x08411AB6	rom	0x44C	sMonPokeblockAnims
0x08411F04	rom	0x10	sSpriteAffineAnim_8411E90
0x08411F14	rom	0x20	sSpriteAffineAnim_8411EA0
0x08411F34	rom	0x28	sSpriteAffineAnim_8411EC0
0x08411F5C	rom	0x20	sSpriteAffineAnim_8411EE8
0x08411F7C	rom	0x28	sSpriteAffineAnim_8411F08
0x08411FA4	rom	0x20	sSpriteAffineAnim_8411F30
0x08411FC4	rom	0x28	sSpriteAffineAnim_8411F50
0x08411FEC	rom	0x20	sSpriteAffineAnim_8411F78
0x0841200C	rom	0x28	sSpriteAffineAnim_8411F98
0x08412034	rom	0x20	sSpriteAffineAnim_8411FC0
0x08412054	rom	0x28	sSpriteAffineAnim_8411FE0
0x0841207C	rom	0x20	sSpriteAffineAnim_8412008
0x0841209C	rom	0x28	sSpriteAffineAnim_8412028
0x084120C4	rom	0x54	sSpriteAffineAnimTable_8412050
0x08412118	rom	0x38	sPokeblocksPals
0x08412150	rom	0x10	sSpriteAffineAnim_84120DC
0x08412160	rom	0x4	sSpriteAffineAnimTable_84120EC
0x08412164	rom	0x58	sSpriteAffineAnim_84120F0
0x084121BC	rom	0x58	sSpriteAffineAnim_8412148
0x08412214	rom	0x4	sSpriteAffineAnimTable_84121A0
0x08412218	rom	0x4	sSpriteAffineAnimTable_84121A4
0x0841221C	rom	0x4	sSpriteAffineAnimTable_84121A8
0x08412220	rom	0x8	sThrownPokeblockOamData
0x08412228	rom	0x8	sThrownPokeblockSpriteAnim
0x08412230	rom	0x4	sThrownPokeblockAnimTable
0x08412234	rom	0x18	sSpriteAffineAnim_84121C0
0x0841224C	rom	0x4	sThrownPokeblockAffineAnimTable
0x08412250	rom	0x8	sUnknown_084121DC
0x08412258	rom	0x18	sThrownPokeblockSpriteTemplate
0x08412270	rom	0x20	gUnknown_084121FC
0x08412290	rom	0x20	gUnknown_0841221C
0x084122B0	rom	0x20	gUnknown_0841223C
0x084122D0	rom	0x480	gUnknown_0841225C
0x08412750	rom	0x13C	gUnknown_084126DC
0x0841288C	rom	0x60	gUnknown_08412818
0x084128EC	rom	0x60	gUnknown_08412878
0x0841294C	rom	0x5DC	gUnknown_084128D8
0x08412F28	rom	0x2D0	gUnknown_08412EB4
0x084131F8	rom	0x20	gUnknown_08413184
0x08413218	rom	0x20	gUnknown_084131A4
0x08413238	rom	0x13C	gUnknown_084131C4
0x08413374	rom	0x20	gUnknown_08413300
0x08413394	rom	0x20	gUnknown_08413320
0x084133B4	rom	0x688	gUnknown_08413340
0x08413A3C	rom	0x304	gUnknown_084139C8
0x08413D40	rom	0x20	gUnknown_08413CCC
0x08413D60	rom	0x14C	gIntro2TreeTiles
0x08413EAC	rom	0x40	gUnknown_08413E38
0x08413EEC	rom	0x1EC	gUnknown_08413E78
0x084140D8	rom	0x20	gUnknown_08414064
0x084140F8	rom	0x2AC	gUnknown_08414084
0x084143A4	rom	0x84	gIntro2NightTiles
0x08414428	rom	0x20	gIntro2BrendanPalette
0x08414448	rom	0xB9C	gIntro2BrendanTiles
0x08414FE4	rom	0x20	gIntro2MayPalette
0x08415004	rom	0x1E0	gUnknown_08414F90
0x084151E4	rom	0xC98	gIntro2MayTiles
0x08415E7C	rom	0x42C	gIntro2BicycleTiles
0x084162A8	rom	0x20	gIntro2LatiosPalette
0x084162C8	rom	0x4A4	gIntro2LatiosTiles
0x0841676C	rom	0x20	gIntro2LatiasPalette
0x0841678C	rom	0x424	gIntro2LatiasTiles
0x08416BB0	rom	0x18	gSpriteTemplate_8416B3C
0x08416BC8	rom	0x10	gUnknown_08416B54
0x08416BD8	rom	0x8	gSpriteAnim_8416B64
0x08416BE0	rom	0x8	gSpriteAnim_8416B6C
0x08416BE8	rom	0x8	gSpriteAnim_8416B74
0x08416BF0	rom	0x8	gSpriteAnim_8416B7C
0x08416BF8	rom	0x10	gSpriteAnimTable_8416B84
0x08416C08	rom	0x48	gUnknown_08416B94
0x08416C50	rom	0x10	gUnknown_08416BDC
0x08416C60	rom	0x8	gSpriteAnim_8416BEC
0x08416C68	rom	0x8	gSpriteAnim_8416BF4
0x08416C70	rom	0x8	gSpriteAnim_8416BFC
0x08416C78	rom	0xC	gSpriteAnimTable_8416C04
0x08416C84	rom	0x60	gUnknown_08416C10
0x08416CE4	rom	0x10	gUnknown_08416C70
0x08416CF4	rom	0x8	gSpriteAnim_8416C80
0x08416CFC	rom	0x4	gSpriteAnimTable_8416C88
0x08416D00	rom	0x30	gUnknown_08416C8C
0x08416D30	rom	0x8	gOamData_8416CBC
0x08416D38	rom	0x14	gSpriteAnim_8416CC4
0x08416D4C	rom	0x4	gSpriteAnimTable_8416CD8
0x08416D50	rom	0x18	gSpriteTemplate_8416CDC
0x08416D68	rom	0x18	gSpriteTemplate_8416CF4
0x08416D80	rom	0x8	gOamData_8416D0C
0x08416D88	rom	0x14	gSpriteAnim_8416D14
0x08416D9C	rom	0x4	gSpriteAnimTable_8416D28
0x08416DA0	rom	0x18	gSpriteTemplate_Brendan
0x08416DB8	rom	0x18	gSpriteTemplate_May
0x08416DD0	rom	0x8	gOamData_8416D5C
0x08416DD8	rom	0x8	gSpriteAnim_8416D64
0x08416DE0	rom	0x8	gSpriteAnim_8416D6C
0x08416DE8	rom	0x8	gSpriteAnimTable_8416D74
0x08416DF0	rom	0x18	gSpriteTemplate_8416D7C
0x08416E08	rom	0x18	gSpriteTemplate_8416D94
0x08416E20	rom	0x10	gIntro2BrendanSpriteSheet
0x08416E30	rom	0x10	gIntro2MaySpriteSheet
0x08416E40	rom	0x10	gIntro2BicycleSpriteSheet
0x08416E50	rom	0x10	gIntro2LatiosSpriteSheet
0x08416E60	rom	0x10	gIntro2LatiasSpriteSheet
0x08416E70	rom	0x28	gIntro2SpritePalettes
0x08416E98	rom	0x10	gUnknown_08416E24
0x08416EA8	rom	0x10	gUnknown_08416E34
0x08416EB8	rom	0x20	sEvoSparklePalette
0x08416ED8	rom	0x20	sEvoSparkleTiles
0x08416EF8	rom	0x10	sEvoSparkleSpriteSheets
0x08416F08	rom	0x10	sEvoSparkleSpritePals
0x08416F18	rom	0x8	sOamData_EvoSparkle
0x08416F20	rom	0x8	sSpriteAnim_EvoSparkle
0x08416F28	rom	0x4	sSpriteAnimTable_EvoSparkle
0x08416F2C	rom	0x18	sEvoSparkleSpriteTemplate
0x08416F44	rom	0x38	sEvoSparkleMatricies
0x08416F7C	rom	0x4	gUnknown_08416F08
0x08416F80	rom	0x4	gUnknown_08416F0C
0x08416F84	rom	0x4	gUnknown_08416F10
0x08416F88	rom	0x4	gUnknown_08416F14
0x08416F8C	rom	0x4	gUnknown_08416F18
0x08416F90	rom	0x6	gUnknown_08416F1C
0x08416F96	rom	0x6	gUnknown_08416F22
0x08416F9C	rom	0x6	gUnknown_08416F28
0x08416FA2	rom	0x6	gUnknown_08416F2E
0x08416FA8	rom	0x6	gUnknown_08416F34
0x08416FAE	rom	0x8	gUnknown_08416F3A
0x08416FB6	rom	0x8	gUnknown_08416F42
0x08416FBE	rom	0x8	gUnknown_08416F4A
0x08416FC6	rom	0x8	gUnknown_08416F52
0x08416FCE	rom	0x8	gUnknown_08416F5A
0x08416FD6	rom	0xA	gUnknown_08416F62
0x08416FE0	rom	0xA	gUnknown_08416F6C
0x08416FEA	rom	0xA	gUnknown_08416F76
0x08416FF4	rom	0xA	gUnknown_08416F80
0x08416FFE	rom	0xA	gUnknown_08416F8A
0x08417008	rom	0xC	gUnknown_08416F94
0x08417014	rom	0xC	gUnknown_08416FA0
0x08417020	rom	0xC	gUnknown_08416FAC
0x0841702C	rom	0xC	gUnknown_08416FB8
0x08417038	rom	0xC	gUnknown_08416FC4
0x08417044	rom	0xE	gUnknown_08416FD0
0x08417052	rom	0xE	gUnknown_08416FDE
0x08417060	rom	0xE	gUnknown_08416FEC
0x0841706E	rom	0xE	gUnknown_08416FFA
0x0841707C	rom	0xE	gUnknown_08417008
0x0841708A	rom	0x10	gUnknown_08417016
0x0841709A	rom	0x10	gUnknown_08417026
0x084170AA	rom	0x10	gUnknown_08417036
0x084170BA	rom	0x10	gUnknown_08417046
0x084170CA	rom	0x10	gUnknown_08417056
0x084170DC	rom	0x8C	gBardSoundPitchTables
0x08417168	rom	0xD0	gBardSoundLengthTable
0x08417238	rom	0x25E0	gBardSounds_Pokemon
0x08419818	rom	0x390	gBardSounds_Trainer
0x08419BA8	rom	0x1470	gBardSounds_Status
0x0841B018	rom	0xBD0	gBardSounds_Battle
0x0841BBE8	rom	0x7E0	gBardSounds_Greetings
0x0841C3C8	rom	0xE10	gBardSounds_People
0x0841D1D8	rom	0xBD0	gBardSounds_Voices
0x0841DDA8	rom	0xB40	gBardSounds_Speech
0x0841E8E8	rom	0xCF0	gBardSounds_Endings
0x0841F5D8	rom	0xCF0	gBardSounds_Feelings
0x084202C8	rom	0xCF0	gBardSounds_Conditions
0x08420FB8	rom	0xEA0	gBardSounds_Actions
0x08421E58	rom	0x870	gBardSounds_Lifestyle
0x084226C8	rom	0xA20	gBardSounds_Hobbies
0x084230E8	rom	0x870	gBardSounds_Time
0x08423958	rom	0x7E0	gBardSounds_Misc
0x08424138	rom	0x6C0	gBardSounds_Adjectives
0x084247F8	rom	0x420	gBardSounds_Events
0x08424C18	rom	0x1CB0	gBardSounds_Moves1
0x084268C8	rom	0x2460	gBardSounds_Moves2
0x08428D28	rom	0x630	gBardSounds_TrendySaying
0x08429358	rom	0x2F10	gBardSounds_Pokemon2
0x0842C268	rom	0x58	gBardSoundsTable
0x0842C2C0	rom	0xA	UnknownString_1stRound
0x0842C2CA	rom	0xA	UnknownString_2ndRound
0x0842C2D4	rom	0xA	UnknownString_3rdRound
0x0842C2DE	rom	0xA	UnknownString_4thRound
0x0842C2E8	rom	0xA	UnknownString_5thRound
0x0842C2F2	rom	0xA	UnknownString_6thRound
0x0842C2FC	rom	0xA	UnknownString_7thRound
0x0842C306	rom	0xA	UnknownString_8thRound
0x0842C310	rom	0x40	gUnknown_0842C29C
0x0842D590	rom	0x1C0	OutlineCursorTiles_00
0x0842D750	rom	0x1C0	OutlineCursorTiles_01
0x0842D910	rom	0x1C0	OutlineCursorTiles_02
0x0842DAD0	rom	0x1C0	OutlineCursorTiles_03
0x0842DC90	rom	0x1C0	OutlineCursorTiles_04
0x0842DE50	rom	0x1C0	OutlineCursorTiles_05
0x0842E010	rom	0x1C0	OutlineCursorTiles_06
0x0842E1D0	rom	0x1C0	OutlineCursorTiles_07
0x0842E390	rom	0x1C0	OutlineCursorTiles_08
0x0842E550	rom	0x1C0	OutlineCursorTiles_09
0x0842E710	rom	0x1C0	OutlineCursorTiles_10
0x0842E8D0	rom	0x1C0	OutlineCursorTiles_11
0x0842EA90	rom	0x1C0	OutlineCursorTiles_12
0x0842EC50	rom	0x1C0	OutlineCursorTiles_13
0x0842EE10	rom	0x1C0	OutlineCursorTiles_14
0x0842EFD0	rom	0x1C0	OutlineCursorTiles_15
0x0842F190	rom	0x8	gOamData_842F11C
0x0842F198	rom	0x8	gOamData_842F124
0x0842F1A0	rom	0x8	gOamData_842F12C
0x0842F1A8	rom	0x8	gSpriteAnim_842F134
0x0842F1B0	rom	0x4	gSpriteAnimTable_842F13C
0x0842F1B4	rom	0x80	gUnknown_0842F140
0x0842F234	rom	0x80	gUnknown_0842F1C0
0x0842F2B4	rom	0x8	gUnknown_0842F240
0x0842F2BC	rom	0x8	gUnknown_0842F248
0x0842F2C4	rom	0x48	gSpriteTemplate_842F250
0x0842F30C	rom	0x30	gSpriteTemplate_842F298
0x0842F33C	rom	0x10	gSubspriteTable_842F2C8
0x0842F34C	rom	0x18	gSubspriteTable_842F2D8
0x0842F364	rom	0x20	gSubspriteTable_842F2F0
0x0842F384	rom	0x18	gSubspriteTable_842F310
0x0842F39C	rom	0x18	gSubspriteTable_842F328
0x0842F3B4	rom	0x20	gSubspriteTable_842F340
0x0842F3D4	rom	0x20	gSubspriteTable_842F360
0x0842F3F4	rom	0x20	gSubspriteTable_842F380
0x0842F414	rom	0x20	gSubspriteTable_842F3A0
0x0842F434	rom	0x28	gSubspriteTable_842F3C0
0x0842F45C	rom	0x28	gSubspriteTable_842F3E8
0x0842F484	rom	0x28	gSubspriteTable_842F410
0x0842F4AC	rom	0x28	gSubspriteTable_842F438
0x0842F4D4	rom	0x30	gSubspriteTable_842F460
0x0842F504	rom	0x30	gSubspriteTable_842F490
0x0842F534	rom	0x30	gSubspriteTable_842F4C0
0x0842F564	rom	0x30	gSubspriteTable_842F4F0
0x0842F594	rom	0x38	gSubspriteTable_842F520
0x0842F5CC	rom	0x18	gSubspriteTable_842F558
0x0842F5E4	rom	0x4C	gUnknown_0842F570
0x0842F630	rom	0x4	gUnknown_0842F5BC
0x0842F634	rom	0x100	gSubspriteTables_842F5C0
0x0842F734	rom	0x98	gSubspriteTables_842F6C0
0x0842F7CC	rom	0x8	gUnknown_0842F758
0x0842F7D4	rom	0x8	gUnknown_0842F760
0x0842F7DC	rom	0x8	gUnknown_0842F768
0x0842F7E4	rom	0x8	gUnknown_0842F770
0x0842F7EC	rom	0x8	gUnknown_0842F778
0x0842F7F4	rom	0x8	gUnknown_0842F780
0x0842F7FC	rom	0x8	gUnknown_0842F788
0x0842F804	rom	0x8	gUnknown_0842F790
0x0842F80C	rom	0x32	gText_MysteryEventBerry
0x0842F83E	rom	0x2C	gText_MysteryEventBerryTransform
0x0842F86A	rom	0x28	gText_MysteryEventBerryObtained
0x0842F892	rom	0x34	gText_MysteryEventSpecialRibbon
0x0842F8C6	rom	0x36	gText_MysteryEventNationalDex
0x0842F8FC	rom	0x1C	gText_MysteryEventRareWord
0x0842F918	rom	0x12	gText_MysteryEventSentOver
0x0842F92A	rom	0x2F	gText_MysteryEventFullParty
0x0842F959	rom	0x24	gText_MysteryEventNewTrainer
0x0842F97D	rom	0x31	gText_MysteryEventNewAdversaryInBattleTower
0x0842F9AE	rom	0x2A	gText_MysteryEventCantBeUsed
0x0842F9D8	rom	0x90	gMPlayJumpTableTemplate
0x0842FA68	rom	0x10	gDeltaEncodingTable
0x0842FA78	rom	0xB4	gScaleTable
0x0842FB2C	rom	0x30	gFreqTable
0x0842FB5C	rom	0x18	gPcmSamplesPerVBlankTable
0x0842FB74	rom	0x84	gCgbScaleTable
0x0842FBF8	rom	0x18	gCgbFreqTable
0x0842FC10	rom	0x3C	gNoiseTable
0x0842FC4C	rom	0x10	gCgb3Vol
0x0842FC5C	rom	0x31	gClockTable
0x0842FC90	rom	0x34	gPokemonCrySongTemplate
0x0842FCC4	rom	0x38	gXcmdTable
0x086B080C	rom	0xD	AgbLibFlashVersion
0x086B081C	rom	0xC	sSetupInfos
0x086B0850	rom	0x18	mxMaxTime
0x086B0868	rom	0x30	MX29L010
0x086B0898	rom	0x30	DefaultFlash
0x086B08EC	rom	0x18	leMaxTime
0x086B0904	rom	0x30	LE26FV10N1TS
0x086B0934	rom	0xC	AgbLibRtcVersion
0x086B096C	rom	0x100	__clz_tab
0x08D00000	rom	0x4E0	gBattleTextboxTiles
0x08D004E0	rom	0x44	gBattleTextboxPalette
0x08D00524	rom	0x1000	gBattleTextboxTilemap
0x08D01524	rom	0x248	gMonFrontPic_CircledQuestionMark
0x08D0176C	rom	0x248	gMonBackPic_CircledQuestionMark
0x08D019B4	rom	0x18	gMonPalette_CircledQuestionMark
0x08D019CC	rom	0x18	gMonShinyPalette_CircledQuestionMark
0x08D019E4	rom	0x7D8	gDebugBattleCharmap_Gfx_lz
0x08D021BC	rom	0x22C	gDebugBattleCharmap_Tilemap_lz
0x08D023E8	rom	0x28	gDebugBattleCharmap_Pal_lz
0x08D02410	rom	0xE0	gSmokescreenImpactTiles
0x08D024F0	rom	0x18	gSmokescreenImpactPalette
0x08D02508	rom	0xBC	gInterfaceGfx_PokeBall
0x08D025C4	rom	0x20	gInterfacePal_PokeBall
0x08D025E4	rom	0xBC	gInterfaceGfx_GreatBall
0x08D026A0	rom	0x24	gInterfacePal_GreatBall
0x08D026C4	rom	0xC4	gInterfaceGfx_SafariBall
0x08D02788	rom	0x24	gInterfacePal_SafariBall
0x08D027AC	rom	0xB8	gInterfaceGfx_UltraBall
0x08D02864	rom	0x20	gInterfacePal_UltraBall
0x08D02884	rom	0xC0	gInterfaceGfx_MasterBall
0x08D02944	rom	0x24	gInterfacePal_MasterBall
0x08D02968	rom	0xC0	gInterfaceGfx_NetBall
0x08D02A28	rom	0x20	gInterfacePal_NetBall
0x08D02A48	rom	0x114	gInterfaceGfx_DiveBall
0x08D02B5C	rom	0x28	gInterfacePal_DiveBall
0x08D02B84	rom	0xC4	gInterfaceGfx_NestBall
0x08D02C48	rom	0x24	gInterfacePal_NestBall
0x08D02C6C	rom	0xC0	gInterfaceGfx_RepeatBall
0x08D02D2C	rom	0x24	gInterfacePal_RepeatBall
0x08D02D50	rom	0xF8	gInterfaceGfx_TimerBall
0x08D02E48	rom	0x24	gInterfacePal_TimerBall
0x08D02E6C	rom	0x12C	gInterfaceGfx_LuxuryBall
0x08D02F98	rom	0x28	gInterfacePal_LuxuryBall
0x08D02FC0	rom	0xF0	gInterfaceGfx_PremierBall
0x08D030B0	rom	0x20	gInterfacePal_PremierBall
0x08D030D0	rom	0x7C	gUnknown_08D030D0
0x08D0314C	rom	0xFC	gBlankGfxCompressed
0x08D03248	rom	0xC0	gBattleAnimSpriteSheet_146
0x08D03308	rom	0xB0	gBattleAnimSpriteSheet_000
0x08D033B8	rom	0x74	gBattleAnimSpriteSheet_003
0x08D0342C	rom	0xB0	gBattleAnimSpriteSheet_004
0x08D034DC	rom	0xD4	gBattleAnimSpriteSheet_005
0x08D035B0	rom	0xCC	gBattleAnimSpriteSheet_006
0x08D0367C	rom	0x20	gBattleAnimSpritePalette_115
0x08D0369C	rom	0x24	gBattleAnimSpritePalette_000
0x08D036C0	rom	0x28	gBattleAnimSpritePalette_003
0x08D036E8	rom	0x14	gBattleAnimSpritePalette_004
0x08D036FC	rom	0x28	gBattleAnimSpritePalette_005
0x08D03724	rom	0x28	gBattleAnimSpritePalette_006
0x08D0374C	rom	0x28	gBattleAnimSpriteSheet_161
0x08D03774	rom	0x28	gBattleAnimSpritePalette_161
0x08D0379C	rom	0x17C	gBattleAnimSpriteSheet_007
0x08D03918	rom	0x20	gBattleAnimSpritePalette_007
0x08D03938	rom	0x20	gBattleAnimSpriteSheet_008
0x08D03958	rom	0x1C	gBattleAnimSpritePalette_008
0x08D03974	rom	0x20	gBattleAnimSpritePalette_010
0x08D03994	rom	0x3E0	gBattleAnimSpriteSheet_010
0x08D03D74	rom	0x2E8	gBattleAnimSpriteSheet_009
0x08D0405C	rom	0x20	gBattleAnimSpritePalette_009
0x08D0407C	rom	0x78	gBattleAnimSpriteSheet_011
0x08D040F4	rom	0x28	gBattleAnimSpritePalette_011
0x08D0411C	rom	0x68	gBattleAnimSpriteSheet_012
0x08D04184	rom	0x18	gBattleAnimSpritePalette_012
0x08D0419C	rom	0x48	gBattleAnimSpriteSheet_152
0x08D041E4	rom	0x24	gBattleAnimSpritePalette_152
0x08D04208	rom	0x34	gBattleAnimSpriteSheet_013
0x08D0423C	rom	0x18	gBattleAnimSpritePalette_013
0x08D04254	rom	0x6C	gBattleAnimSpriteSheet_015
0x08D042C0	rom	0x28	gBattleAnimSpritePalette_015
0x08D042E8	rom	0x70	gBattleAnimSpriteSheet_016
0x08D04358	rom	0x10	gBattleAnimSpritePalette_016
0x08D04368	rom	0x20	gBattleAnimSpriteSheet_017
0x08D04388	rom	0x24	gUknown_08D04388
0x08D043AC	rom	0x1C	gBattleAnimSpritePalette_019
0x08D043C8	rom	0xC0	gBattleAnimSpriteSheet_019
0x08D04488	rom	0xCC	gBattleAnimSpriteSheet_020
0x08D04554	rom	0x28	gBattleAnimSpritePalette_020
0x08D0457C	rom	0x28	gBattleAnimSpritePalette_023
0x08D045A4	rom	0x108	gBattleAnimSpriteSheet_023
0x08D046AC	rom	0x28	gUnusedBattleAnim_023
0x08D046D4	rom	0xFC	gUnusedMusicNotes
0x08D047D0	rom	0x28	gBattleAnimSpritePalette_021
0x08D047F8	rom	0x338	gBattleAnimSpriteSheet_021
0x08D04B30	rom	0x28	gBattleAnimSpritePalette_022
0x08D04B58	rom	0x28	gBattleAnimSpritePalette_025
0x08D04B80	rom	0xF0	gBattleAnimSpriteSheet_025
0x08D04C70	rom	0xCC	gBattleAnimSpriteSheet_024
0x08D04D3C	rom	0x14	gBattleAnimSpritePalette_024
0x08D04D50	rom	0x3E0	gBattleAnimSpriteSheet_031
0x08D05130	rom	0x20	gBattleAnimSpritePalette_031
0x08D05150	rom	0x28	gBattleAnimSpritePalette_032
0x08D05178	rom	0xEC	gBattleAnimSpriteSheet_032
0x08D05264	rom	0x338	gBattleAnimSpriteSheet_026
0x08D0559C	rom	0x28	gBattleAnimSpritePalette_026
0x08D055C4	rom	0x28	gBattleAnimSpritePalette_027
0x08D055EC	rom	0x2FC	gBattleAnimSpriteSheet_027
0x08D058E8	rom	0x28	gBattleAnimSpritePalette_028
0x08D05910	rom	0x350	gBattleAnimSpriteSheet_028
0x08D05C60	rom	0x2B8	gBattleAnimSpriteSheet_029
0x08D05F18	rom	0x28	gBattleAnimSpritePalette_029
0x08D05F40	rom	0x3C0	gBattleAnimSpriteSheet_030
0x08D06300	rom	0x24	gBattleAnimSpritePalette_030
0x08D06324	rom	0x28	gBattleAnimSpritePalette_033
0x08D0634C	rom	0x970	gBattleAnimSpriteSheet_033
0x08D06CBC	rom	0x3CC	gBattleAnimSpriteSheet_034
0x08D07088	rom	0x398	gBattleAnimSpriteSheet_035
0x08D07420	rom	0x28	gBattleAnimSpritePalette_036
0x08D07448	rom	0x3D4	gBattleAnimSpriteSheet_036
0x08D0781C	rom	0x34C	gBattleAnimSpriteSheet_037
0x08D07B68	rom	0x44	gUnknown_08D07B68
0x08D07BAC	rom	0x14	gUnknown_08D07B68_pal
0x08D07BC0	rom	0x34	gUnknown_08D07B68_2
0x08D07BF4	rom	0x364	unused_gfx_obi1
0x08D07F58	rom	0x44	unused_gfx_obi_palpak1
0x08D07F9C	rom	0x18	unused_gfx_old_pal4
0x08D07FB4	rom	0x58	unused_gfx_obi_palpak3
0x08D0800C	rom	0x5C8	unused_gfx_obi2
0x08D085D4	rom	0x110	unused_gfx_old_battle_interface_tilemap
0x08D086E4	rom	0x28	gBattleAnimSpritePalette_038
0x08D0870C	rom	0x28	gBattleAnimSpritePalette_039
0x08D08734	rom	0x224	gBattleAnimSpriteSheet_038
0x08D08958	rom	0x2FC	gBattleAnimSpriteSheet_039
0x08D08C54	rom	0x20C	gBattleAnimSpriteSheet_040
0x08D08E60	rom	0x1A0	gBattleAnimSpriteSheet_041
0x08D09000	rom	0x2D0	gBattleAnimSpriteSheet_042
0x08D092D0	rom	0x28	gBattleAnimSpritePalette_042
0x08D092F8	rom	0x400	gBattleAnimSpriteSheet_043
0x08D096F8	rom	0x28	gBattleAnimSpritePalette_043
0x08D09720	rom	0x28	gBattleAnimSpritePalette_044
0x08D09748	rom	0x26C	gBattleAnimSpriteSheet_044
0x08D099B4	rom	0x28	gBattleAnimSpritePalette_045
0x08D099DC	rom	0x26C	gBattleAnimSpriteSheet_045
0x08D09C48	rom	0x214	gUnknown_08D09C48
0x08D09E5C	rom	0x3E0	gBattleAnimSpriteSheet_046
0x08D0A23C	rom	0x20	gBattleAnimSpritePalette_046
0x08D0A25C	rom	0x24	gBattleAnimSpritePalette_047
0x08D0A280	rom	0x298	gBattleAnimSpriteSheet_048
0x08D0A518	rom	0x28	gBattleAnimSpritePalette_048
0x08D0A540	rom	0x28	gBattleAnimSpritePalette_049
0x08D0A568	rom	0x24	gBattleAnimSpritePalette_050
0x08D0A58C	rom	0xA0	gBattleAnimSpriteSheet_050
0x08D0A62C	rom	0xAC	gBattleAnimSpriteSheet_051
0x08D0A6D8	rom	0xCC	gBattleAnimSpriteSheet_052
0x08D0A7A4	rom	0x184	unused_gfx_line_sketch
0x08D0A928	rom	0x10	unused_gfx_line_sketch_pal
0x08D0A938	rom	0x2C	gBattleAnimSpriteSheet_054
0x08D0A964	rom	0x18	gBattleAnimSpritePalette_054
0x08D0A97C	rom	0x4A8	gBattleAnimSpriteSheet_056
0x08D0AE24	rom	0x28	gBattleAnimSpritePalette_056
0x08D0AE4C	rom	0xC4	gBattleAnimSpriteSheet_055
0x08D0AF10	rom	0x88	gBattleAnimSpriteSheet_057
0x08D0AF98	rom	0x24	gBattleAnimSpritePalette_057
0x08D0AFBC	rom	0x468	gBattleAnimSpriteSheet_058
0x08D0B424	rom	0x28	gBattleAnimSpritePalette_058
0x08D0B44C	rom	0x60	gBattleAnimSpriteSheet_059
0x08D0B4AC	rom	0x1C	gBattleAnimSpritePalette_059
0x08D0B4C8	rom	0x28	gBattleAnimSpriteSheet_060
0x08D0B4F0	rom	0x1C	gBattleAnimSpritePalette_060
0x08D0B50C	rom	0xB0	gBattleAnimSpriteSheet_061
0x08D0B5BC	rom	0x20	gBattleAnimSpritePalette_061
0x08D0B5DC	rom	0x3D0	gBattleAnimSpriteSheet_062
0x08D0B9AC	rom	0x28	gBattleAnimSpritePalette_062
0x08D0B9D4	rom	0x1BC	gBattleAnimSpriteSheet_063
0x08D0BB90	rom	0x28	gBattleAnimSpritePalette_063
0x08D0BBB8	rom	0x70	unused_gfx_metronome_hand_small
0x08D0BC28	rom	0x24	gBattleAnimSpritePalette_091
0x08D0BC4C	rom	0x114	gBattleAnimSpriteSheet_065
0x08D0BD60	rom	0x20	gBattleAnimSpritePalette_065
0x08D0BD80	rom	0x4C	gBattleAnimSpriteSheet_066
0x08D0BDCC	rom	0x28	gBattleAnimSpritePalette_066
0x08D0BDF4	rom	0x80	gBattleAnimSpriteSheet_070
0x08D0BE74	rom	0x28	gBattleAnimSpritePalette_070
0x08D0BE9C	rom	0x22C	gBattleAnimSpriteSheet_071
0x08D0C0C8	rom	0xD0	gBattleAnimSpriteSheet_072
0x08D0C198	rom	0x18	gBattleAnimSpritePalette_072
0x08D0C1B0	rom	0x11C	gBattleAnimSpriteSheet_073
0x08D0C2CC	rom	0x20	gBattleAnimSpritePalette_073
0x08D0C2EC	rom	0x27C	gBattleAnimSpriteSheet_075
0x08D0C568	rom	0x24	gBattleAnimSpritePalette_075
0x08D0C58C	rom	0x198	gBattleAnimSpriteSheet_078
0x08D0C724	rom	0x28	gBattleAnimSpritePalette_078
0x08D0C74C	rom	0x430	gBattleAnimSpriteSheet_079
0x08D0CB7C	rom	0x364	gBattleAnimSpriteSheet_080
0x08D0CEE0	rom	0x24	gBattleAnimSpritePalette_080
0x08D0CF04	rom	0x84	gBattleAnimSpriteSheet_081
0x08D0CF88	rom	0x24	gBattleAnimSpritePalette_081
0x08D0CFAC	rom	0x24	gUnknown_08D0CFAC
0x08D0CFD0	rom	0x24	gUnknown_08D0CFD0
0x08D0CFF4	rom	0x24	gUnknown_08D0CFF4
0x08D0D018	rom	0x58	unused_line_sketch_2
0x08D0D070	rom	0x20	gUnknown_08D0D070
0x08D0D090	rom	0x90	unused_line_sketch_2_tilemap
0x08D0D120	rom	0x24	gBattleAnimSpriteSheet_082
0x08D0D144	rom	0x14	gBattleAnimSpritePalette_082
0x08D0D158	rom	0x28	gBattleAnimSpritePalette_083
0x08D0D180	rom	0x28	gBattleAnimSpritePalette_084
0x08D0D1A8	rom	0x18	gBattleAnimSpritePalette_085
0x08D0D1C0	rom	0x28	gBattleAnimSpritePalette_086
0x08D0D1E8	rom	0x1C	gBattleAnimSpritePalette_088
0x08D0D204	rom	0x28	gBattleAnimSpritePalette_089
0x08D0D22C	rom	0x24	gBattleAnimSpritePalette_090
0x08D0D250	rom	0x1C	gBattleAnimSpritePalette_092
0x08D0D26C	rom	0x28	gBattleAnimSpritePalette_093
0x08D0D294	rom	0x20	gBattleAnimSpritePalette_094
0x08D0D2B4	rom	0x20	gUnknown_08D0D2B4
0x08D0D2D4	rom	0x28	gBattleAnimSpritePalette_095
0x08D0D2FC	rom	0x1C	gBattleAnimSpritePalette_096
0x08D0D318	rom	0x28	gBattleAnimSpritePalette_097
0x08D0D340	rom	0x1C	gBattleAnimSpritePalette_100
0x08D0D35C	rom	0x28	gBattleAnimSpritePalette_101
0x08D0D384	rom	0x24	gBattleAnimSpritePalette_103
0x08D0D3A8	rom	0x4A4	gBattleAnimSpriteSheet_083
0x08D0D84C	rom	0x3C4	gBattleAnimSpriteSheet_084
0x08D0DC10	rom	0xB8	gBattleAnimSpriteSheet_085
0x08D0DCC8	rom	0x170	gBattleAnimSpriteSheet_086
0x08D0DE38	rom	0x50	gBattleAnimSpriteSheet_088
0x08D0DE88	rom	0x274	gBattleAnimSpriteSheet_089
0x08D0E0FC	rom	0x90	gBattleAnimSpriteSheet_090
0x08D0E18C	rom	0x134	gBattleAnimSpriteSheet_091
0x08D0E2C0	rom	0x7C	gBattleAnimSpriteSheet_092
0x08D0E33C	rom	0x6D0	gBattleAnimSpriteSheet_093
0x08D0EA0C	rom	0x1A4	gBattleAnimSpriteSheet_094
0x08D0EBB0	rom	0xB0	gBattleAnimSpriteSheet_095
0x08D0EC60	rom	0x170	gBattleAnimSpriteSheet_096
0x08D0EDD0	rom	0x1E0	gBattleAnimSpriteSheet_097
0x08D0EFB0	rom	0x138	gBattleAnimSpriteSheet_098
0x08D0F0E8	rom	0x100	gBattleAnimSpriteSheet_100
0x08D0F1E8	rom	0x130	gBattleAnimSpriteSheet_101
0x08D0F318	rom	0x198	gBattleAnimSpriteSheet_102
0x08D0F4B0	rom	0x6C	gBattleAnimSpriteSheet_103
0x08D0F51C	rom	0x1C0	gBattleAnimSpriteSheet_104
0x08D0F6DC	rom	0x28	gBattleAnimSpritePalette_104
0x08D0F704	rom	0x584	gBattleAnimSpriteSheet_105
0x08D0FC88	rom	0x28	gBattleAnimSpritePalette_105
0x08D0FCB0	rom	0xF0	gBattleAnimSpriteSheet_106
0x08D0FDA0	rom	0x3AC	gBattleAnimSpriteSheet_107
0x08D1014C	rom	0x28	gBattleAnimSpritePalette_107
0x08D10174	rom	0x384	gBattleAnimSpriteSheet_108
0x08D104F8	rom	0x28	gBattleAnimSpriteSheet_109
0x08D10520	rom	0x28	gBattleAnimSpritePalette_109
0x08D10548	rom	0x3E4	gBattleAnimSpriteSheet_110
0x08D1092C	rom	0x44	gBattleAnimSpriteSheet_111
0x08D10970	rom	0x24	gBattleAnimSpritePalette_111
0x08D10994	rom	0x328	gBattleAnimSpriteSheet_112
0x08D10CBC	rom	0x28	gBattleAnimSpritePalette_112
0x08D10CE4	rom	0x26C	gBattleAnimSpriteSheet_113
0x08D10F50	rom	0x28	gBattleAnimSpritePalette_113
0x08D10F78	rom	0xF4	gBattleAnimSpriteSheet_114
0x08D1106C	rom	0x28	gBattleAnimSpritePalette_114
0x08D11094	rom	0x118	unused_blue_frame
0x08D111AC	rom	0x400	unused_redyellowgreen_frame
0x08D115AC	rom	0x5A0	unused_color_frames
0x08D11B4C	rom	0x28	unused_color_frames_pal
0x08D11B74	rom	0x130	gBattleAnimSpriteSheet_115
0x08D11CA4	rom	0x188	unused_water_splash_8bpp
0x08D11E2C	rom	0xE0	unused_water_splash_bin
0x08D11F0C	rom	0x60	unused_water_splash_pal
0x08D11F6C	rom	0x8C	unused_basic_frame_4bpp
0x08D11FF8	rom	0x28	unused_basic_frame_pal
0x08D12020	rom	0x10C	unused_basic_frame_bin
0x08D1212C	rom	0x20	gUnknown_08D1212C
0x08D1214C	rom	0x20	gUnknown_08D1214C
0x08D1216C	rom	0x840	gHealthboxElementsGfxTable
0x08D129AC	rom	0x80	Tiles_D129AC
0x08D12A2C	rom	0x20	unused_gfx_ball_display_unused_extra
0x08D12A4C	rom	0x1E0	unused_gfx_status2
0x08D12C2C	rom	0x1E0	unused_gfx_status3
0x08D12E0C	rom	0x1E0	unused_gfx_status4
0x08D12FEC	rom	0x20	unused_gfx_unknown_D12FEC
0x08D1300C	rom	0x20	unused_gfx_unknown_D1300C
0x08D1302C	rom	0x2AC	gBattleAnimSpriteSheet_116
0x08D132D8	rom	0x28	gBattleAnimSpritePalette_116
0x08D13300	rom	0x23C	gBattleAnimSpriteSheet_117
0x08D1353C	rom	0x1C	gBattleAnimSpritePalette_117
0x08D13558	rom	0x198	gBattleAnimSpriteSheet_118
0x08D136F0	rom	0x1C	gBattleAnimSpritePalette_118
0x08D1370C	rom	0x290	gBattleAnimSpriteSheet_119
0x08D1399C	rom	0x28	gBattleAnimSpritePalette_119
0x08D139C4	rom	0xF4	gBattleAnimSpriteSheet_120
0x08D13AB8	rom	0x28	gBattleAnimSpritePalette_120
0x08D13AE0	rom	0x2C	gBattleAnimSpriteSheet_121
0x08D13B0C	rom	0x24	gBattleAnimSpritePalette_121
0x08D13B30	rom	0xFC	gBattleAnimSpriteSheet_122
0x08D13C2C	rom	0x1C	gBattleAnimSpritePalette_122
0x08D13C48	rom	0x13C	gBattleAnimSpriteSheet_123
0x08D13D84	rom	0x298	gBattleAnimSpriteSheet_124
0x08D1401C	rom	0x28	gBattleAnimSpritePalette_124
0x08D14044	rom	0xEC	gBattleAnimSpriteSheet_125
0x08D14130	rom	0x28	gBattleAnimSpritePalette_125
0x08D14158	rom	0x68	gBattleAnimSpriteSheet_126
0x08D141C0	rom	0x20	gBattleAnimSpritePalette_126
0x08D141E0	rom	0x1A0	gBattleAnimSpriteSheet_127
0x08D14380	rom	0x24	gBattleAnimSpritePalette_127
0x08D143A4	rom	0x26C	gBattleAnimSpriteSheet_128
0x08D14610	rom	0x20	gBattleAnimSpritePalette_128
0x08D14630	rom	0x64	gBattleAnimSpriteSheet_129
0x08D14694	rom	0x3D0	gBattleAnimSpriteSheet_130
0x08D14A64	rom	0x28	gBattleAnimSpritePalette_130
0x08D14A8C	rom	0x170	gBattleAnimSpriteSheet_131
0x08D14BFC	rom	0x100	gBattleAnimSpriteSheet_132
0x08D14CFC	rom	0x20	gBattleAnimSpritePalette_132
0x08D14D1C	rom	0x7C	gBattleAnimSpriteSheet_133
0x08D14D98	rom	0x28	gBattleAnimSpritePalette_133
0x08D14DC0	rom	0xD0	gBattleAnimSpriteSheet_134
0x08D14E90	rom	0x23C	gBattleAnimSpriteSheet_076
0x08D150CC	rom	0x28	gBattleAnimSpritePalette_076
0x08D150F4	rom	0xD4	gBattleAnimSpriteSheet_077
0x08D151C8	rom	0x914	unused_old_contest_4bpp
0x08D15ADC	rom	0x104	unused_old_contest_pal
0x08D15BE0	rom	0x184	unused_old_contest_bin
0x08D15D64	rom	0x2C0	unused_unknown_D15D64
0x08D16024	rom	0xF0	gContestNumbers_UnusedGfx
0x08D16114	rom	0x20	gContestNumbers_UnusedPal
0x08D16134	rom	0x1010	unused_old_contest_2_4bpp
0x08D17144	rom	0x118	gContestPalette
0x08D1725C	rom	0x1C8	gContestGfx
0x08D17424	rom	0x2A8	gContestBgmap
0x08D176CC	rom	0x10C	unused_unknown_D176CC
0x08D177D8	rom	0x464	unused_unknown_D177D8
0x08D17C3C	rom	0x130	gUnknown_08D17C3C
0x08D17D6C	rom	0xAAC	gContestMiscGfx
0x08D18818	rom	0xC5C	gContestAudienceGfx
0x08D19474	rom	0x11C	unused_gfx_faces_4bpp
0x08D19590	rom	0x1A4	gContestJudgeSymbolsGfx
0x08D19734	rom	0x28	gContest3Pal
0x08D1975C	rom	0x20	gTiles_8D1975C
0x08D1977C	rom	0xAD4	gUnknown_08D1977C
0x08D1A250	rom	0x114	gUnknown_08D1A250
0x08D1A364	rom	0x12C	gUnknown_08D1A364
0x08D1A490	rom	0x188	gUnknown_08D1A490
0x08D1A618	rom	0xEC	gUnknown_08D1A618
0x08D1A704	rom	0xD8	gBattleAnimSpriteSheet_135
0x08D1A7DC	rom	0x18	gBattleAnimSpritePalette_135
0x08D1A7F4	rom	0xB0	gBattleAnimSpriteSheet_Particles
0x08D1A8A4	rom	0x24	gBattleAnimSpriteSheet_136
0x08D1A8C8	rom	0x28	gBattleAnimSpritePalette_136
0x08D1A8F0	rom	0x204	gBattleAnimSpriteSheet_137
0x08D1AAF4	rom	0x1F0	gBattleAnimSpriteSheet_139
0x08D1ACE4	rom	0x20	gBattleAnimSpritePalette_139
0x08D1AD04	rom	0x1A0	gBattleAnimSpriteSheet_145
0x08D1AEA4	rom	0x14C	gBattleAnimSpriteSheet_138
0x08D1AFF0	rom	0x80	gBattleAnimSpriteSheet_140
0x08D1B070	rom	0x20	gBattleAnimSpritePalette_140
0x08D1B090	rom	0x108	gBattleAnimSpriteSheet_141
0x08D1B198	rom	0x20	gBattleAnimSpritePalette_141
0x08D1B1B8	rom	0x60	gBattleAnimSpriteSheet_142
0x08D1B218	rom	0x9C	unused_old_beatup_4bpp
0x08D1B2B4	rom	0x1C	unused_old_beatup_pal
0x08D1B2D0	rom	0x114	gBattleAnimSpriteSheet_147
0x08D1B3E4	rom	0x28	gBattleAnimSpritePalette_147
0x08D1B40C	rom	0xD0	gBattleAnimSpriteSheet_149
0x08D1B4DC	rom	0xE4	gBattleAnimSpriteSheet_148
0x08D1B5C0	rom	0x20	gBattleAnimSpritePalette_148
0x08D1B5E0	rom	0x20	gBattleAnimSpritePalette_259
0x08D1B600	rom	0x68	gBattleAnimSpriteSheet_074
0x08D1B668	rom	0x24	gBattleAnimSpritePalette_074
0x08D1B68C	rom	0xD4	gBattleAnimSpriteSheet_150
0x08D1B760	rom	0x1C	gBattleAnimSpritePalette_150
0x08D1B77C	rom	0xF8	gBattleAnimSpriteSheet_151
0x08D1B874	rom	0x6C	gBattleAnimSpriteSheet_153
0x08D1B8E0	rom	0x18	gBattleAnimSpritePalette_153
0x08D1B8F8	rom	0xAC	gBattleAnimSpriteSheet_154
0x08D1B9A4	rom	0x20	gBattleAnimSpritePalette_154
0x08D1B9C4	rom	0xC8	gBattleAnimSpriteSheet_155
0x08D1BA8C	rom	0x20	gBattleAnimSpritePalette_155
0x08D1BAAC	rom	0x218	gBattleAnimSpriteSheet_156
0x08D1BCC4	rom	0x28	gBattleAnimSpritePalette_156
0x08D1BCEC	rom	0x64	gBattleAnimSpriteSheet_157
0x08D1BD50	rom	0x18	gBattleAnimSpritePalette_157
0x08D1BD68	rom	0xC8	gBattleAnimSpriteSheet_158
0x08D1BE30	rom	0x24	gBattleAnimSpritePalette_158
0x08D1BE54	rom	0x7C	gBattleAnimSpriteSheet_159
0x08D1BED0	rom	0x28	gBattleAnimSpritePalette_159
0x08D1BEF8	rom	0xA8	gBattleAnimSpriteSheet_160
0x08D1BFA0	rom	0x28	gBattleAnimSpritePalette_160
0x08D1BFC8	rom	0x78	gBattleAnimSpriteSheet_144
0x08D1C040	rom	0x20	gBattleAnimSpritePalette_144
0x08D1C060	rom	0x28	unused_unknown_D1C060_4bpp
0x08D1C088	rom	0x18	unused_unknown_D1C060_pal
0x08D1C0A0	rom	0x104	unused_unknown_D1C060_bin
0x08D1C1A4	rom	0x84	gBattleAnimSpriteSheet_162
0x08D1C228	rom	0x20	gBattleAnimSpritePalette_162
0x08D1C248	rom	0x60	gBattleAnimSpriteSheet_163
0x08D1C2A8	rom	0x18	gBattleAnimSpritePalette_163
0x08D1C2C0	rom	0x18	gBattleAnimSpritePalette_288
0x08D1C2D8	rom	0x18	gBattleAnimSpritePalette_164
0x08D1C2F0	rom	0x18	gBattleAnimSpritePalette_165
0x08D1C308	rom	0x30C	gBattleAnimSpriteSheet_166
0x08D1C614	rom	0x20	gBattleAnimSpritePalette_166
0x08D1C634	rom	0x20	gBattleAnimSpritePalette_167
0x08D1C654	rom	0x20	gBattleAnimSpritePalette_168
0x08D1C674	rom	0x20	gBattleAnimSpritePalette_169
0x08D1C694	rom	0x20	gBattleAnimSpritePalette_170
0x08D1C6B4	rom	0x4C	gBattleAnimSpriteSheet_171
0x08D1C700	rom	0x28	gBattleAnimSpritePalette_171
0x08D1C728	rom	0x20	gBattleAnimSpritePalette_172
0x08D1C748	rom	0x2D4	gContestJudgeGfx
0x08D1CA1C	rom	0x28	gContest2Pal
0x08D1CA44	rom	0xB4	gBattleAnimSpriteSheet_001
0x08D1CAF8	rom	0x28	gBattleAnimSpritePalette_001
0x08D1CB20	rom	0x88	gBattleAnimSpriteSheet_173
0x08D1CBA8	rom	0x5F8	gBattleAnimBackgroundImage_00
0x08D1D1A0	rom	0x20	gBattleAnimBackgroundPalette_00
0x08D1D1C0	rom	0x250	gBattleAnimBackgroundTilemap_00
0x08D1D410	rom	0x13C	gUnknown_08D1D410
0x08D1D54C	rom	0x28	gUnknown_08D1D54C
0x08D1D574	rom	0x174	gUnknown_08D1D574
0x08D1D6E8	rom	0x110	unused_gfx_goosuto_4bpp
0x08D1D7F8	rom	0x18	unused_gfx_goosuto_pal
0x08D1D810	rom	0x150	unused_gfx_goosuto_bin
0x08D1D960	rom	0xA0	gBattleAnimSpriteSheet_174
0x08D1DA00	rom	0x28	gBattleAnimSpritePalette_174
0x08D1DA28	rom	0x64	gBattleAnimSpriteSheet_175
0x08D1DA8C	rom	0x28	gBattleAnimSpritePalette_175
0x08D1DAB4	rom	0x158	gBattleAnimSpriteSheet_176
0x08D1DC0C	rom	0x28	gBattleAnimSpritePalette_176
0x08D1DC34	rom	0xC4	gBattleAnimSpriteSheet_177
0x08D1DCF8	rom	0x18	gBattleAnimSpritePalette_177
0x08D1DD10	rom	0x168	gBattleAnimSpriteSheet_178
0x08D1DE78	rom	0x28	gBattleAnimSpritePalette_178
0x08D1DEA0	rom	0x28	gBattleAnimSpritePalette_179
0x08D1DEC8	rom	0xDC	gBattleAnimSpriteSheet_179
0x08D1DFA4	rom	0x18	gBattleAnimSpriteSheet_180
0x08D1DFBC	rom	0x390	gBattleAnimSpriteSheet_181
0x08D1E34C	rom	0xA4	gBattleAnimSpriteSheet_182
0x08D1E3F0	rom	0x28	gBattleAnimSpritePalette_182
0x08D1E418	rom	0x278	gBattleAnimSpriteSheet_183
0x08D1E690	rom	0x28	gBattleAnimSpritePalette_183
0x08D1E6B8	rom	0x154	gBattleAnimSpriteSheet_184
0x08D1E80C	rom	0x28	gBattleAnimSpritePalette_184
0x08D1E834	rom	0x414	gBattleAnimSpriteSheet_185
0x08D1EC48	rom	0x28	gBattleAnimSpritePalette_185
0x08D1EC70	rom	0x1D0	gBattleAnimBackgroundImage_03
0x08D1EE40	rom	0x24	gBattleAnimBackgroundPalette_03
0x08D1EE64	rom	0xC8	gBattleAnimBackgroundTilemap_03
0x08D1EF2C	rom	0x1F0	gBattleAnimSpriteSheet_187
0x08D1F11C	rom	0x20	gBattleAnimSpritePalette_187
0x08D1F13C	rom	0x3CC	gBattleAnimSpriteSheet_186
0x08D1F508	rom	0x24	gBattleAnimSpritePalette_186
0x08D1F52C	rom	0x2B4	gBattleWindowLargeGfx
0x08D1F7E0	rom	0x18C	gBattleWindowSmallGfx
0x08D1F96C	rom	0x198	gBattleWindowSmall2Gfx
0x08D1FB04	rom	0x190	gBattleWindowSmall3Gfx
0x08D1FC94	rom	0x278	gBattleWindowLarge2Gfx
0x08D1FF0C	rom	0x60	unused_gfx_shadow_4bpp
0x08D1FF6C	rom	0x14	unused_gfx_shadow_pal
0x08D1FF80	rom	0x94	gBattleAnimSpriteSheet_014
0x08D20014	rom	0x1C	gBattleAnimSpritePalette_014
0x08D20030	rom	0x25C	gBattleAnimSpriteSheet_190
0x08D2028C	rom	0x24	gBattleAnimSpritePalette_190
0x08D202B0	rom	0x26C	gBattleAnimSpriteSheet_191
0x08D2051C	rom	0x28	gBattleAnimSpritePalette_191
0x08D20544	rom	0x84	gBattleAnimSpriteSheet_189
0x08D205C8	rom	0x20	gBattleAnimSpritePalette_189
0x08D205E8	rom	0x280	gBattleAnimSpriteSheet_192
0x08D20868	rom	0x28	gBattleAnimSpritePalette_192
0x08D20890	rom	0x15C	gBattleAnimSpriteSheet_193
0x08D209EC	rom	0x28	gBattleAnimSpritePalette_193
0x08D20A14	rom	0x1C	gUnknown_08D20A14
0x08D20A30	rom	0x100	gUnknown_08D20A30
0x08D20B30	rom	0xE4	gBattleAnimSpriteSheet_002
0x08D20C14	rom	0x28	gBattleAnimSpritePalette_002
0x08D20C3C	rom	0x3A4	gBattleAnimSpriteSheet_196
0x08D20FE0	rom	0x18	gBattleAnimSpritePalette_196
0x08D20FF8	rom	0x338	gBattleAnimSpriteSheet_194
0x08D21330	rom	0x28	gBattleAnimSpritePalette_194
0x08D21358	rom	0xB8	gBattleAnimSpriteSheet_195
0x08D21410	rom	0x20	gBattleAnimSpritePalette_195
0x08D21430	rom	0x170	gBattleAnimSpriteSheet_197
0x08D215A0	rom	0x28	gBattleAnimSpritePalette_197
0x08D215C8	rom	0x3F0	gBattleAnimSpriteSheet_198
0x08D219B8	rom	0x28	gBattleAnimSpritePalette_198
0x08D219E0	rom	0xC8	gBattleAnimSpriteSheet_199
0x08D21AA8	rom	0x1C	gBattleAnimSpritePalette_199
0x08D21AC4	rom	0x140	gBattleAnimSpriteSheet_200
0x08D21C04	rom	0x1C	gBattleAnimSpritePalette_200
0x08D21C20	rom	0x670	gBattleAnimSpriteSheet_201
0x08D22290	rom	0x28	gBattleAnimSpritePalette_201
0x08D222B8	rom	0x174	gBattleAnimSpriteSheet_204
0x08D2242C	rom	0x28	gBattleAnimSpritePalette_204
0x08D22454	rom	0x168	gBattleAnimSpriteSheet_202
0x08D225BC	rom	0x24	gBattleAnimSpritePalette_202
0x08D225E0	rom	0x1AC	gBattleAnimSpriteSheet_203
0x08D2278C	rom	0x24	gBattleAnimSpritePalette_203
0x08D227B0	rom	0x20C	gBattleAnimSpriteSheet_206
0x08D229BC	rom	0x94	gBattleAnimSpritePalette_206
0x08D22A50	rom	0x234	gBattleAnimSpriteSheet_205
0x08D22C84	rom	0x24	gBattleAnimSpritePalette_205
0x08D22CA8	rom	0xCC	gBattleAnimSpriteSheet_207
0x08D22D74	rom	0x24	gBattleAnimSpritePalette_207
0x08D22D98	rom	0x3F0	gBattleAnimSpriteSheet_208
0x08D23188	rom	0x308	gBattleAnimSpriteSheet_209
0x08D23490	rom	0x20	gBattleAnimSpritePalette_209
0x08D234B0	rom	0xF0	gBattleAnimSpriteSheet_064
0x08D235A0	rom	0x24	gBattleAnimSpritePalette_064
0x08D235C4	rom	0x68	gBattleAnimSpriteSheet_210
0x08D2362C	rom	0x20	gBattleAnimSpritePalette_219
0x08D2364C	rom	0x20	gBattleAnimSpritePalette_210
0x08D2366C	rom	0x20	gBattleAnimSpritePalette_216
0x08D2368C	rom	0xA70	gAttractGfx
0x08D240FC	rom	0x28	gAttractPal
0x08D24124	rom	0x27C	gAttractTilemap
0x08D243A0	rom	0x68	gBattleAnimSpriteSheet_217
0x08D24408	rom	0x20	gBattleAnimSpritePalette_217
0x08D24428	rom	0x234	gBattleAnimSpriteSheet_212
0x08D2465C	rom	0x50	gBattleAnimSpriteSheet_211
0x08D246AC	rom	0x26C	gBattleAnimSpriteSheet_213
0x08D24918	rom	0x24	gBattleAnimSpritePalette_211
0x08D2493C	rom	0x290	gBattleAnimSpriteSheet_214
0x08D24BCC	rom	0x18C	gBattleAnimSpriteSheet_215
0x08D24D58	rom	0x24	gBattleAnimSpritePalette_215
0x08D24D7C	rom	0x28	gBattleAnimBackgroundPalette_ScaryFace
0x08D24DA4	rom	0x230	gBattleAnimBackgroundImage_ScaryFace
0x08D24FD4	rom	0x28	gBattleAnimSpritePalette_218
0x08D24FFC	rom	0xAC	gBattleAnimSpriteSheet_218
0x08D250A8	rom	0x58	gBattleAnimSpriteSheet_087
0x08D25100	rom	0x28	gBattleAnimSpritePalette_087
0x08D25128	rom	0x3C	gBattleAnimSpriteSheet_018
0x08D25164	rom	0x1C	gBattleAnimSpritePalette_018
0x08D25180	rom	0x28	gBattleAnimSpritePalette_220
0x08D251A8	rom	0x12C	gBattleAnimSpriteSheet_220
0x08D252D4	rom	0x20	gBattleAnimSpritePalette_221
0x08D252F4	rom	0x264	gBattleAnimSpriteSheet_221
0x08D25558	rom	0x2EC	gBattleAnimSpriteSheet_222
0x08D25844	rom	0x28	gBattleAnimSpritePalette_222
0x08D2586C	rom	0x20	gBattleAnimSpritePalette_223
0x08D2588C	rom	0x294	gBattleAnimSpriteSheet_223
0x08D25B20	rom	0x20	gBattleAnimSpritePalette_224
0x08D25B40	rom	0xFC	gBattleAnimSpriteSheet_224
0x08D25C3C	rom	0x28	gBattleAnimSpritePalette_230
0x08D25C64	rom	0x244	gBattleAnimSpriteSheet_230
0x08D25EA8	rom	0x20	gBattleAnimSpritePalette_228
0x08D25EC8	rom	0xA8	gBattleAnimSpriteSheet_228
0x08D25F70	rom	0x28	gBattleAnimBackgroundPalette_04
0x08D25F98	rom	0xD6C	gBattleAnimBackgroundImage_04
0x08D26D04	rom	0x4FC	gBattleAnimBackgroundTilemap_04
0x08D27200	rom	0x4D0	gBattleAnimBackgroundTilemap_05
0x08D276D0	rom	0x440	gBattleAnimBackgroundTilemap_06
0x08D27B10	rom	0x184	gBattleAnimSpriteSheet_225
0x08D27C94	rom	0x28	gBattleAnimSpritePalette_225
0x08D27CBC	rom	0x148	gBattleAnimSpriteSheet_227
0x08D27E04	rom	0x8C	gBattleAnimSpriteSheet_226
0x08D27E90	rom	0x24	gBattleAnimSpritePalette_226
0x08D27EB4	rom	0x1BC	gBattleAnimSpriteSheet_229
0x08D28070	rom	0x28	gBattleAnimSpritePalette_229
0x08D28098	rom	0x120	gBattleAnimSpriteSheet_099
0x08D281B8	rom	0x28	gBattleAnimSpritePalette_099
0x08D281E0	rom	0x538	gBattleAnimSpriteSheet_232
0x08D28718	rom	0x28	gBattleAnimSpritePalette_231
0x08D28740	rom	0x1D0	gBattleAnimSpriteSheet_231
0x08D28910	rom	0x84	gBattleAnimSpriteSheet_233
0x08D28994	rom	0x28	gBattleAnimSpritePalette_233
0x08D289BC	rom	0x1C0	gBattleAnimSpriteSheet_234
0x08D28B7C	rom	0x24	gBattleAnimSpritePalette_234
0x08D28BA0	rom	0x68	gBattleAnimSpriteSheet_238
0x08D28C08	rom	0x24	gBattleAnimSpritePalette_238
0x08D28C2C	rom	0x50	gBattleAnimSpriteSheet_235
0x08D28C7C	rom	0x1C	gBattleAnimSpritePalette_235
0x08D28C98	rom	0x1C	gBattleAnimSpritePalette_236
0x08D28CB4	rom	0x1C	gBattleAnimSpritePalette_237
0x08D28CD0	rom	0x1A8	gBattleAnimBackgroundImage_07
0x08D28E78	rom	0x28	gBattleAnimBackgroundPalette_07
0x08D28EA0	rom	0x28	gBattleAnimBackgroundPalette_18
0x08D28EC8	rom	0x190	gBattleAnimBackgroundTilemap_07
0x08D29058	rom	0x18C	gBattleAnimBackgroundTilemap_08
0x08D291E4	rom	0xA28	gBattleAnimBackgroundImage_20
0x08D29C0C	rom	0x20	gBattleAnimBackgroundPalette_20
0x08D29C2C	rom	0x204	gBattleAnimBackgroundTilemap_20
0x08D29E30	rom	0x2F8	gBattleAnimBackgroundTilemap_09
0x08D2A128	rom	0x20	gBattleAnimBackgroundPalette_09
0x08D2A148	rom	0x20	gBattleAnimBackgroundPalette_22
0x08D2A168	rom	0x580	gBattleAnimBackgroundImage_09
0x08D2A6E8	rom	0x2F8	gBattleAnimBackgroundTilemap_10
0x08D2A9E0	rom	0xA0	gUnknown_08D2A9E0
0x08D2AA80	rom	0x18	gUnknown_08D2AA80
0x08D2AA98	rom	0x11C	gUnknown_08D2AA98
0x08D2ABB4	rom	0x2C8	gBattleAnimBackgroundTilemap_12
0x08D2AE7C	rom	0x2FC	gBattleAnimBackgroundTilemap_13
0x08D2B178	rom	0x290	gBattleAnimBackgroundTilemap_14
0x08D2B408	rom	0xD68	gBattleAnimBackgroundImage_12
0x08D2C170	rom	0x20	gBattleAnimBackgroundPalette_12
0x08D2C190	rom	0x99C	gBattleAnimBackgroundImage_11
0x08D2CB2C	rom	0x28	gBattleAnimBackgroundPalette_11
0x08D2CB54	rom	0x2F8	gBattleAnimBackgroundTilemap_11
0x08D2CE4C	rom	0xE4	gBattleAnimSpriteSheet_239
0x08D2CF30	rom	0x28	gBattleAnimSpritePalette_239
0x08D2CF58	rom	0x230	gBattleAnimSpriteSheet_143
0x08D2D188	rom	0x18	gBattleAnimSpritePalette_143
0x08D2D1A0	rom	0xA0	gBattleAnimSpriteSheet_240
0x08D2D240	rom	0x28	gBattleAnimSpritePalette_240
0x08D2D268	rom	0x24	gSubstituteDollPal
0x08D2D28C	rom	0x240	gSubstituteDollGfx
0x08D2D4CC	rom	0x228	gSubstituteDollTilemap
0x08D2D6F4	rom	0xC4	gBattleAnimSpriteSheet_241
0x08D2D7B8	rom	0x1C	gBattleAnimSpritePalette_241
0x08D2D7D4	rom	0x120	gContestConfetti_Gfx
0x08D2D8F4	rom	0x28	gContestConfetti_Pal
0x08D2D91C	rom	0x13C	gBattleAnimSpriteSheet_242
0x08D2DA58	rom	0x24	gBattleAnimSpritePalette_242
0x08D2DA7C	rom	0x28	gBattleAnimSpriteSheet_243
0x08D2DAA4	rom	0x28	gBattleAnimSpritePalette_243
0x08D2DACC	rom	0x210	gBattleStatMask_Gfx
0x08D2DCDC	rom	0x11C	gBattleStatMask1_Tilemap
0x08D2DDF8	rom	0x11C	gBattleStatMask2_Tilemap
0x08D2DF14	rom	0x20	gBattleStatMask1_Pal
0x08D2DF34	rom	0x20	gBattleStatMask2_Pal
0x08D2DF54	rom	0x20	gBattleStatMask3_Pal
0x08D2DF74	rom	0x20	gBattleStatMask4_Pal
0x08D2DF94	rom	0x20	gBattleStatMask5_Pal
0x08D2DFB4	rom	0x20	gBattleStatMask6_Pal
0x08D2DFD4	rom	0x20	gBattleStatMask7_Pal
0x08D2DFF4	rom	0x20	gBattleStatMask8_Pal
0x08D2E014	rom	0x13C	gUnknown_08D2E014
0x08D2E150	rom	0x20	gUnknown_08D2E150
0x08D2E170	rom	0x11C	gUnknown_08D2E170
0x08D2E28C	rom	0x28	gBattleAnimSpritePalette_245
0x08D2E2B4	rom	0x1A4	gBattleAnimSpriteSheet_245
0x08D2E458	rom	0x4A8	gBattleAnimSpriteSheet_246
0x08D2E900	rom	0xDC	gBattleAnimSpriteSheet_244
0x08D2E9DC	rom	0x1C	gBattleAnimSpritePalette_244
0x08D2E9F8	rom	0x1E4	gBattleAnimSpriteSheet_247
0x08D2EBDC	rom	0x220	gBattleAnimSpriteSheet_053
0x08D2EDFC	rom	0x4C	gUnknown_08D2EDFC
0x08D2EE48	rom	0x108	gUnknown_08D2EE48
0x08D2EF50	rom	0x18	gBattleAnimSpriteSheet_248
0x08D2EF68	rom	0x18	gBattleAnimSpritePalette_248
0x08D2EF80	rom	0x50	gBattleAnimSpriteSheet_249
0x08D2EFD0	rom	0x20	gBattleAnimSpritePalette_249
0x08D2EFF0	rom	0x1F4	gBattleAnimSpriteSheet_250
0x08D2F1E4	rom	0x64	gBattleAnimSpriteSheet_251
0x08D2F248	rom	0x18	gBattleAnimSpritePalette_251
0x08D2F260	rom	0x118	gBattleAnimSpriteSheet_252
0x08D2F378	rom	0x24	gBattleAnimSpritePalette_252
0x08D2F39C	rom	0x1DC	gBattleAnimSpriteSheet_253
0x08D2F578	rom	0x28	gBattleAnimSpritePalette_253
0x08D2F5A0	rom	0x138	gBattleAnimSpriteSheet_254
0x08D2F6D8	rom	0x28	gBattleAnimSpritePalette_254
0x08D2F700	rom	0x78	gBattleAnimSpriteSheet_255
0x08D2F778	rom	0x14	gBattleAnimSpritePalette_255
0x08D2F78C	rom	0xE8	gBattleAnimSpriteSheet_258
0x08D2F874	rom	0x28	gBattleAnimSpritePalette_258
0x08D2F89C	rom	0x38C	gBattleAnimSpriteSheet_256
0x08D2FC28	rom	0x28	gBattleAnimSpritePalette_256
0x08D2FC50	rom	0x11C	gBattleAnimSpriteSheet_257
0x08D2FD6C	rom	0x20	gBattleAnimSpritePalette_257
0x08D2FD8C	rom	0x298	gMonFrontPic_Bulbasaur
0x08D30024	rom	0x28	gMonPalette_Bulbasaur
0x08D3004C	rom	0x2B0	gMonBackPic_Bulbasaur
0x08D302FC	rom	0x28	gMonShinyPalette_Bulbasaur
0x08D30324	rom	0x400	gMonIcon_Bulbasaur
0x08D30724	rom	0x20	gMonFootprint_Bulbasaur
0x08D30744	rom	0x374	gMonFrontPic_Ivysaur
0x08D30AB8	rom	0x28	gMonPalette_Ivysaur
0x08D30AE0	rom	0x38C	gMonBackPic_Ivysaur
0x08D30E6C	rom	0x28	gMonShinyPalette_Ivysaur
0x08D30E94	rom	0x400	gMonIcon_Ivysaur
0x08D31294	rom	0x20	gMonFootprint_Ivysaur
0x08D312B4	rom	0x58C	gMonFrontPic_Venusaur
0x08D31840	rom	0x28	gMonPalette_Venusaur
0x08D31868	rom	0x4D0	gMonBackPic_Venusaur
0x08D31D38	rom	0x28	gMonShinyPalette_Venusaur
0x08D31D60	rom	0x400	gMonIcon_Venusaur
0x08D32160	rom	0x20	gMonFootprint_Venusaur
0x08D32180	rom	0x2B0	gMonFrontPic_Charmander
0x08D32430	rom	0x28	gMonPalette_Charmander
0x08D32458	rom	0x294	gMonBackPic_Charmander
0x08D326EC	rom	0x28	gMonShinyPalette_Charmander
0x08D32714	rom	0x400	gMonIcon_Charmander
0x08D32B14	rom	0x20	gMonFootprint_Charmander
0x08D32B34	rom	0x3A8	gMonFrontPic_Charmeleon
0x08D32EDC	rom	0x28	gMonPalette_Charmeleon
0x08D32F04	rom	0x2E0	gMonBackPic_Charmeleon
0x08D331E4	rom	0x28	gMonShinyPalette_Charmeleon
0x08D3320C	rom	0x400	gMonIcon_Charmeleon
0x08D3360C	rom	0x20	gMonFootprint_Charmeleon
0x08D3362C	rom	0x550	gMonFrontPic_Charizard
0x08D33B7C	rom	0x28	gMonPalette_Charizard
0x08D33BA4	rom	0x41C	gMonBackPic_Charizard
0x08D33FC0	rom	0x28	gMonShinyPalette_Charizard
0x08D33FE8	rom	0x400	gMonIcon_Charizard
0x08D343E8	rom	0x20	gMonFootprint_Charizard
0x08D34408	rom	0x2DC	gMonFrontPic_Squirtle
0x08D346E4	rom	0x28	gMonPalette_Squirtle
0x08D3470C	rom	0x280	gMonBackPic_Squirtle
0x08D3498C	rom	0x28	gMonShinyPalette_Squirtle
0x08D349B4	rom	0x400	gMonIcon_Squirtle
0x08D34DB4	rom	0x20	gMonFootprint_Squirtle
0x08D34DD4	rom	0x37C	gMonFrontPic_Wartortle
0x08D35150	rom	0x28	gMonPalette_Wartortle
0x08D35178	rom	0x334	gMonBackPic_Wartortle
0x08D354AC	rom	0x28	gMonShinyPalette_Wartortle
0x08D354D4	rom	0x400	gMonIcon_Wartortle
0x08D358D4	rom	0x20	gMonFootprint_Wartortle
0x08D358F4	rom	0x504	gMonFrontPic_Blastoise
0x08D35DF8	rom	0x28	gMonPalette_Blastoise
0x08D35E20	rom	0x444	gMonBackPic_Blastoise
0x08D36264	rom	0x28	gMonShinyPalette_Blastoise
0x08D3628C	rom	0x400	gMonIcon_Blastoise
0x08D3668C	rom	0x20	gMonFootprint_Blastoise
0x08D366AC	rom	0x260	gMonFrontPic_Caterpie
0x08D3690C	rom	0x28	gMonPalette_Caterpie
0x08D36934	rom	0x2B0	gMonBackPic_Caterpie
0x08D36BE4	rom	0x28	gMonShinyPalette_Caterpie
0x08D36C0C	rom	0x400	gMonIcon_Caterpie
0x08D3700C	rom	0x20	gMonFootprint_Caterpie
0x08D3702C	rom	0x218	gMonFrontPic_Metapod
0x08D37244	rom	0x20	gMonPalette_Metapod
0x08D37264	rom	0x240	gMonBackPic_Metapod
0x08D374A4	rom	0x20	gMonShinyPalette_Metapod
0x08D374C4	rom	0x400	gMonIcon_Metapod
0x08D378C4	rom	0x20	gMonFootprint_Metapod
0x08D378E4	rom	0x360	gMonFrontPic_Butterfree
0x08D37C44	rom	0x28	gMonPalette_Butterfree
0x08D37C6C	rom	0x3CC	gMonBackPic_Butterfree
0x08D38038	rom	0x28	gMonShinyPalette_Butterfree
0x08D38060	rom	0x400	gMonIcon_Butterfree
0x08D38460	rom	0x20	gMonFootprint_Butterfree
0x08D38480	rom	0x240	gMonFrontPic_Weedle
0x08D386C0	rom	0x28	gMonPalette_Weedle
0x08D386E8	rom	0x268	gMonBackPic_Weedle
0x08D38950	rom	0x28	gMonShinyPalette_Weedle
0x08D38978	rom	0x400	gMonIcon_Weedle
0x08D38D78	rom	0x20	gMonFootprint_Weedle
0x08D38D98	rom	0x24C	gMonFrontPic_Kakuna
0x08D38FE4	rom	0x24	gMonPalette_Kakuna
0x08D39008	rom	0x284	gMonBackPic_Kakuna
0x08D3928C	rom	0x24	gMonShinyPalette_Kakuna
0x08D392B0	rom	0x400	gMonIcon_Kakuna
0x08D396B0	rom	0x20	gMonFootprint_Kakuna
0x08D396D0	rom	0x410	gMonFrontPic_Beedrill
0x08D39AE0	rom	0x28	gMonPalette_Beedrill
0x08D39B08	rom	0x374	gMonBackPic_Beedrill
0x08D39E7C	rom	0x28	gMonShinyPalette_Beedrill
0x08D39EA4	rom	0x400	gMonIcon_Beedrill
0x08D3A2A4	rom	0x20	gMonFootprint_Beedrill
0x08D3A2C4	rom	0x2EC	gMonFrontPic_Pidgey
0x08D3A5B0	rom	0x28	gMonPalette_Pidgey
0x08D3A5D8	rom	0x354	gMonBackPic_Pidgey
0x08D3A92C	rom	0x28	gMonShinyPalette_Pidgey
0x08D3A954	rom	0x400	gMonIcon_Pidgey
0x08D3AD54	rom	0x20	gMonFootprint_Pidgey
0x08D3AD74	rom	0x374	gMonFrontPic_Pidgeotto
0x08D3B0E8	rom	0x28	gMonPalette_Pidgeotto
0x08D3B110	rom	0x34C	gMonBackPic_Pidgeotto
0x08D3B45C	rom	0x28	gMonShinyPalette_Pidgeotto
0x08D3B484	rom	0x400	gMonIcon_Pidgeotto
0x08D3B884	rom	0x20	gMonFootprint_Pidgeotto
0x08D3B8A4	rom	0x4FC	gMonFrontPic_Pidgeot
0x08D3BDA0	rom	0x28	gMonPalette_Pidgeot
0x08D3BDC8	rom	0x388	gMonBackPic_Pidgeot
0x08D3C150	rom	0x28	gMonShinyPalette_Pidgeot
0x08D3C178	rom	0x400	gMonIcon_Pidgeot
0x08D3C578	rom	0x20	gMonFootprint_Pidgeot
0x08D3C598	rom	0x24C	gMonFrontPic_Rattata
0x08D3C7E4	rom	0x28	gMonPalette_Rattata
0x08D3C80C	rom	0x2DC	gMonBackPic_Rattata
0x08D3CAE8	rom	0x28	gMonShinyPalette_Rattata
0x08D3CB10	rom	0x400	gMonIcon_Rattata
0x08D3CF10	rom	0x20	gMonFootprint_Rattata
0x08D3CF30	rom	0x388	gMonFrontPic_Raticate
0x08D3D2B8	rom	0x28	gMonPalette_Raticate
0x08D3D2E0	rom	0x330	gMonBackPic_Raticate
0x08D3D610	rom	0x28	gMonShinyPalette_Raticate
0x08D3D638	rom	0x400	gMonIcon_Raticate
0x08D3DA38	rom	0x20	gMonFootprint_Raticate
0x08D3DA58	rom	0x288	gMonFrontPic_Spearow
0x08D3DCE0	rom	0x28	gMonPalette_Spearow
0x08D3DD08	rom	0x2DC	gMonBackPic_Spearow
0x08D3DFE4	rom	0x28	gMonShinyPalette_Spearow
0x08D3E00C	rom	0x400	gMonIcon_Spearow
0x08D3E40C	rom	0x20	gMonFootprint_Spearow
0x08D3E42C	rom	0x494	gMonFrontPic_Fearow
0x08D3E8C0	rom	0x28	gMonPalette_Fearow
0x08D3E8E8	rom	0x2F8	gMonBackPic_Fearow
0x08D3EBE0	rom	0x28	gMonShinyPalette_Fearow
0x08D3EC08	rom	0x400	gMonIcon_Fearow
0x08D3F008	rom	0x20	gMonFootprint_Fearow
0x08D3F028	rom	0x300	gMonFrontPic_Ekans
0x08D3F328	rom	0x28	gMonPalette_Ekans
0x08D3F350	rom	0x2F0	gMonBackPic_Ekans
0x08D3F640	rom	0x28	gMonShinyPalette_Ekans
0x08D3F668	rom	0x400	gMonIcon_Ekans
0x08D3FA68	rom	0x20	gMonFootprint_Ekans
0x08D3FA88	rom	0x44C	gMonFrontPic_Arbok
0x08D3FED4	rom	0x28	gMonPalette_Arbok
0x08D3FEFC	rom	0x2A0	gMonBackPic_Arbok
0x08D4019C	rom	0x28	gMonShinyPalette_Arbok
0x08D401C4	rom	0x400	gMonIcon_Arbok
0x08D405C4	rom	0x20	gMonFootprint_Arbok
0x08D405E4	rom	0x2D0	gMonFrontPic_Pikachu
0x08D408B4	rom	0x28	gMonPalette_Pikachu
0x08D408DC	rom	0x2D8	gMonBackPic_Pikachu
0x08D40BB4	rom	0x28	gMonShinyPalette_Pikachu
0x08D40BDC	rom	0x400	gMonIcon_Pikachu
0x08D40FDC	rom	0x20	gMonFootprint_Pikachu
0x08D40FFC	rom	0x3AC	gMonFrontPic_Raichu
0x08D413A8	rom	0x28	gMonPalette_Raichu
0x08D413D0	rom	0x320	gMonBackPic_Raichu
0x08D416F0	rom	0x28	gMonShinyPalette_Raichu
0x08D41718	rom	0x400	gMonIcon_Raichu
0x08D41B18	rom	0x20	gMonFootprint_Raichu
0x08D41B38	rom	0x2C0	gMonFrontPic_Sandshrew
0x08D41DF8	rom	0x28	gMonPalette_Sandshrew
0x08D41E20	rom	0x328	gMonBackPic_Sandshrew
0x08D42148	rom	0x28	gMonShinyPalette_Sandshrew
0x08D42170	rom	0x400	gMonIcon_Sandshrew
0x08D42570	rom	0x20	gMonFootprint_Sandshrew
0x08D42590	rom	0x3EC	gMonFrontPic_Sandslash
0x08D4297C	rom	0x28	gMonPalette_Sandslash
0x08D429A4	rom	0x41C	gMonBackPic_Sandslash
0x08D42DC0	rom	0x28	gMonShinyPalette_Sandslash
0x08D42DE8	rom	0x400	gMonIcon_Sandslash
0x08D431E8	rom	0x20	gMonFootprint_Sandslash
0x08D43208	rom	0x278	gMonFrontPic_NidoranF
0x08D43480	rom	0x28	gMonPalette_NidoranF
0x08D434A8	rom	0x2D8	gMonBackPic_NidoranF
0x08D43780	rom	0x28	gMonShinyPalette_NidoranF
0x08D437A8	rom	0x400	gMonIcon_NidoranF
0x08D43BA8	rom	0x20	gMonFootprint_NidoranF
0x08D43BC8	rom	0x32C	gMonFrontPic_Nidorina
0x08D43EF4	rom	0x28	gMonPalette_Nidorina
0x08D43F1C	rom	0x394	gMonBackPic_Nidorina
0x08D442B0	rom	0x28	gMonShinyPalette_Nidorina
0x08D442D8	rom	0x400	gMonIcon_Nidorina
0x08D446D8	rom	0x20	gMonFootprint_Nidorina
0x08D446F8	rom	0x48C	gMonFrontPic_Nidoqueen
0x08D44B84	rom	0x28	gMonPalette_Nidoqueen
0x08D44BAC	rom	0x3C4	gMonBackPic_Nidoqueen
0x08D44F70	rom	0x28	gMonShinyPalette_Nidoqueen
0x08D44F98	rom	0x400	gMonIcon_Nidoqueen
0x08D45398	rom	0x20	gMonFootprint_Nidoqueen
0x08D453B8	rom	0x2D0	gMonFrontPic_NidoranM
0x08D45688	rom	0x28	gMonPalette_NidoranM
0x08D456B0	rom	0x334	gMonBackPic_NidoranM
0x08D459E4	rom	0x28	gMonShinyPalette_NidoranM
0x08D45A0C	rom	0x400	gMonIcon_NidoranM
0x08D45E0C	rom	0x20	gMonFootprint_NidoranM
0x08D45E2C	rom	0x394	gMonFrontPic_Nidorino
0x08D461C0	rom	0x28	gMonPalette_Nidorino
0x08D461E8	rom	0x3BC	gMonBackPic_Nidorino
0x08D465A4	rom	0x28	gMonShinyPalette_Nidorino
0x08D465CC	rom	0x400	gMonIcon_Nidorino
0x08D469CC	rom	0x20	gMonFootprint_Nidorino
0x08D469EC	rom	0x4F8	gMonFrontPic_Nidoking
0x08D46EE4	rom	0x28	gMonPalette_Nidoking
0x08D46F0C	rom	0x43C	gMonBackPic_Nidoking
0x08D47348	rom	0x28	gMonShinyPalette_Nidoking
0x08D47370	rom	0x400	gMonIcon_Nidoking
0x08D47770	rom	0x20	gMonFootprint_Nidoking
0x08D47790	rom	0x288	gMonFrontPic_Clefairy
0x08D47A18	rom	0x28	gMonPalette_Clefairy
0x08D47A40	rom	0x2D0	gMonBackPic_Clefairy
0x08D47D10	rom	0x28	gMonShinyPalette_Clefairy
0x08D47D38	rom	0x400	gMonIcon_Clefairy
0x08D48138	rom	0x20	gMonFootprint_Clefairy
0x08D48158	rom	0x33C	gMonFrontPic_Clefable
0x08D48494	rom	0x28	gMonPalette_Clefable
0x08D484BC	rom	0x338	gMonBackPic_Clefable
0x08D487F4	rom	0x28	gMonShinyPalette_Clefable
0x08D4881C	rom	0x400	gMonIcon_Clefable
0x08D48C1C	rom	0x20	gMonFootprint_Clefable
0x08D48C3C	rom	0x33C	gMonFrontPic_Vulpix
0x08D48F78	rom	0x28	gMonPalette_Vulpix
0x08D48FA0	rom	0x2FC	gMonBackPic_Vulpix
0x08D4929C	rom	0x28	gMonShinyPalette_Vulpix
0x08D492C4	rom	0x400	gMonIcon_Vulpix
0x08D496C4	rom	0x20	gMonFootprint_Vulpix
0x08D496E4	rom	0x43C	gMonFrontPic_Ninetales
0x08D49B20	rom	0x20	gMonPalette_Ninetales
0x08D49B40	rom	0x380	gMonBackPic_Ninetales
0x08D49EC0	rom	0x20	gMonShinyPalette_Ninetales
0x08D49EE0	rom	0x400	gMonIcon_Ninetales
0x08D4A2E0	rom	0x20	gMonFootprint_Ninetales
0x08D4A300	rom	0x278	gMonFrontPic_Jigglypuff
0x08D4A578	rom	0x28	gMonPalette_Jigglypuff
0x08D4A5A0	rom	0x25C	gMonBackPic_Jigglypuff
0x08D4A7FC	rom	0x28	gMonShinyPalette_Jigglypuff
0x08D4A824	rom	0x400	gMonIcon_Jigglypuff
0x08D4AC24	rom	0x20	gMonFootprint_Jigglypuff
0x08D4AC44	rom	0x354	gMonFrontPic_Wigglytuff
0x08D4AF98	rom	0x28	gMonPalette_Wigglytuff
0x08D4AFC0	rom	0x2A8	gMonBackPic_Wigglytuff
0x08D4B268	rom	0x28	gMonShinyPalette_Wigglytuff
0x08D4B290	rom	0x400	gMonIcon_Wigglytuff
0x08D4B690	rom	0x20	gMonFootprint_Wigglytuff
0x08D4B6B0	rom	0x2D8	gMonFrontPic_Zubat
0x08D4B988	rom	0x28	gMonPalette_Zubat
0x08D4B9B0	rom	0x2BC	gMonBackPic_Zubat
0x08D4BC6C	rom	0x28	gMonShinyPalette_Zubat
0x08D4BC94	rom	0x400	gMonIcon_Zubat
0x08D4C094	rom	0x20	gMonFootprint_Zubat
0x08D4C0B4	rom	0x39C	gMonFrontPic_Golbat
0x08D4C450	rom	0x28	gMonPalette_Golbat
0x08D4C478	rom	0x2BC	gMonBackPic_Golbat
0x08D4C734	rom	0x28	gMonShinyPalette_Golbat
0x08D4C75C	rom	0x400	gMonIcon_Golbat
0x08D4CB5C	rom	0x20	gMonFootprint_Golbat
0x08D4CB7C	rom	0x234	gMonFrontPic_Oddish
0x08D4CDB0	rom	0x28	gMonPalette_Oddish
0x08D4CDD8	rom	0x278	gMonBackPic_Oddish
0x08D4D050	rom	0x28	gMonShinyPalette_Oddish
0x08D4D078	rom	0x400	gMonIcon_Oddish
0x08D4D478	rom	0x20	gMonFootprint_Oddish
0x08D4D498	rom	0x378	gMonFrontPic_Gloom
0x08D4D810	rom	0x28	gMonPalette_Gloom
0x08D4D838	rom	0x368	gMonBackPic_Gloom
0x08D4DBA0	rom	0x28	gMonShinyPalette_Gloom
0x08D4DBC8	rom	0x400	gMonIcon_Gloom
0x08D4DFC8	rom	0x20	gMonFootprint_Gloom
0x08D4DFE8	rom	0x37C	gMonFrontPic_Vileplume
0x08D4E364	rom	0x28	gMonPalette_Vileplume
0x08D4E38C	rom	0x418	gMonBackPic_Vileplume
0x08D4E7A4	rom	0x28	gMonShinyPalette_Vileplume
0x08D4E7CC	rom	0x400	gMonIcon_Vileplume
0x08D4EBCC	rom	0x20	gMonFootprint_Vileplume
0x08D4EBEC	rom	0x26C	gMonFrontPic_Paras
0x08D4EE58	rom	0x28	gMonPalette_Paras
0x08D4EE80	rom	0x2A0	gMonBackPic_Paras
0x08D4F120	rom	0x28	gMonShinyPalette_Paras
0x08D4F148	rom	0x400	gMonIcon_Paras
0x08D4F548	rom	0x20	gMonFootprint_Paras
0x08D4F568	rom	0x3C4	gMonFrontPic_Parasect
0x08D4F92C	rom	0x28	gMonPalette_Parasect
0x08D4F954	rom	0x2FC	gMonBackPic_Parasect
0x08D4FC50	rom	0x28	gMonShinyPalette_Parasect
0x08D4FC78	rom	0x400	gMonIcon_Parasect
0x08D50078	rom	0x20	gMonFootprint_Parasect
0x08D50098	rom	0x378	gMonFrontPic_Venonat
0x08D50410	rom	0x28	gMonPalette_Venonat
0x08D50438	rom	0x330	gMonBackPic_Venonat
0x08D50768	rom	0x28	gMonShinyPalette_Venonat
0x08D50790	rom	0x400	gMonIcon_Venonat
0x08D50B90	rom	0x20	gMonFootprint_Venonat
0x08D50BB0	rom	0x4A4	gMonFrontPic_Venomoth
0x08D51054	rom	0x28	gMonPalette_Venomoth
0x08D5107C	rom	0x3C4	gMonBackPic_Venomoth
0x08D51440	rom	0x28	gMonShinyPalette_Venomoth
0x08D51468	rom	0x400	gMonIcon_Venomoth
0x08D51868	rom	0x20	gMonFootprint_Venomoth
0x08D51888	rom	0x20C	gMonFrontPic_Diglett
0x08D51A94	rom	0x28	gMonPalette_Diglett
0x08D51ABC	rom	0x20C	gMonBackPic_Diglett
0x08D51CC8	rom	0x28	gMonShinyPalette_Diglett
0x08D51CF0	rom	0x400	gMonIcon_Diglett
0x08D520F0	rom	0x20	gMonFootprint_Diglett
0x08D52110	rom	0x324	gMonFrontPic_Dugtrio
0x08D52434	rom	0x28	gMonPalette_Dugtrio
0x08D5245C	rom	0x2AC	gMonBackPic_Dugtrio
0x08D52708	rom	0x28	gMonShinyPalette_Dugtrio
0x08D52730	rom	0x400	gMonIcon_Dugtrio
0x08D52B30	rom	0x20	gMonFootprint_Dugtrio
0x08D52B50	rom	0x2EC	gMonFrontPic_Meowth
0x08D52E3C	rom	0x28	gMonPalette_Meowth
0x08D52E64	rom	0x2E4	gMonBackPic_Meowth
0x08D53148	rom	0x28	gMonShinyPalette_Meowth
0x08D53170	rom	0x400	gMonIcon_Meowth
0x08D53570	rom	0x20	gMonFootprint_Meowth
0x08D53590	rom	0x3B4	gMonFrontPic_Persian
0x08D53944	rom	0x28	gMonPalette_Persian
0x08D5396C	rom	0x364	gMonBackPic_Persian
0x08D53CD0	rom	0x28	gMonShinyPalette_Persian
0x08D53CF8	rom	0x400	gMonIcon_Persian
0x08D540F8	rom	0x20	gMonFootprint_Persian
0x08D54118	rom	0x2D8	gMonFrontPic_Psyduck
0x08D543F0	rom	0x28	gMonPalette_Psyduck
0x08D54418	rom	0x29C	gMonBackPic_Psyduck
0x08D546B4	rom	0x28	gMonShinyPalette_Psyduck
0x08D546DC	rom	0x400	gMonIcon_Psyduck
0x08D54ADC	rom	0x20	gMonFootprint_Psyduck
0x08D54AFC	rom	0x3D8	gMonFrontPic_Golduck
0x08D54ED4	rom	0x28	gMonPalette_Golduck
0x08D54EFC	rom	0x32C	gMonBackPic_Golduck
0x08D55228	rom	0x28	gMonShinyPalette_Golduck
0x08D55250	rom	0x400	gMonIcon_Golduck
0x08D55650	rom	0x20	gMonFootprint_Golduck
0x08D55670	rom	0x318	gMonFrontPic_Mankey
0x08D55988	rom	0x28	gMonPalette_Mankey
0x08D559B0	rom	0x368	gMonBackPic_Mankey
0x08D55D18	rom	0x28	gMonShinyPalette_Mankey
0x08D55D40	rom	0x400	gMonIcon_Mankey
0x08D56140	rom	0x20	gMonFootprint_Mankey
0x08D56160	rom	0x3B0	gMonFrontPic_Primeape
0x08D56510	rom	0x28	gMonPalette_Primeape
0x08D56538	rom	0x370	gMonBackPic_Primeape
0x08D568A8	rom	0x28	gMonShinyPalette_Primeape
0x08D568D0	rom	0x400	gMonIcon_Primeape
0x08D56CD0	rom	0x20	gMonFootprint_Primeape
0x08D56CF0	rom	0x358	gMonFrontPic_Growlithe
0x08D57048	rom	0x28	gMonPalette_Growlithe
0x08D57070	rom	0x33C	gMonBackPic_Growlithe
0x08D573AC	rom	0x28	gMonShinyPalette_Growlithe
0x08D573D4	rom	0x400	gMonIcon_Growlithe
0x08D577D4	rom	0x20	gMonFootprint_Growlithe
0x08D577F4	rom	0x534	gMonFrontPic_Arcanine
0x08D57D28	rom	0x28	gMonPalette_Arcanine
0x08D57D50	rom	0x3E0	gMonBackPic_Arcanine
0x08D58130	rom	0x28	gMonShinyPalette_Arcanine
0x08D58158	rom	0x400	gMonIcon_Arcanine
0x08D58558	rom	0x20	gMonFootprint_Arcanine
0x08D58578	rom	0x288	gMonFrontPic_Poliwag
0x08D58800	rom	0x28	gMonPalette_Poliwag
0x08D58828	rom	0x270	gMonBackPic_Poliwag
0x08D58A98	rom	0x28	gMonShinyPalette_Poliwag
0x08D58AC0	rom	0x400	gMonIcon_Poliwag
0x08D58EC0	rom	0x20	gMonFootprint_Poliwag
0x08D58EE0	rom	0x3C4	gMonFrontPic_Poliwhirl
0x08D592A4	rom	0x28	gMonPalette_Poliwhirl
0x08D592CC	rom	0x2D0	gMonBackPic_Poliwhirl
0x08D5959C	rom	0x28	gMonShinyPalette_Poliwhirl
0x08D595C4	rom	0x400	gMonIcon_Poliwhirl
0x08D599C4	rom	0x20	gMonFootprint_Poliwhirl
0x08D599E4	rom	0x3C8	gMonFrontPic_Poliwrath
0x08D59DAC	rom	0x28	gMonPalette_Poliwrath
0x08D59DD4	rom	0x340	gMonBackPic_Poliwrath
0x08D5A114	rom	0x28	gMonShinyPalette_Poliwrath
0x08D5A13C	rom	0x400	gMonIcon_Poliwrath
0x08D5A53C	rom	0x20	gMonFootprint_Poliwrath
0x08D5A55C	rom	0x2E4	gMonFrontPic_Abra
0x08D5A840	rom	0x24	gMonPalette_Abra
0x08D5A864	rom	0x314	gMonBackPic_Abra
0x08D5AB78	rom	0x24	gMonShinyPalette_Abra
0x08D5AB9C	rom	0x400	gMonIcon_Abra
0x08D5AF9C	rom	0x20	gMonFootprint_Abra
0x08D5AFBC	rom	0x464	gMonFrontPic_Kadabra
0x08D5B420	rom	0x28	gMonPalette_Kadabra
0x08D5B448	rom	0x3DC	gMonBackPic_Kadabra
0x08D5B824	rom	0x28	gMonShinyPalette_Kadabra
0x08D5B84C	rom	0x400	gMonIcon_Kadabra
0x08D5BC4C	rom	0x20	gMonFootprint_Kadabra
0x08D5BC6C	rom	0x3FC	gMonFrontPic_Alakazam
0x08D5C068	rom	0x28	gMonPalette_Alakazam
0x08D5C090	rom	0x444	gMonBackPic_Alakazam
0x08D5C4D4	rom	0x28	gMonShinyPalette_Alakazam
0x08D5C4FC	rom	0x400	gMonIcon_Alakazam
0x08D5C8FC	rom	0x20	gMonFootprint_Alakazam
0x08D5C91C	rom	0x2A4	gMonFrontPic_Machop
0x08D5CBC0	rom	0x28	gMonPalette_Machop
0x08D5CBE8	rom	0x2E0	gMonBackPic_Machop
0x08D5CEC8	rom	0x28	gMonShinyPalette_Machop
0x08D5CEF0	rom	0x400	gMonIcon_Machop
0x08D5D2F0	rom	0x20	gMonFootprint_Machop
0x08D5D310	rom	0x3B0	gMonFrontPic_Machoke
0x08D5D6C0	rom	0x28	gMonPalette_Machoke
0x08D5D6E8	rom	0x350	gMonBackPic_Machoke
0x08D5DA38	rom	0x28	gMonShinyPalette_Machoke
0x08D5DA60	rom	0x400	gMonIcon_Machoke
0x08D5DE60	rom	0x20	gMonFootprint_Machoke
0x08D5DE80	rom	0x550	gMonFrontPic_Machamp
0x08D5E3D0	rom	0x28	gMonPalette_Machamp
0x08D5E3F8	rom	0x45C	gMonBackPic_Machamp
0x08D5E854	rom	0x28	gMonShinyPalette_Machamp
0x08D5E87C	rom	0x400	gMonIcon_Machamp
0x08D5EC7C	rom	0x20	gMonFootprint_Machamp
0x08D5EC9C	rom	0x280	gMonFrontPic_Bellsprout
0x08D5EF1C	rom	0x28	gMonPalette_Bellsprout
0x08D5EF44	rom	0x29C	gMonBackPic_Bellsprout
0x08D5F1E0	rom	0x28	gMonShinyPalette_Bellsprout
0x08D5F208	rom	0x400	gMonIcon_Bellsprout
0x08D5F608	rom	0x20	gMonFootprint_Bellsprout
0x08D5F628	rom	0x324	gMonFrontPic_Weepinbell
0x08D5F94C	rom	0x28	gMonPalette_Weepinbell
0x08D5F974	rom	0x2FC	gMonBackPic_Weepinbell
0x08D5FC70	rom	0x28	gMonShinyPalette_Weepinbell
0x08D5FC98	rom	0x400	gMonIcon_Weepinbell
0x08D60098	rom	0x20	gMonFootprint_Weepinbell
0x08D600B8	rom	0x42C	gMonFrontPic_Victreebel
0x08D604E4	rom	0x28	gMonPalette_Victreebel
0x08D6050C	rom	0x398	gMonBackPic_Victreebel
0x08D608A4	rom	0x28	gMonShinyPalette_Victreebel
0x08D608CC	rom	0x400	gMonIcon_Victreebel
0x08D60CCC	rom	0x20	gMonFootprint_Victreebel
0x08D60CEC	rom	0x2A0	gMonFrontPic_Tentacool
0x08D60F8C	rom	0x28	gMonPalette_Tentacool
0x08D60FB4	rom	0x2CC	gMonBackPic_Tentacool
0x08D61280	rom	0x28	gMonShinyPalette_Tentacool
0x08D612A8	rom	0x400	gMonIcon_Tentacool
0x08D616A8	rom	0x20	gMonFootprint_Tentacool
0x08D616C8	rom	0x49C	gMonFrontPic_Tentacruel
0x08D61B64	rom	0x28	gMonPalette_Tentacruel
0x08D61B8C	rom	0x39C	gMonBackPic_Tentacruel
0x08D61F28	rom	0x28	gMonShinyPalette_Tentacruel
0x08D61F50	rom	0x400	gMonIcon_Tentacruel
0x08D62350	rom	0x20	gMonFootprint_Tentacruel
0x08D62370	rom	0x26C	gMonFrontPic_Geodude
0x08D625DC	rom	0x1C	gMonPalette_Geodude
0x08D625F8	rom	0x294	gMonBackPic_Geodude
0x08D6288C	rom	0x1C	gMonShinyPalette_Geodude
0x08D628A8	rom	0x400	gMonIcon_Geodude
0x08D62CA8	rom	0x20	gMonFootprint_Geodude
0x08D62CC8	rom	0x408	gMonFrontPic_Graveler
0x08D630D0	rom	0x20	gMonPalette_Graveler
0x08D630F0	rom	0x27C	gMonBackPic_Graveler
0x08D6336C	rom	0x20	gMonShinyPalette_Graveler
0x08D6338C	rom	0x400	gMonIcon_Graveler
0x08D6378C	rom	0x20	gMonFootprint_Graveler
0x08D637AC	rom	0x47C	gMonFrontPic_Golem
0x08D63C28	rom	0x28	gMonPalette_Golem
0x08D63C50	rom	0x2C0	gMonBackPic_Golem
0x08D63F10	rom	0x28	gMonShinyPalette_Golem
0x08D63F38	rom	0x400	gMonIcon_Golem
0x08D64338	rom	0x20	gMonFootprint_Golem
0x08D64358	rom	0x3A8	gMonFrontPic_Ponyta
0x08D64700	rom	0x28	gMonPalette_Ponyta
0x08D64728	rom	0x33C	gMonBackPic_Ponyta
0x08D64A64	rom	0x28	gMonShinyPalette_Ponyta
0x08D64A8C	rom	0x400	gMonIcon_Ponyta
0x08D64E8C	rom	0x20	gMonFootprint_Ponyta
0x08D64EAC	rom	0x4D0	gMonFrontPic_Rapidash
0x08D6537C	rom	0x28	gMonPalette_Rapidash
0x08D653A4	rom	0x410	gMonBackPic_Rapidash
0x08D657B4	rom	0x28	gMonShinyPalette_Rapidash
0x08D657DC	rom	0x400	gMonIcon_Rapidash
0x08D65BDC	rom	0x20	gMonFootprint_Rapidash
0x08D65BFC	rom	0x30C	gMonFrontPic_Slowpoke
0x08D65F08	rom	0x28	gMonPalette_Slowpoke
0x08D65F30	rom	0x264	gMonBackPic_Slowpoke
0x08D66194	rom	0x28	gMonShinyPalette_Slowpoke
0x08D661BC	rom	0x400	gMonIcon_Slowpoke
0x08D665BC	rom	0x20	gMonFootprint_Slowpoke
0x08D665DC	rom	0x4C0	gMonFrontPic_Slowbro
0x08D66A9C	rom	0x28	gMonPalette_Slowbro
0x08D66AC4	rom	0x39C	gMonBackPic_Slowbro
0x08D66E60	rom	0x28	gMonShinyPalette_Slowbro
0x08D66E88	rom	0x400	gMonIcon_Slowbro
0x08D67288	rom	0x20	gMonFootprint_Slowbro
0x08D672A8	rom	0x1D8	gMonFrontPic_Magnemite
0x08D67480	rom	0x28	gMonPalette_Magnemite
0x08D674A8	rom	0x1E8	gMonBackPic_Magnemite
0x08D67690	rom	0x24	gMonShinyPalette_Magnemite
0x08D676B4	rom	0x400	gMonIcon_Magnemite
0x08D67AB4	rom	0x20	gMonFootprint_Magnemite
0x08D67AD4	rom	0x404	gMonFrontPic_Magneton
0x08D67ED8	rom	0x28	gMonPalette_Magneton
0x08D67F00	rom	0x380	gMonBackPic_Magneton
0x08D68280	rom	0x28	gMonShinyPalette_Magneton
0x08D682A8	rom	0x400	gMonIcon_Magneton
0x08D686A8	rom	0x20	gMonFootprint_Magneton
0x08D686C8	rom	0x37C	gMonFrontPic_Farfetchd
0x08D68A44	rom	0x28	gMonPalette_Farfetchd
0x08D68A6C	rom	0x36C	gMonBackPic_Farfetchd
0x08D68DD8	rom	0x28	gMonShinyPalette_Farfetchd
0x08D68E00	rom	0x400	gMonIcon_Farfetchd
0x08D69200	rom	0x20	gMonFootprint_Farfetchd
0x08D69220	rom	0x354	gMonFrontPic_Doduo
0x08D69574	rom	0x24	gMonPalette_Doduo
0x08D69598	rom	0x318	gMonBackPic_Doduo
0x08D698B0	rom	0x24	gMonShinyPalette_Doduo
0x08D698D4	rom	0x400	gMonIcon_Doduo
0x08D69CD4	rom	0x20	gMonFootprint_Doduo
0x08D69CF4	rom	0x4DC	gMonFrontPic_Dodrio
0x08D6A1D0	rom	0x28	gMonPalette_Dodrio
0x08D6A1F8	rom	0x464	gMonBackPic_Dodrio
0x08D6A65C	rom	0x28	gMonShinyPalette_Dodrio
0x08D6A684	rom	0x400	gMonIcon_Dodrio
0x08D6AA84	rom	0x20	gMonFootprint_Dodrio
0x08D6AAA4	rom	0x308	gMonFrontPic_Seel
0x08D6ADAC	rom	0x28	gMonPalette_Seel
0x08D6ADD4	rom	0x2EC	gMonBackPic_Seel
0x08D6B0C0	rom	0x28	gMonShinyPalette_Seel
0x08D6B0E8	rom	0x400	gMonIcon_Seel
0x08D6B4E8	rom	0x20	gMonFootprint_Seel
0x08D6B508	rom	0x3C8	gMonFrontPic_Dewgong
0x08D6B8D0	rom	0x20	gMonPalette_Dewgong
0x08D6B8F0	rom	0x294	gMonBackPic_Dewgong
0x08D6BB84	rom	0x20	gMonShinyPalette_Dewgong
0x08D6BBA4	rom	0x400	gMonIcon_Dewgong
0x08D6BFA4	rom	0x20	gMonFootprint_Dewgong
0x08D6BFC4	rom	0x31C	gMonFrontPic_Grimer
0x08D6C2E0	rom	0x24	gMonPalette_Grimer
0x08D6C304	rom	0x2E4	gMonBackPic_Grimer
0x08D6C5E8	rom	0x24	gMonShinyPalette_Grimer
0x08D6C60C	rom	0x400	gMonIcon_Grimer
0x08D6CA0C	rom	0x20	gMonFootprint_Grimer
0x08D6CA2C	rom	0x44C	gMonFrontPic_Muk
0x08D6CE78	rom	0x24	gMonPalette_Muk
0x08D6CE9C	rom	0x358	gMonBackPic_Muk
0x08D6D1F4	rom	0x24	gMonShinyPalette_Muk
0x08D6D218	rom	0x400	gMonIcon_Muk
0x08D6D618	rom	0x20	gMonFootprint_Muk
0x08D6D638	rom	0x268	gMonFrontPic_Shellder
0x08D6D8A0	rom	0x24	gMonPalette_Shellder
0x08D6D8C4	rom	0x314	gMonBackPic_Shellder
0x08D6DBD8	rom	0x24	gMonShinyPalette_Shellder
0x08D6DBFC	rom	0x400	gMonIcon_Shellder
0x08D6DFFC	rom	0x20	gMonFootprint_Shellder
0x08D6E01C	rom	0x438	gMonFrontPic_Cloyster
0x08D6E454	rom	0x24	gMonPalette_Cloyster
0x08D6E478	rom	0x40C	gMonBackPic_Cloyster
0x08D6E884	rom	0x24	gMonShinyPalette_Cloyster
0x08D6E8A8	rom	0x400	gMonIcon_Cloyster
0x08D6ECA8	rom	0x20	gMonFootprint_Cloyster
0x08D6ECC8	rom	0x3B8	gMonFrontPic_Gastly
0x08D6F080	rom	0x28	gMonPalette_Gastly
0x08D6F0A8	rom	0x324	gMonBackPic_Gastly
0x08D6F3CC	rom	0x28	gMonShinyPalette_Gastly
0x08D6F3F4	rom	0x400	gMonIcon_Gastly
0x08D6F7F4	rom	0x20	gMonFootprint_Gastly
0x08D6F814	rom	0x400	gMonFrontPic_Haunter
0x08D6FC14	rom	0x24	gMonPalette_Haunter
0x08D6FC38	rom	0x328	gMonBackPic_Haunter
0x08D6FF60	rom	0x24	gMonShinyPalette_Haunter
0x08D6FF84	rom	0x400	gMonIcon_Haunter
0x08D70384	rom	0x20	gMonFootprint_Haunter
0x08D703A4	rom	0x39C	gMonFrontPic_Gengar
0x08D70740	rom	0x24	gMonPalette_Gengar
0x08D70764	rom	0x2E8	gMonBackPic_Gengar
0x08D70A4C	rom	0x24	gMonShinyPalette_Gengar
0x08D70A70	rom	0x400	gMonIcon_Gengar
0x08D70E70	rom	0x20	gMonFootprint_Gengar
0x08D70E90	rom	0x478	gMonFrontPic_Onix
0x08D71308	rom	0x1C	gMonPalette_Onix
0x08D71324	rom	0x37C	gMonBackPic_Onix
0x08D716A0	rom	0x1C	gMonShinyPalette_Onix
0x08D716BC	rom	0x400	gMonIcon_Onix
0x08D71ABC	rom	0x20	gMonFootprint_Onix
0x08D71ADC	rom	0x378	gMonFrontPic_Drowzee
0x08D71E54	rom	0x24	gMonPalette_Drowzee
0x08D71E78	rom	0x25C	gMonBackPic_Drowzee
0x08D720D4	rom	0x24	gMonShinyPalette_Drowzee
0x08D720F8	rom	0x400	gMonIcon_Drowzee
0x08D724F8	rom	0x20	gMonFootprint_Drowzee
0x08D72518	rom	0x3EC	gMonFrontPic_Hypno
0x08D72904	rom	0x24	gMonPalette_Hypno
0x08D72928	rom	0x330	gMonBackPic_Hypno
0x08D72C58	rom	0x24	gMonShinyPalette_Hypno
0x08D72C7C	rom	0x400	gMonIcon_Hypno
0x08D7307C	rom	0x20	gMonFootprint_Hypno
0x08D7309C	rom	0x2B8	gMonFrontPic_Krabby
0x08D73354	rom	0x28	gMonPalette_Krabby
0x08D7337C	rom	0x38C	gMonBackPic_Krabby
0x08D73708	rom	0x28	gMonShinyPalette_Krabby
0x08D73730	rom	0x400	gMonIcon_Krabby
0x08D73B30	rom	0x20	gMonFootprint_Krabby
0x08D73B50	rom	0x534	gMonFrontPic_Kingler
0x08D74084	rom	0x24	gMonPalette_Kingler
0x08D740A8	rom	0x384	gMonBackPic_Kingler
0x08D7442C	rom	0x24	gMonShinyPalette_Kingler
0x08D74450	rom	0x400	gMonIcon_Kingler
0x08D74850	rom	0x20	gMonFootprint_Kingler
0x08D74870	rom	0x208	gMonFrontPic_Voltorb
0x08D74A78	rom	0x24	gMonPalette_Voltorb
0x08D74A9C	rom	0x274	gMonBackPic_Voltorb
0x08D74D10	rom	0x24	gMonShinyPalette_Voltorb
0x08D74D34	rom	0x400	gMonIcon_Voltorb
0x08D75134	rom	0x20	gMonFootprint_Voltorb
0x08D75154	rom	0x26C	gMonFrontPic_Electrode
0x08D753C0	rom	0x24	gMonPalette_Electrode
0x08D753E4	rom	0x270	gMonBackPic_Electrode
0x08D75654	rom	0x24	gMonShinyPalette_Electrode
0x08D75678	rom	0x400	gMonIcon_Electrode
0x08D75A78	rom	0x20	gMonFootprint_Electrode
0x08D75A98	rom	0x404	gMonFrontPic_Exeggcute
0x08D75E9C	rom	0x24	gMonPalette_Exeggcute
0x08D75EC0	rom	0x308	gMonBackPic_Exeggcute
0x08D761C8	rom	0x24	gMonShinyPalette_Exeggcute
0x08D761EC	rom	0x400	gMonIcon_Exeggcute
0x08D765EC	rom	0x20	gMonFootprint_Exeggcute
0x08D7660C	rom	0x500	gMonFrontPic_Exeggutor
0x08D76B0C	rom	0x28	gMonPalette_Exeggutor
0x08D76B34	rom	0x4A0	gMonBackPic_Exeggutor
0x08D76FD4	rom	0x28	gMonShinyPalette_Exeggutor
0x08D76FFC	rom	0x400	gMonIcon_Exeggutor
0x08D773FC	rom	0x20	gMonFootprint_Exeggutor
0x08D7741C	rom	0x2D0	gMonFrontPic_Cubone
0x08D776EC	rom	0x28	gMonPalette_Cubone
0x08D77714	rom	0x340	gMonBackPic_Cubone
0x08D77A54	rom	0x28	gMonShinyPalette_Cubone
0x08D77A7C	rom	0x400	gMonIcon_Cubone
0x08D77E7C	rom	0x20	gMonFootprint_Cubone
0x08D77E9C	rom	0x388	gMonFrontPic_Marowak
0x08D78224	rom	0x28	gMonPalette_Marowak
0x08D7824C	rom	0x338	gMonBackPic_Marowak
0x08D78584	rom	0x28	gMonShinyPalette_Marowak
0x08D785AC	rom	0x400	gMonIcon_Marowak
0x08D789AC	rom	0x20	gMonFootprint_Marowak
0x08D789CC	rom	0x400	gMonFrontPic_Hitmonlee
0x08D78DCC	rom	0x28	gMonPalette_Hitmonlee
0x08D78DF4	rom	0x2A4	gMonBackPic_Hitmonlee
0x08D79098	rom	0x28	gMonShinyPalette_Hitmonlee
0x08D790C0	rom	0x400	gMonIcon_Hitmonlee
0x08D794C0	rom	0x20	gMonFootprint_Hitmonlee
0x08D794E0	rom	0x340	gMonFrontPic_Hitmonchan
0x08D79820	rom	0x28	gMonPalette_Hitmonchan
0x08D79848	rom	0x344	gMonBackPic_Hitmonchan
0x08D79B8C	rom	0x28	gMonShinyPalette_Hitmonchan
0x08D79BB4	rom	0x400	gMonIcon_Hitmonchan
0x08D79FB4	rom	0x20	gMonFootprint_Hitmonchan
0x08D79FD4	rom	0x3B8	gMonFrontPic_Lickitung
0x08D7A38C	rom	0x28	gMonPalette_Lickitung
0x08D7A3B4	rom	0x2C0	gMonBackPic_Lickitung
0x08D7A674	rom	0x28	gMonShinyPalette_Lickitung
0x08D7A69C	rom	0x400	gMonIcon_Lickitung
0x08D7AA9C	rom	0x20	gMonFootprint_Lickitung
0x08D7AABC	rom	0x35C	gMonFrontPic_Koffing
0x08D7AE18	rom	0x28	gMonPalette_Koffing
0x08D7AE40	rom	0x300	gMonBackPic_Koffing
0x08D7B140	rom	0x28	gMonShinyPalette_Koffing
0x08D7B168	rom	0x400	gMonIcon_Koffing
0x08D7B568	rom	0x20	gMonFootprint_Koffing
0x08D7B588	rom	0x488	gMonFrontPic_Weezing
0x08D7BA10	rom	0x28	gMonPalette_Weezing
0x08D7BA38	rom	0x330	gMonBackPic_Weezing
0x08D7BD68	rom	0x28	gMonShinyPalette_Weezing
0x08D7BD90	rom	0x400	gMonIcon_Weezing
0x08D7C190	rom	0x20	gMonFootprint_Weezing
0x08D7C1B0	rom	0x404	gMonFrontPic_Rhyhorn
0x08D7C5B4	rom	0x20	gMonPalette_Rhyhorn
0x08D7C5D4	rom	0x348	gMonBackPic_Rhyhorn
0x08D7C91C	rom	0x20	gMonShinyPalette_Rhyhorn
0x08D7C93C	rom	0x400	gMonIcon_Rhyhorn
0x08D7CD3C	rom	0x20	gMonFootprint_Rhyhorn
0x08D7CD5C	rom	0x508	gMonFrontPic_Rhydon
0x08D7D264	rom	0x28	gMonPalette_Rhydon
0x08D7D28C	rom	0x450	gMonBackPic_Rhydon
0x08D7D6DC	rom	0x28	gMonShinyPalette_Rhydon
0x08D7D704	rom	0x400	gMonIcon_Rhydon
0x08D7DB04	rom	0x20	gMonFootprint_Rhydon
0x08D7DB24	rom	0x354	gMonFrontPic_Chansey
0x08D7DE78	rom	0x24	gMonPalette_Chansey
0x08D7DE9C	rom	0x2D4	gMonBackPic_Chansey
0x08D7E170	rom	0x24	gMonShinyPalette_Chansey
0x08D7E194	rom	0x400	gMonIcon_Chansey
0x08D7E594	rom	0x20	gMonFootprint_Chansey
0x08D7E5B4	rom	0x3D4	gMonFrontPic_Tangela
0x08D7E988	rom	0x24	gMonPalette_Tangela
0x08D7E9AC	rom	0x3AC	gMonBackPic_Tangela
0x08D7ED58	rom	0x24	gMonShinyPalette_Tangela
0x08D7ED7C	rom	0x400	gMonIcon_Tangela
0x08D7F17C	rom	0x20	gMonFootprint_Tangela
0x08D7F19C	rom	0x4F8	gMonFrontPic_Kangaskhan
0x08D7F694	rom	0x28	gMonPalette_Kangaskhan
0x08D7F6BC	rom	0x430	gMonBackPic_Kangaskhan
0x08D7FAEC	rom	0x28	gMonShinyPalette_Kangaskhan
0x08D7FB14	rom	0x400	gMonIcon_Kangaskhan
0x08D7FF14	rom	0x20	gMonFootprint_Kangaskhan
0x08D7FF34	rom	0x278	gMonFrontPic_Horsea
0x08D801AC	rom	0x28	gMonPalette_Horsea
0x08D801D4	rom	0x2E0	gMonBackPic_Horsea
0x08D804B4	rom	0x28	gMonShinyPalette_Horsea
0x08D804DC	rom	0x400	gMonIcon_Horsea
0x08D808DC	rom	0x20	gMonFootprint_Horsea
0x08D808FC	rom	0x3C0	gMonFrontPic_Seadra
0x08D80CBC	rom	0x28	gMonPalette_Seadra
0x08D80CE4	rom	0x3A0	gMonBackPic_Seadra
0x08D81084	rom	0x28	gMonShinyPalette_Seadra
0x08D810AC	rom	0x400	gMonIcon_Seadra
0x08D814AC	rom	0x20	gMonFootprint_Seadra
0x08D814CC	rom	0x368	gMonFrontPic_Goldeen
0x08D81834	rom	0x28	gMonPalette_Goldeen
0x08D8185C	rom	0x370	gMonBackPic_Goldeen
0x08D81BCC	rom	0x28	gMonShinyPalette_Goldeen
0x08D81BF4	rom	0x400	gMonIcon_Goldeen
0x08D81FF4	rom	0x20	gMonFootprint_Goldeen
0x08D82014	rom	0x474	gMonFrontPic_Seaking
0x08D82488	rom	0x28	gMonPalette_Seaking
0x08D824B0	rom	0x350	gMonBackPic_Seaking
0x08D82800	rom	0x28	gMonShinyPalette_Seaking
0x08D82828	rom	0x400	gMonIcon_Seaking
0x08D82C28	rom	0x20	gMonFootprint_Seaking
0x08D82C48	rom	0x2E4	gMonFrontPic_Staryu
0x08D82F2C	rom	0x28	gMonPalette_Staryu
0x08D82F54	rom	0x27C	gMonBackPic_Staryu
0x08D831D0	rom	0x28	gMonShinyPalette_Staryu
0x08D831F8	rom	0x400	gMonIcon_Staryu
0x08D835F8	rom	0x20	gMonFootprint_Staryu
0x08D83618	rom	0x428	gMonFrontPic_Starmie
0x08D83A40	rom	0x28	gMonPalette_Starmie
0x08D83A68	rom	0x2A4	gMonBackPic_Starmie
0x08D83D0C	rom	0x28	gMonShinyPalette_Starmie
0x08D83D34	rom	0x400	gMonIcon_Starmie
0x08D84134	rom	0x20	gMonFootprint_Starmie
0x08D84154	rom	0x3B0	gMonFrontPic_Mrmime
0x08D84504	rom	0x28	gMonPalette_Mrmime
0x08D8452C	rom	0x334	gMonBackPic_Mrmime
0x08D84860	rom	0x28	gMonShinyPalette_Mrmime
0x08D84888	rom	0x400	gMonIcon_Mrmime
0x08D84C88	rom	0x20	gMonFootprint_Mrmime
0x08D84CA8	rom	0x4AC	gMonFrontPic_Scyther
0x08D85154	rom	0x28	gMonPalette_Scyther
0x08D8517C	rom	0x3A8	gMonBackPic_Scyther
0x08D85524	rom	0x28	gMonShinyPalette_Scyther
0x08D8554C	rom	0x400	gMonIcon_Scyther
0x08D8594C	rom	0x20	gMonFootprint_Scyther
0x08D8596C	rom	0x49C	gMonFrontPic_Jynx
0x08D85E08	rom	0x28	gMonPalette_Jynx
0x08D85E30	rom	0x2F8	gMonBackPic_Jynx
0x08D86128	rom	0x28	gMonShinyPalette_Jynx
0x08D86150	rom	0x400	gMonIcon_Jynx
0x08D86550	rom	0x20	gMonFootprint_Jynx
0x08D86570	rom	0x47C	gMonFrontPic_Electabuzz
0x08D869EC	rom	0x28	gMonPalette_Electabuzz
0x08D86A14	rom	0x310	gMonBackPic_Electabuzz
0x08D86D24	rom	0x28	gMonShinyPalette_Electabuzz
0x08D86D4C	rom	0x400	gMonIcon_Electabuzz
0x08D8714C	rom	0x20	gMonFootprint_Electabuzz
0x08D8716C	rom	0x4A8	gMonFrontPic_Magmar
0x08D87614	rom	0x28	gMonPalette_Magmar
0x08D8763C	rom	0x348	gMonBackPic_Magmar
0x08D87984	rom	0x28	gMonShinyPalette_Magmar
0x08D879AC	rom	0x400	gMonIcon_Magmar
0x08D87DAC	rom	0x20	gMonFootprint_Magmar
0x08D87DCC	rom	0x428	gMonFrontPic_Pinsir
0x08D881F4	rom	0x24	gMonPalette_Pinsir
0x08D88218	rom	0x354	gMonBackPic_Pinsir
0x08D8856C	rom	0x24	gMonShinyPalette_Pinsir
0x08D88590	rom	0x400	gMonIcon_Pinsir
0x08D88990	rom	0x20	gMonFootprint_Pinsir
0x08D889B0	rom	0x4D0	gMonFrontPic_Tauros
0x08D88E80	rom	0x28	gMonPalette_Tauros
0x08D88EA8	rom	0x2B4	gMonBackPic_Tauros
0x08D8915C	rom	0x28	gMonShinyPalette_Tauros
0x08D89184	rom	0x400	gMonIcon_Tauros
0x08D89584	rom	0x20	gMonFootprint_Tauros
0x08D895A4	rom	0x350	gMonFrontPic_Magikarp
0x08D898F4	rom	0x28	gMonPalette_Magikarp
0x08D8991C	rom	0x330	gMonBackPic_Magikarp
0x08D89C4C	rom	0x28	gMonShinyPalette_Magikarp
0x08D89C74	rom	0x400	gMonIcon_Magikarp
0x08D8A074	rom	0x20	gMonFootprint_Magikarp
0x08D8A094	rom	0x568	gMonFrontPic_Gyarados
0x08D8A5FC	rom	0x28	gMonPalette_Gyarados
0x08D8A624	rom	0x4D4	gMonBackPic_Gyarados
0x08D8AAF8	rom	0x28	gMonShinyPalette_Gyarados
0x08D8AB20	rom	0x400	gMonIcon_Gyarados
0x08D8AF20	rom	0x20	gMonFootprint_Gyarados
0x08D8AF40	rom	0x3C0	gMonFrontPic_Lapras
0x08D8B300	rom	0x28	gMonPalette_Lapras
0x08D8B328	rom	0x344	gMonBackPic_Lapras
0x08D8B66C	rom	0x28	gMonShinyPalette_Lapras
0x08D8B694	rom	0x400	gMonIcon_Lapras
0x08D8BA94	rom	0x20	gMonFootprint_Lapras
0x08D8BAB4	rom	0x1F0	gMonFrontPic_Ditto
0x08D8BCA4	rom	0x20	gMonPalette_Ditto
0x08D8BCC4	rom	0x200	gMonBackPic_Ditto
0x08D8BEC4	rom	0x20	gMonShinyPalette_Ditto
0x08D8BEE4	rom	0x400	gMonIcon_Ditto
0x08D8C2E4	rom	0x20	gMonFootprint_Ditto
0x08D8C304	rom	0x2A4	gMonFrontPic_Eevee
0x08D8C5A8	rom	0x24	gMonPalette_Eevee
0x08D8C5CC	rom	0x328	gMonBackPic_Eevee
0x08D8C8F4	rom	0x24	gMonShinyPalette_Eevee
0x08D8C918	rom	0x400	gMonIcon_Eevee
0x08D8CD18	rom	0x20	gMonFootprint_Eevee
0x08D8CD38	rom	0x394	gMonFrontPic_Vaporeon
0x08D8D0CC	rom	0x28	gMonPalette_Vaporeon
0x08D8D0F4	rom	0x2C8	gMonBackPic_Vaporeon
0x08D8D3BC	rom	0x28	gMonShinyPalette_Vaporeon
0x08D8D3E4	rom	0x400	gMonIcon_Vaporeon
0x08D8D7E4	rom	0x20	gMonFootprint_Vaporeon
0x08D8D804	rom	0x3A0	gMonFrontPic_Jolteon
0x08D8DBA4	rom	0x28	gMonPalette_Jolteon
0x08D8DBCC	rom	0x390	gMonBackPic_Jolteon
0x08D8DF5C	rom	0x28	gMonShinyPalette_Jolteon
0x08D8DF84	rom	0x400	gMonIcon_Jolteon
0x08D8E384	rom	0x20	gMonFootprint_Jolteon
0x08D8E3A4	rom	0x37C	gMonFrontPic_Flareon
0x08D8E720	rom	0x28	gMonPalette_Flareon
0x08D8E748	rom	0x390	gMonBackPic_Flareon
0x08D8EAD8	rom	0x28	gMonShinyPalette_Flareon
0x08D8EB00	rom	0x400	gMonIcon_Flareon
0x08D8EF00	rom	0x20	gMonFootprint_Flareon
0x08D8EF20	rom	0x2BC	gMonFrontPic_Porygon
0x08D8F1DC	rom	0x24	gMonPalette_Porygon
0x08D8F200	rom	0x2B8	gMonBackPic_Porygon
0x08D8F4B8	rom	0x24	gMonShinyPalette_Porygon
0x08D8F4DC	rom	0x400	gMonIcon_Porygon
0x08D8F8DC	rom	0x20	gMonFootprint_Porygon
0x08D8F8FC	rom	0x2A8	gMonFrontPic_Omanyte
0x08D8FBA4	rom	0x28	gMonPalette_Omanyte
0x08D8FBCC	rom	0x34C	gMonBackPic_Omanyte
0x08D8FF18	rom	0x28	gMonShinyPalette_Omanyte
0x08D8FF40	rom	0x400	gMonIcon_Omanyte
0x08D90340	rom	0x20	gMonFootprint_Omanyte
0x08D90360	rom	0x3C0	gMonFrontPic_Omastar
0x08D90720	rom	0x28	gMonPalette_Omastar
0x08D90748	rom	0x340	gMonBackPic_Omastar
0x08D90A88	rom	0x28	gMonShinyPalette_Omastar
0x08D90AB0	rom	0x400	gMonIcon_Omastar
0x08D90EB0	rom	0x20	gMonFootprint_Omastar
0x08D90ED0	rom	0x270	gMonFrontPic_Kabuto
0x08D91140	rom	0x28	gMonPalette_Kabuto
0x08D91168	rom	0x298	gMonBackPic_Kabuto
0x08D91400	rom	0x28	gMonShinyPalette_Kabuto
0x08D91428	rom	0x400	gMonIcon_Kabuto
0x08D91828	rom	0x20	gMonFootprint_Kabuto
0x08D91848	rom	0x400	gMonFrontPic_Kabutops
0x08D91C48	rom	0x24	gMonPalette_Kabutops
0x08D91C6C	rom	0x3A4	gMonBackPic_Kabutops
0x08D92010	rom	0x24	gMonShinyPalette_Kabutops
0x08D92034	rom	0x400	gMonIcon_Kabutops
0x08D92434	rom	0x20	gMonFootprint_Kabutops
0x08D92454	rom	0x480	gMonFrontPic_Aerodactyl
0x08D928D4	rom	0x28	gMonPalette_Aerodactyl
0x08D928FC	rom	0x304	gMonBackPic_Aerodactyl
0x08D92C00	rom	0x28	gMonShinyPalette_Aerodactyl
0x08D92C28	rom	0x400	gMonIcon_Aerodactyl
0x08D93028	rom	0x20	gMonFootprint_Aerodactyl
0x08D93048	rom	0x444	gMonFrontPic_Snorlax
0x08D9348C	rom	0x28	gMonPalette_Snorlax
0x08D934B4	rom	0x21C	gMonBackPic_Snorlax
0x08D936D0	rom	0x28	gMonShinyPalette_Snorlax
0x08D936F8	rom	0x400	gMonIcon_Snorlax
0x08D93AF8	rom	0x20	gMonFootprint_Snorlax
0x08D93B18	rom	0x4F8	gMonFrontPic_Articuno
0x08D94010	rom	0x28	gMonPalette_Articuno
0x08D94038	rom	0x25C	gMonBackPic_Articuno
0x08D94294	rom	0x28	gMonShinyPalette_Articuno
0x08D942BC	rom	0x400	gMonIcon_Articuno
0x08D946BC	rom	0x20	gMonFootprint_Articuno
0x08D946DC	rom	0x474	gMonFrontPic_Zapdos
0x08D94B50	rom	0x28	gMonPalette_Zapdos
0x08D94B78	rom	0x33C	gMonBackPic_Zapdos
0x08D94EB4	rom	0x28	gMonShinyPalette_Zapdos
0x08D94EDC	rom	0x400	gMonIcon_Zapdos
0x08D952DC	rom	0x20	gMonFootprint_Zapdos
0x08D952FC	rom	0x5B0	gMonFrontPic_Moltres
0x08D958AC	rom	0x28	gMonPalette_Moltres
0x08D958D4	rom	0x33C	gMonBackPic_Moltres
0x08D95C10	rom	0x28	gMonShinyPalette_Moltres
0x08D95C38	rom	0x400	gMonIcon_Moltres
0x08D96038	rom	0x20	gMonFootprint_Moltres
0x08D96058	rom	0x2B8	gMonFrontPic_Dratini
0x08D96310	rom	0x24	gMonPalette_Dratini
0x08D96334	rom	0x290	gMonBackPic_Dratini
0x08D965C4	rom	0x24	gMonShinyPalette_Dratini
0x08D965E8	rom	0x400	gMonIcon_Dratini
0x08D969E8	rom	0x20	gMonFootprint_Dratini
0x08D96A08	rom	0x360	gMonFrontPic_Dragonair
0x08D96D68	rom	0x28	gMonPalette_Dragonair
0x08D96D90	rom	0x310	gMonBackPic_Dragonair
0x08D970A0	rom	0x28	gMonShinyPalette_Dragonair
0x08D970C8	rom	0x400	gMonIcon_Dragonair
0x08D974C8	rom	0x20	gMonFootprint_Dragonair
0x08D974E8	rom	0x570	gMonFrontPic_Dragonite
0x08D97A58	rom	0x28	gMonPalette_Dragonite
0x08D97A80	rom	0x2FC	gMonBackPic_Dragonite
0x08D97D7C	rom	0x28	gMonShinyPalette_Dragonite
0x08D97DA4	rom	0x400	gMonIcon_Dragonite
0x08D981A4	rom	0x20	gMonFootprint_Dragonite
0x08D981C4	rom	0x43C	gMonFrontPic_Mewtwo
0x08D98600	rom	0x24	gMonPalette_Mewtwo
0x08D98624	rom	0x3CC	gMonBackPic_Mewtwo
0x08D989F0	rom	0x24	gMonShinyPalette_Mewtwo
0x08D98A14	rom	0x400	gMonIcon_Mewtwo
0x08D98E14	rom	0x20	gMonFootprint_Mewtwo
0x08D98E34	rom	0x280	gMonFrontPic_Mew
0x08D990B4	rom	0x24	gMonPalette_Mew
0x08D990D8	rom	0x2CC	gMonBackPic_Mew
0x08D993A4	rom	0x24	gMonShinyPalette_Mew
0x08D993C8	rom	0x400	gMonIcon_Mew
0x08D997C8	rom	0x20	gMonFootprint_Mew
0x08D997E8	rom	0x268	gMonFrontPic_Chikorita
0x08D99A50	rom	0x28	gMonPalette_Chikorita
0x08D99A78	rom	0x2C4	gMonBackPic_Chikorita
0x08D99D3C	rom	0x28	gMonShinyPalette_Chikorita
0x08D99D64	rom	0x400	gMonIcon_Chikorita
0x08D9A164	rom	0x20	gMonFootprint_Chikorita
0x08D9A184	rom	0x3D4	gMonFrontPic_Bayleef
0x08D9A558	rom	0x28	gMonPalette_Bayleef
0x08D9A580	rom	0x390	gMonBackPic_Bayleef
0x08D9A910	rom	0x28	gMonShinyPalette_Bayleef
0x08D9A938	rom	0x400	gMonIcon_Bayleef
0x08D9AD38	rom	0x20	gMonFootprint_Bayleef
0x08D9AD58	rom	0x55C	gMonFrontPic_Meganium
0x08D9B2B4	rom	0x28	gMonPalette_Meganium
0x08D9B2DC	rom	0x350	gMonBackPic_Meganium
0x08D9B62C	rom	0x28	gMonShinyPalette_Meganium
0x08D9B654	rom	0x400	gMonIcon_Meganium
0x08D9BA54	rom	0x20	gMonFootprint_Meganium
0x08D9BA74	rom	0x28C	gMonFrontPic_Cyndaquil
0x08D9BD00	rom	0x28	gMonPalette_Cyndaquil
0x08D9BD28	rom	0x32C	gMonBackPic_Cyndaquil
0x08D9C054	rom	0x28	gMonShinyPalette_Cyndaquil
0x08D9C07C	rom	0x400	gMonIcon_Cyndaquil
0x08D9C47C	rom	0x20	gMonFootprint_Cyndaquil
0x08D9C49C	rom	0x31C	gMonFrontPic_Quilava
0x08D9C7B8	rom	0x28	gMonPalette_Quilava
0x08D9C7E0	rom	0x374	gMonBackPic_Quilava
0x08D9CB54	rom	0x28	gMonShinyPalette_Quilava
0x08D9CB7C	rom	0x400	gMonIcon_Quilava
0x08D9CF7C	rom	0x20	gMonFootprint_Quilava
0x08D9CF9C	rom	0x428	gMonFrontPic_Typhlosion
0x08D9D3C4	rom	0x28	gMonPalette_Typhlosion
0x08D9D3EC	rom	0x404	gMonBackPic_Typhlosion
0x08D9D7F0	rom	0x28	gMonShinyPalette_Typhlosion
0x08D9D818	rom	0x400	gMonIcon_Typhlosion
0x08D9DC18	rom	0x20	gMonFootprint_Typhlosion
0x08D9DC38	rom	0x2A4	gMonFrontPic_Totodile
0x08D9DEDC	rom	0x28	gMonPalette_Totodile
0x08D9DF04	rom	0x2E0	gMonBackPic_Totodile
0x08D9E1E4	rom	0x28	gMonShinyPalette_Totodile
0x08D9E20C	rom	0x400	gMonIcon_Totodile
0x08D9E60C	rom	0x20	gMonFootprint_Totodile
0x08D9E62C	rom	0x368	gMonFrontPic_Croconaw
0x08D9E994	rom	0x28	gMonPalette_Croconaw
0x08D9E9BC	rom	0x350	gMonBackPic_Croconaw
0x08D9ED0C	rom	0x28	gMonShinyPalette_Croconaw
0x08D9ED34	rom	0x400	gMonIcon_Croconaw
0x08D9F134	rom	0x20	gMonFootprint_Croconaw
0x08D9F154	rom	0x56C	gMonFrontPic_Feraligatr
0x08D9F6C0	rom	0x28	gMonPalette_Feraligatr
0x08D9F6E8	rom	0x4CC	gMonBackPic_Feraligatr
0x08D9FBB4	rom	0x28	gMonShinyPalette_Feraligatr
0x08D9FBDC	rom	0x400	gMonIcon_Feraligatr
0x08D9FFDC	rom	0x20	gMonFootprint_Feraligatr
0x08D9FFFC	rom	0x2DC	gMonFrontPic_Sentret
0x08DA02D8	rom	0x28	gMonPalette_Sentret
0x08DA0300	rom	0x2A4	gMonBackPic_Sentret
0x08DA05A4	rom	0x28	gMonShinyPalette_Sentret
0x08DA05CC	rom	0x400	gMonIcon_Sentret
0x08DA09CC	rom	0x20	gMonFootprint_Sentret
0x08DA09EC	rom	0x334	gMonFrontPic_Furret
0x08DA0D20	rom	0x28	gMonPalette_Furret
0x08DA0D48	rom	0x328	gMonBackPic_Furret
0x08DA1070	rom	0x28	gMonShinyPalette_Furret
0x08DA1098	rom	0x400	gMonIcon_Furret
0x08DA1498	rom	0x20	gMonFootprint_Furret
0x08DA14B8	rom	0x284	gMonFrontPic_Hoothoot
0x08DA173C	rom	0x28	gMonPalette_Hoothoot
0x08DA1764	rom	0x308	gMonBackPic_Hoothoot
0x08DA1A6C	rom	0x28	gMonShinyPalette_Hoothoot
0x08DA1A94	rom	0x400	gMonIcon_Hoothoot
0x08DA1E94	rom	0x20	gMonFootprint_Hoothoot
0x08DA1EB4	rom	0x354	gMonFrontPic_Noctowl
0x08DA2208	rom	0x28	gMonPalette_Noctowl
0x08DA2230	rom	0x35C	gMonBackPic_Noctowl
0x08DA258C	rom	0x28	gMonShinyPalette_Noctowl
0x08DA25B4	rom	0x400	gMonIcon_Noctowl
0x08DA29B4	rom	0x20	gMonFootprint_Noctowl
0x08DA29D4	rom	0x2F4	gMonFrontPic_Ledyba
0x08DA2CC8	rom	0x28	gMonPalette_Ledyba
0x08DA2CF0	rom	0x330	gMonBackPic_Ledyba
0x08DA3020	rom	0x28	gMonShinyPalette_Ledyba
0x08DA3048	rom	0x400	gMonIcon_Ledyba
0x08DA3448	rom	0x20	gMonFootprint_Ledyba
0x08DA3468	rom	0x388	gMonFrontPic_Ledian
0x08DA37F0	rom	0x28	gMonPalette_Ledian
0x08DA3818	rom	0x358	gMonBackPic_Ledian
0x08DA3B70	rom	0x28	gMonShinyPalette_Ledian
0x08DA3B98	rom	0x400	gMonIcon_Ledian
0x08DA3F98	rom	0x20	gMonFootprint_Ledian
0x08DA3FB8	rom	0x274	gMonFrontPic_Spinarak
0x08DA422C	rom	0x28	gMonPalette_Spinarak
0x08DA4254	rom	0x264	gMonBackPic_Spinarak
0x08DA44B8	rom	0x28	gMonShinyPalette_Spinarak
0x08DA44E0	rom	0x400	gMonIcon_Spinarak
0x08DA48E0	rom	0x20	gMonFootprint_Spinarak
0x08DA4900	rom	0x3C0	gMonFrontPic_Ariados
0x08DA4CC0	rom	0x28	gMonPalette_Ariados
0x08DA4CE8	rom	0x378	gMonBackPic_Ariados
0x08DA5060	rom	0x28	gMonShinyPalette_Ariados
0x08DA5088	rom	0x400	gMonIcon_Ariados
0x08DA5488	rom	0x20	gMonFootprint_Ariados
0x08DA54A8	rom	0x3B0	gMonFrontPic_Crobat
0x08DA5858	rom	0x28	gMonPalette_Crobat
0x08DA5880	rom	0x308	gMonBackPic_Crobat
0x08DA5B88	rom	0x28	gMonShinyPalette_Crobat
0x08DA5BB0	rom	0x400	gMonIcon_Crobat
0x08DA5FB0	rom	0x20	gMonFootprint_Crobat
0x08DA5FD0	rom	0x2D8	gMonFrontPic_Chinchou
0x08DA62A8	rom	0x28	gMonPalette_Chinchou
0x08DA62D0	rom	0x2F8	gMonBackPic_Chinchou
0x08DA65C8	rom	0x28	gMonShinyPalette_Chinchou
0x08DA65F0	rom	0x400	gMonIcon_Chinchou
0x08DA69F0	rom	0x20	gMonFootprint_Chinchou
0x08DA6A10	rom	0x370	gMonFrontPic_Lanturn
0x08DA6D80	rom	0x28	gMonPalette_Lanturn
0x08DA6DA8	rom	0x300	gMonBackPic_Lanturn
0x08DA70A8	rom	0x28	gMonShinyPalette_Lanturn
0x08DA70D0	rom	0x400	gMonIcon_Lanturn
0x08DA74D0	rom	0x20	gMonFootprint_Lanturn
0x08DA74F0	rom	0x21C	gMonFrontPic_Pichu
0x08DA770C	rom	0x28	gMonPalette_Pichu
0x08DA7734	rom	0x25C	gMonBackPic_Pichu
0x08DA7990	rom	0x28	gMonShinyPalette_Pichu
0x08DA79B8	rom	0x400	gMonIcon_Pichu
0x08DA7DB8	rom	0x20	gMonFootprint_Pichu
0x08DA7DD8	rom	0x1E0	gMonFrontPic_Cleffa
0x08DA7FB8	rom	0x28	gMonPalette_Cleffa
0x08DA7FE0	rom	0x23C	gMonBackPic_Cleffa
0x08DA821C	rom	0x28	gMonShinyPalette_Cleffa
0x08DA8244	rom	0x400	gMonIcon_Cleffa
0x08DA8644	rom	0x20	gMonFootprint_Cleffa
0x08DA8664	rom	0x1E8	gMonFrontPic_Igglybuff
0x08DA884C	rom	0x28	gMonPalette_Igglybuff
0x08DA8874	rom	0x23C	gMonBackPic_Igglybuff
0x08DA8AB0	rom	0x28	gMonShinyPalette_Igglybuff
0x08DA8AD8	rom	0x400	gMonIcon_Igglybuff
0x08DA8ED8	rom	0x20	gMonFootprint_Igglybuff
0x08DA8EF8	rom	0x1D4	gMonFrontPic_Togepi
0x08DA90CC	rom	0x28	gMonPalette_Togepi
0x08DA90F4	rom	0x274	gMonBackPic_Togepi
0x08DA9368	rom	0x28	gMonShinyPalette_Togepi
0x08DA9390	rom	0x400	gMonIcon_Togepi
0x08DA9790	rom	0x20	gMonFootprint_Togepi
0x08DA97B0	rom	0x274	gMonFrontPic_Togetic
0x08DA9A24	rom	0x28	gMonPalette_Togetic
0x08DA9A4C	rom	0x32C	gMonBackPic_Togetic
0x08DA9D78	rom	0x28	gMonShinyPalette_Togetic
0x08DA9DA0	rom	0x400	gMonIcon_Togetic
0x08DAA1A0	rom	0x20	gMonFootprint_Togetic
0x08DAA1C0	rom	0x1CC	gMonFrontPic_Natu
0x08DAA38C	rom	0x28	gMonPalette_Natu
0x08DAA3B4	rom	0x214	gMonBackPic_Natu
0x08DAA5C8	rom	0x28	gMonShinyPalette_Natu
0x08DAA5F0	rom	0x400	gMonIcon_Natu
0x08DAA9F0	rom	0x20	gMonFootprint_Natu
0x08DAAA10	rom	0x2DC	gMonFrontPic_Xatu
0x08DAACEC	rom	0x28	gMonPalette_Xatu
0x08DAAD14	rom	0x378	gMonBackPic_Xatu
0x08DAB08C	rom	0x28	gMonShinyPalette_Xatu
0x08DAB0B4	rom	0x400	gMonIcon_Xatu
0x08DAB4B4	rom	0x20	gMonFootprint_Xatu
0x08DAB4D4	rom	0x2B4	gMonFrontPic_Mareep
0x08DAB788	rom	0x28	gMonPalette_Mareep
0x08DAB7B0	rom	0x2F4	gMonBackPic_Mareep
0x08DABAA4	rom	0x28	gMonShinyPalette_Mareep
0x08DABACC	rom	0x400	gMonIcon_Mareep
0x08DABECC	rom	0x20	gMonFootprint_Mareep
0x08DABEEC	rom	0x300	gMonFrontPic_Flaaffy
0x08DAC1EC	rom	0x28	gMonPalette_Flaaffy
0x08DAC214	rom	0x31C	gMonBackPic_Flaaffy
0x08DAC530	rom	0x28	gMonShinyPalette_Flaaffy
0x08DAC558	rom	0x400	gMonIcon_Flaaffy
0x08DAC958	rom	0x20	gMonFootprint_Flaaffy
0x08DAC978	rom	0x35C	gMonFrontPic_Ampharos
0x08DACCD4	rom	0x28	gMonPalette_Ampharos
0x08DACCFC	rom	0x378	gMonBackPic_Ampharos
0x08DAD074	rom	0x28	gMonShinyPalette_Ampharos
0x08DAD09C	rom	0x400	gMonIcon_Ampharos
0x08DAD49C	rom	0x20	gMonFootprint_Ampharos
0x08DAD4BC	rom	0x270	gMonFrontPic_Bellossom
0x08DAD72C	rom	0x28	gMonPalette_Bellossom
0x08DAD754	rom	0x324	gMonBackPic_Bellossom
0x08DADA78	rom	0x28	gMonShinyPalette_Bellossom
0x08DADAA0	rom	0x400	gMonIcon_Bellossom
0x08DADEA0	rom	0x20	gMonFootprint_Bellossom
0x08DADEC0	rom	0x2C4	gMonFrontPic_Marill
0x08DAE184	rom	0x28	gMonPalette_Marill
0x08DAE1AC	rom	0x2AC	gMonBackPic_Marill
0x08DAE458	rom	0x28	gMonShinyPalette_Marill
0x08DAE480	rom	0x400	gMonIcon_Marill
0x08DAE880	rom	0x20	gMonFootprint_Marill
0x08DAE8A0	rom	0x300	gMonFrontPic_Azumarill
0x08DAEBA0	rom	0x28	gMonPalette_Azumarill
0x08DAEBC8	rom	0x2BC	gMonBackPic_Azumarill
0x08DAEE84	rom	0x28	gMonShinyPalette_Azumarill
0x08DAEEAC	rom	0x400	gMonIcon_Azumarill
0x08DAF2AC	rom	0x20	gMonFootprint_Azumarill
0x08DAF2CC	rom	0x318	gMonFrontPic_Sudowoodo
0x08DAF5E4	rom	0x28	gMonPalette_Sudowoodo
0x08DAF60C	rom	0x35C	gMonBackPic_Sudowoodo
0x08DAF968	rom	0x28	gMonShinyPalette_Sudowoodo
0x08DAF990	rom	0x400	gMonIcon_Sudowoodo
0x08DAFD90	rom	0x20	gMonFootprint_Sudowoodo
0x08DAFDB0	rom	0x33C	gMonFrontPic_Politoed
0x08DB00EC	rom	0x28	gMonPalette_Politoed
0x08DB0114	rom	0x2BC	gMonBackPic_Politoed
0x08DB03D0	rom	0x28	gMonShinyPalette_Politoed
0x08DB03F8	rom	0x400	gMonIcon_Politoed
0x08DB07F8	rom	0x20	gMonFootprint_Politoed
0x08DB0818	rom	0x2B4	gMonFrontPic_Hoppip
0x08DB0ACC	rom	0x28	gMonPalette_Hoppip
0x08DB0AF4	rom	0x2E0	gMonBackPic_Hoppip
0x08DB0DD4	rom	0x28	gMonShinyPalette_Hoppip
0x08DB0DFC	rom	0x400	gMonIcon_Hoppip
0x08DB11FC	rom	0x20	gMonFootprint_Hoppip
0x08DB121C	rom	0x288	gMonFrontPic_Skiploom
0x08DB14A4	rom	0x28	gMonPalette_Skiploom
0x08DB14CC	rom	0x2E0	gMonBackPic_Skiploom
0x08DB17AC	rom	0x28	gMonShinyPalette_Skiploom
0x08DB17D4	rom	0x400	gMonIcon_Skiploom
0x08DB1BD4	rom	0x20	gMonFootprint_Skiploom
0x08DB1BF4	rom	0x36C	gMonFrontPic_Jumpluff
0x08DB1F60	rom	0x28	gMonPalette_Jumpluff
0x08DB1F88	rom	0x3F8	gMonBackPic_Jumpluff
0x08DB2380	rom	0x28	gMonShinyPalette_Jumpluff
0x08DB23A8	rom	0x400	gMonIcon_Jumpluff
0x08DB27A8	rom	0x20	gMonFootprint_Jumpluff
0x08DB27C8	rom	0x2FC	gMonFrontPic_Aipom
0x08DB2AC4	rom	0x28	gMonPalette_Aipom
0x08DB2AEC	rom	0x2F4	gMonBackPic_Aipom
0x08DB2DE0	rom	0x28	gMonShinyPalette_Aipom
0x08DB2E08	rom	0x400	gMonIcon_Aipom
0x08DB3208	rom	0x20	gMonFootprint_Aipom
0x08DB3228	rom	0x238	gMonFrontPic_Sunkern
0x08DB3460	rom	0x28	gMonPalette_Sunkern
0x08DB3488	rom	0x2C4	gMonBackPic_Sunkern
0x08DB374C	rom	0x28	gMonShinyPalette_Sunkern
0x08DB3774	rom	0x400	gMonIcon_Sunkern
0x08DB3B74	rom	0x20	gMonFootprint_Sunkern
0x08DB3B94	rom	0x358	gMonFrontPic_Sunflora
0x08DB3EEC	rom	0x28	gMonPalette_Sunflora
0x08DB3F14	rom	0x3A0	gMonBackPic_Sunflora
0x08DB42B4	rom	0x28	gMonShinyPalette_Sunflora
0x08DB42DC	rom	0x400	gMonIcon_Sunflora
0x08DB46DC	rom	0x20	gMonFootprint_Sunflora
0x08DB46FC	rom	0x384	gMonFrontPic_Yanma
0x08DB4A80	rom	0x28	gMonPalette_Yanma
0x08DB4AA8	rom	0x3B4	gMonBackPic_Yanma
0x08DB4E5C	rom	0x28	gMonShinyPalette_Yanma
0x08DB4E84	rom	0x400	gMonIcon_Yanma
0x08DB5284	rom	0x20	gMonFootprint_Yanma
0x08DB52A4	rom	0x240	gMonFrontPic_Wooper
0x08DB54E4	rom	0x28	gMonPalette_Wooper
0x08DB550C	rom	0x28C	gMonBackPic_Wooper
0x08DB5798	rom	0x28	gMonShinyPalette_Wooper
0x08DB57C0	rom	0x400	gMonIcon_Wooper
0x08DB5BC0	rom	0x20	gMonFootprint_Wooper
0x08DB5BE0	rom	0x374	gMonFrontPic_Quagsire
0x08DB5F54	rom	0x28	gMonPalette_Quagsire
0x08DB5F7C	rom	0x2FC	gMonBackPic_Quagsire
0x08DB6278	rom	0x28	gMonShinyPalette_Quagsire
0x08DB62A0	rom	0x400	gMonIcon_Quagsire
0x08DB66A0	rom	0x20	gMonFootprint_Quagsire
0x08DB66C0	rom	0x340	gMonFrontPic_Espeon
0x08DB6A00	rom	0x24	gMonPalette_Espeon
0x08DB6A24	rom	0x2DC	gMonBackPic_Espeon
0x08DB6D00	rom	0x24	gMonShinyPalette_Espeon
0x08DB6D24	rom	0x400	gMonIcon_Espeon
0x08DB7124	rom	0x20	gMonFootprint_Espeon
0x08DB7144	rom	0x314	gMonFrontPic_Umbreon
0x08DB7458	rom	0x28	gMonPalette_Umbreon
0x08DB7480	rom	0x314	gMonBackPic_Umbreon
0x08DB7794	rom	0x28	gMonShinyPalette_Umbreon
0x08DB77BC	rom	0x400	gMonIcon_Umbreon
0x08DB7BBC	rom	0x20	gMonFootprint_Umbreon
0x08DB7BDC	rom	0x2E0	gMonFrontPic_Murkrow
0x08DB7EBC	rom	0x28	gMonPalette_Murkrow
0x08DB7EE4	rom	0x318	gMonBackPic_Murkrow
0x08DB81FC	rom	0x28	gMonShinyPalette_Murkrow
0x08DB8224	rom	0x400	gMonIcon_Murkrow
0x08DB8624	rom	0x20	gMonFootprint_Murkrow
0x08DB8644	rom	0x3B4	gMonFrontPic_Slowking
0x08DB89F8	rom	0x28	gMonPalette_Slowking
0x08DB8A20	rom	0x38C	gMonBackPic_Slowking
0x08DB8DAC	rom	0x28	gMonShinyPalette_Slowking
0x08DB8DD4	rom	0x400	gMonIcon_Slowking
0x08DB91D4	rom	0x20	gMonFootprint_Slowking
0x08DB91F4	rom	0x2C0	gMonFrontPic_Misdreavus
0x08DB94B4	rom	0x28	gMonPalette_Misdreavus
0x08DB94DC	rom	0x324	gMonBackPic_Misdreavus
0x08DB9800	rom	0x28	gMonShinyPalette_Misdreavus
0x08DB9828	rom	0x400	gMonIcon_Misdreavus
0x08DB9C28	rom	0x20	gMonFootprint_Misdreavus
0x08DB9C48	rom	0x1D4	gMonFrontPic_UnownA
0x08DB9E1C	rom	0x20	gMonPalette_Unown
0x08DB9E3C	rom	0x200	gMonBackPic_UnownA
0x08DBA03C	rom	0x20	gMonShinyPalette_Unown
0x08DBA05C	rom	0x400	gMonIcon_UnownA
0x08DBA45C	rom	0x20	gMonFootprint_Unown
0x08DBA47C	rom	0x350	gMonFrontPic_Wobbuffet
0x08DBA7CC	rom	0x28	gMonPalette_Wobbuffet
0x08DBA7F4	rom	0x244	gMonBackPic_Wobbuffet
0x08DBAA38	rom	0x28	gMonShinyPalette_Wobbuffet
0x08DBAA60	rom	0x400	gMonIcon_Wobbuffet
0x08DBAE60	rom	0x20	gMonFootprint_Wobbuffet
0x08DBAE80	rom	0x404	gMonFrontPic_Girafarig
0x08DBB284	rom	0x28	gMonPalette_Girafarig
0x08DBB2AC	rom	0x3AC	gMonBackPic_Girafarig
0x08DBB658	rom	0x28	gMonShinyPalette_Girafarig
0x08DBB680	rom	0x400	gMonIcon_Girafarig
0x08DBBA80	rom	0x20	gMonFootprint_Girafarig
0x08DBBAA0	rom	0x340	gMonFrontPic_Pineco
0x08DBBDE0	rom	0x24	gMonPalette_Pineco
0x08DBBE04	rom	0x2D8	gMonBackPic_Pineco
0x08DBC0DC	rom	0x24	gMonShinyPalette_Pineco
0x08DBC100	rom	0x400	gMonIcon_Pineco
0x08DBC500	rom	0x20	gMonFootprint_Pineco
0x08DBC520	rom	0x41C	gMonFrontPic_Forretress
0x08DBC93C	rom	0x28	gMonPalette_Forretress
0x08DBC964	rom	0x2C0	gMonBackPic_Forretress
0x08DBCC24	rom	0x28	gMonShinyPalette_Forretress
0x08DBCC4C	rom	0x400	gMonIcon_Forretress
0x08DBD04C	rom	0x20	gMonFootprint_Forretress
0x08DBD06C	rom	0x310	gMonFrontPic_Dunsparce
0x08DBD37C	rom	0x28	gMonPalette_Dunsparce
0x08DBD3A4	rom	0x2FC	gMonBackPic_Dunsparce
0x08DBD6A0	rom	0x28	gMonShinyPalette_Dunsparce
0x08DBD6C8	rom	0x400	gMonIcon_Dunsparce
0x08DBDAC8	rom	0x20	gMonFootprint_Dunsparce
0x08DBDAE8	rom	0x428	gMonFrontPic_Gligar
0x08DBDF10	rom	0x28	gMonPalette_Gligar
0x08DBDF38	rom	0x3D8	gMonBackPic_Gligar
0x08DBE310	rom	0x28	gMonShinyPalette_Gligar
0x08DBE338	rom	0x400	gMonIcon_Gligar
0x08DBE738	rom	0x20	gMonFootprint_Gligar
0x08DBE758	rom	0x4C8	gMonFrontPic_Steelix
0x08DBEC20	rom	0x24	gMonPalette_Steelix
0x08DBEC44	rom	0x40C	gMonBackPic_Steelix
0x08DBF050	rom	0x24	gMonShinyPalette_Steelix
0x08DBF074	rom	0x400	gMonIcon_Steelix
0x08DBF474	rom	0x20	gMonFootprint_Steelix
0x08DBF494	rom	0x2D4	gMonFrontPic_Snubbull
0x08DBF768	rom	0x28	gMonPalette_Snubbull
0x08DBF790	rom	0x328	gMonBackPic_Snubbull
0x08DBFAB8	rom	0x28	gMonShinyPalette_Snubbull
0x08DBFAE0	rom	0x400	gMonIcon_Snubbull
0x08DBFEE0	rom	0x20	gMonFootprint_Snubbull
0x08DBFF00	rom	0x38C	gMonFrontPic_Granbull
0x08DC028C	rom	0x28	gMonPalette_Granbull
0x08DC02B4	rom	0x324	gMonBackPic_Granbull
0x08DC05D8	rom	0x28	gMonShinyPalette_Granbull
0x08DC0600	rom	0x400	gMonIcon_Granbull
0x08DC0A00	rom	0x20	gMonFootprint_Granbull
0x08DC0A20	rom	0x2C0	gMonFrontPic_Qwilfish
0x08DC0CE0	rom	0x28	gMonPalette_Qwilfish
0x08DC0D08	rom	0x2E0	gMonBackPic_Qwilfish
0x08DC0FE8	rom	0x28	gMonShinyPalette_Qwilfish
0x08DC1010	rom	0x400	gMonIcon_Qwilfish
0x08DC1410	rom	0x20	gMonFootprint_Qwilfish
0x08DC1430	rom	0x4E8	gMonFrontPic_Scizor
0x08DC1918	rom	0x28	gMonPalette_Scizor
0x08DC1940	rom	0x380	gMonBackPic_Scizor
0x08DC1CC0	rom	0x28	gMonShinyPalette_Scizor
0x08DC1CE8	rom	0x400	gMonIcon_Scizor
0x08DC20E8	rom	0x20	gMonFootprint_Scizor
0x08DC2108	rom	0x2C8	gMonFrontPic_Shuckle
0x08DC23D0	rom	0x28	gMonPalette_Shuckle
0x08DC23F8	rom	0x258	gMonBackPic_Shuckle
0x08DC2650	rom	0x28	gMonShinyPalette_Shuckle
0x08DC2678	rom	0x400	gMonIcon_Shuckle
0x08DC2A78	rom	0x20	gMonFootprint_Shuckle
0x08DC2A98	rom	0x3F0	gMonFrontPic_Heracross
0x08DC2E88	rom	0x28	gMonPalette_Heracross
0x08DC2EB0	rom	0x370	gMonBackPic_Heracross
0x08DC3220	rom	0x28	gMonShinyPalette_Heracross
0x08DC3248	rom	0x400	gMonIcon_Heracross
0x08DC3648	rom	0x20	gMonFootprint_Heracross
0x08DC3668	rom	0x344	gMonFrontPic_Sneasel
0x08DC39AC	rom	0x28	gMonPalette_Sneasel
0x08DC39D4	rom	0x324	gMonBackPic_Sneasel
0x08DC3CF8	rom	0x28	gMonShinyPalette_Sneasel
0x08DC3D20	rom	0x400	gMonIcon_Sneasel
0x08DC4120	rom	0x20	gMonFootprint_Sneasel
0x08DC4140	rom	0x26C	gMonFrontPic_Teddiursa
0x08DC43AC	rom	0x28	gMonPalette_Teddiursa
0x08DC43D4	rom	0x278	gMonBackPic_Teddiursa
0x08DC464C	rom	0x28	gMonShinyPalette_Teddiursa
0x08DC4674	rom	0x400	gMonIcon_Teddiursa
0x08DC4A74	rom	0x20	gMonFootprint_Teddiursa
0x08DC4A94	rom	0x438	gMonFrontPic_Ursaring
0x08DC4ECC	rom	0x28	gMonPalette_Ursaring
0x08DC4EF4	rom	0x388	gMonBackPic_Ursaring
0x08DC527C	rom	0x28	gMonShinyPalette_Ursaring
0x08DC52A4	rom	0x400	gMonIcon_Ursaring
0x08DC56A4	rom	0x20	gMonFootprint_Ursaring
0x08DC56C4	rom	0x274	gMonFrontPic_Slugma
0x08DC5938	rom	0x24	gMonPalette_Slugma
0x08DC595C	rom	0x2E8	gMonBackPic_Slugma
0x08DC5C44	rom	0x24	gMonShinyPalette_Slugma
0x08DC5C68	rom	0x400	gMonIcon_Slugma
0x08DC6068	rom	0x20	gMonFootprint_Slugma
0x08DC6088	rom	0x348	gMonFrontPic_Magcargo
0x08DC63D0	rom	0x28	gMonPalette_Magcargo
0x08DC63F8	rom	0x418	gMonBackPic_Magcargo
0x08DC6810	rom	0x28	gMonShinyPalette_Magcargo
0x08DC6838	rom	0x400	gMonIcon_Magcargo
0x08DC6C38	rom	0x20	gMonFootprint_Magcargo
0x08DC6C58	rom	0x1FC	gMonFrontPic_Swinub
0x08DC6E54	rom	0x28	gMonPalette_Swinub
0x08DC6E7C	rom	0x23C	gMonBackPic_Swinub
0x08DC70B8	rom	0x28	gMonShinyPalette_Swinub
0x08DC70E0	rom	0x400	gMonIcon_Swinub
0x08DC74E0	rom	0x20	gMonFootprint_Swinub
0x08DC7500	rom	0x328	gMonFrontPic_Piloswine
0x08DC7828	rom	0x28	gMonPalette_Piloswine
0x08DC7850	rom	0x24C	gMonBackPic_Piloswine
0x08DC7A9C	rom	0x28	gMonShinyPalette_Piloswine
0x08DC7AC4	rom	0x400	gMonIcon_Piloswine
0x08DC7EC4	rom	0x20	gMonFootprint_Piloswine
0x08DC7EE4	rom	0x2E8	gMonFrontPic_Corsola
0x08DC81CC	rom	0x28	gMonPalette_Corsola
0x08DC81F4	rom	0x2C0	gMonBackPic_Corsola
0x08DC84B4	rom	0x28	gMonShinyPalette_Corsola
0x08DC84DC	rom	0x400	gMonIcon_Corsola
0x08DC88DC	rom	0x20	gMonFootprint_Corsola
0x08DC88FC	rom	0x268	gMonFrontPic_Remoraid
0x08DC8B64	rom	0x28	gMonPalette_Remoraid
0x08DC8B8C	rom	0x314	gMonBackPic_Remoraid
0x08DC8EA0	rom	0x28	gMonShinyPalette_Remoraid
0x08DC8EC8	rom	0x400	gMonIcon_Remoraid
0x08DC92C8	rom	0x20	gMonFootprint_Remoraid
0x08DC92E8	rom	0x334	gMonFrontPic_Octillery
0x08DC961C	rom	0x28	gMonPalette_Octillery
0x08DC9644	rom	0x2B8	gMonBackPic_Octillery
0x08DC98FC	rom	0x28	gMonShinyPalette_Octillery
0x08DC9924	rom	0x400	gMonIcon_Octillery
0x08DC9D24	rom	0x20	gMonFootprint_Octillery
0x08DC9D44	rom	0x370	gMonFrontPic_Delibird
0x08DCA0B4	rom	0x28	gMonPalette_Delibird
0x08DCA0DC	rom	0x3C0	gMonBackPic_Delibird
0x08DCA49C	rom	0x28	gMonShinyPalette_Delibird
0x08DCA4C4	rom	0x400	gMonIcon_Delibird
0x08DCA8C4	rom	0x20	gMonFootprint_Delibird
0x08DCA8E4	rom	0x49C	gMonFrontPic_Mantine
0x08DCAD80	rom	0x28	gMonPalette_Mantine
0x08DCADA8	rom	0x2A0	gMonBackPic_Mantine
0x08DCB048	rom	0x28	gMonShinyPalette_Mantine
0x08DCB070	rom	0x400	gMonIcon_Mantine
0x08DCB470	rom	0x20	gMonFootprint_Mantine
0x08DCB490	rom	0x4E0	gMonFrontPic_Skarmory
0x08DCB970	rom	0x28	gMonPalette_Skarmory
0x08DCB998	rom	0x304	gMonBackPic_Skarmory
0x08DCBC9C	rom	0x28	gMonShinyPalette_Skarmory
0x08DCBCC4	rom	0x400	gMonIcon_Skarmory
0x08DCC0C4	rom	0x20	gMonFootprint_Skarmory
0x08DCC0E4	rom	0x2B8	gMonFrontPic_Houndour
0x08DCC39C	rom	0x28	gMonPalette_Houndour
0x08DCC3C4	rom	0x280	gMonBackPic_Houndour
0x08DCC644	rom	0x28	gMonShinyPalette_Houndour
0x08DCC66C	rom	0x400	gMonIcon_Houndour
0x08DCCA6C	rom	0x20	gMonFootprint_Houndour
0x08DCCA8C	rom	0x400	gMonFrontPic_Houndoom
0x08DCCE8C	rom	0x28	gMonPalette_Houndoom
0x08DCCEB4	rom	0x324	gMonBackPic_Houndoom
0x08DCD1D8	rom	0x28	gMonShinyPalette_Houndoom
0x08DCD200	rom	0x400	gMonIcon_Houndoom
0x08DCD600	rom	0x20	gMonFootprint_Houndoom
0x08DCD620	rom	0x420	gMonFrontPic_Kingdra
0x08DCDA40	rom	0x28	gMonPalette_Kingdra
0x08DCDA68	rom	0x3B4	gMonBackPic_Kingdra
0x08DCDE1C	rom	0x28	gMonShinyPalette_Kingdra
0x08DCDE44	rom	0x400	gMonIcon_Kingdra
0x08DCE244	rom	0x20	gMonFootprint_Kingdra
0x08DCE264	rom	0x25C	gMonFrontPic_Phanpy
0x08DCE4C0	rom	0x28	gMonPalette_Phanpy
0x08DCE4E8	rom	0x2C4	gMonBackPic_Phanpy
0x08DCE7AC	rom	0x28	gMonShinyPalette_Phanpy
0x08DCE7D4	rom	0x400	gMonIcon_Phanpy
0x08DCEBD4	rom	0x20	gMonFootprint_Phanpy
0x08DCEBF4	rom	0x474	gMonFrontPic_Donphan
0x08DCF068	rom	0x28	gMonPalette_Donphan
0x08DCF090	rom	0x2FC	gMonBackPic_Donphan
0x08DCF38C	rom	0x28	gMonShinyPalette_Donphan
0x08DCF3B4	rom	0x400	gMonIcon_Donphan
0x08DCF7B4	rom	0x20	gMonFootprint_Donphan
0x08DCF7D4	rom	0x288	gMonFrontPic_Porygon2
0x08DCFA5C	rom	0x28	gMonPalette_Porygon2
0x08DCFA84	rom	0x31C	gMonBackPic_Porygon2
0x08DCFDA0	rom	0x28	gMonShinyPalette_Porygon2
0x08DCFDC8	rom	0x400	gMonIcon_Porygon2
0x08DD01C8	rom	0x20	gMonFootprint_Porygon2
0x08DD01E8	rom	0x414	gMonFrontPic_Stantler
0x08DD05FC	rom	0x28	gMonPalette_Stantler
0x08DD0624	rom	0x34C	gMonBackPic_Stantler
0x08DD0970	rom	0x28	gMonShinyPalette_Stantler
0x08DD0998	rom	0x400	gMonIcon_Stantler
0x08DD0D98	rom	0x20	gMonFootprint_Stantler
0x08DD0DB8	rom	0x394	gMonFrontPic_Smeargle
0x08DD114C	rom	0x28	gMonPalette_Smeargle
0x08DD1174	rom	0x324	gMonBackPic_Smeargle
0x08DD1498	rom	0x28	gMonShinyPalette_Smeargle
0x08DD14C0	rom	0x400	gMonIcon_Smeargle
0x08DD18C0	rom	0x20	gMonFootprint_Smeargle
0x08DD18E0	rom	0x28C	gMonFrontPic_Tyrogue
0x08DD1B6C	rom	0x28	gMonPalette_Tyrogue
0x08DD1B94	rom	0x31C	gMonBackPic_Tyrogue
0x08DD1EB0	rom	0x28	gMonShinyPalette_Tyrogue
0x08DD1ED8	rom	0x400	gMonIcon_Tyrogue
0x08DD22D8	rom	0x20	gMonFootprint_Tyrogue
0x08DD22F8	rom	0x38C	gMonFrontPic_Hitmontop
0x08DD2684	rom	0x28	gMonPalette_Hitmontop
0x08DD26AC	rom	0x428	gMonBackPic_Hitmontop
0x08DD2AD4	rom	0x28	gMonShinyPalette_Hitmontop
0x08DD2AFC	rom	0x400	gMonIcon_Hitmontop
0x08DD2EFC	rom	0x20	gMonFootprint_Hitmontop
0x08DD2F1C	rom	0x258	gMonFrontPic_Smoochum
0x08DD3174	rom	0x28	gMonPalette_Smoochum
0x08DD319C	rom	0x278	gMonBackPic_Smoochum
0x08DD3414	rom	0x28	gMonShinyPalette_Smoochum
0x08DD343C	rom	0x400	gMonIcon_Smoochum
0x08DD383C	rom	0x20	gMonFootprint_Smoochum
0x08DD385C	rom	0x308	gMonFrontPic_Elekid
0x08DD3B64	rom	0x28	gMonPalette_Elekid
0x08DD3B8C	rom	0x358	gMonBackPic_Elekid
0x08DD3EE4	rom	0x28	gMonShinyPalette_Elekid
0x08DD3F0C	rom	0x400	gMonIcon_Elekid
0x08DD430C	rom	0x20	gMonFootprint_Elekid
0x08DD432C	rom	0x284	gMonFrontPic_Magby
0x08DD45B0	rom	0x28	gMonPalette_Magby
0x08DD45D8	rom	0x2AC	gMonBackPic_Magby
0x08DD4884	rom	0x28	gMonShinyPalette_Magby
0x08DD48AC	rom	0x400	gMonIcon_Magby
0x08DD4CAC	rom	0x20	gMonFootprint_Magby
0x08DD4CCC	rom	0x3B0	gMonFrontPic_Miltank
0x08DD507C	rom	0x28	gMonPalette_Miltank
0x08DD50A4	rom	0x39C	gMonBackPic_Miltank
0x08DD5440	rom	0x28	gMonShinyPalette_Miltank
0x08DD5468	rom	0x400	gMonIcon_Miltank
0x08DD5868	rom	0x20	gMonFootprint_Miltank
0x08DD5888	rom	0x3E8	gMonFrontPic_Blissey
0x08DD5C70	rom	0x28	gMonPalette_Blissey
0x08DD5C98	rom	0x2CC	gMonBackPic_Blissey
0x08DD5F64	rom	0x28	gMonShinyPalette_Blissey
0x08DD5F8C	rom	0x400	gMonIcon_Blissey
0x08DD638C	rom	0x20	gMonFootprint_Blissey
0x08DD63AC	rom	0x57C	gMonFrontPic_Raikou
0x08DD6928	rom	0x28	gMonPalette_Raikou
0x08DD6950	rom	0x3A8	gMonBackPic_Raikou
0x08DD6CF8	rom	0x28	gMonShinyPalette_Raikou
0x08DD6D20	rom	0x400	gMonIcon_Raikou
0x08DD7120	rom	0x20	gMonFootprint_Raikou
0x08DD7140	rom	0x5FC	gMonFrontPic_Entei
0x08DD773C	rom	0x28	gMonPalette_Entei
0x08DD7764	rom	0x424	gMonBackPic_Entei
0x08DD7B88	rom	0x28	gMonShinyPalette_Entei
0x08DD7BB0	rom	0x400	gMonIcon_Entei
0x08DD7FB0	rom	0x20	gMonFootprint_Entei
0x08DD7FD0	rom	0x584	gMonFrontPic_Suicune
0x08DD8554	rom	0x28	gMonPalette_Suicune
0x08DD857C	rom	0x4DC	gMonBackPic_Suicune
0x08DD8A58	rom	0x28	gMonShinyPalette_Suicune
0x08DD8A80	rom	0x400	gMonIcon_Suicune
0x08DD8E80	rom	0x20	gMonFootprint_Suicune
0x08DD8EA0	rom	0x25C	gMonFrontPic_Larvitar
0x08DD90FC	rom	0x28	gMonPalette_Larvitar
0x08DD9124	rom	0x2AC	gMonBackPic_Larvitar
0x08DD93D0	rom	0x28	gMonShinyPalette_Larvitar
0x08DD93F8	rom	0x400	gMonIcon_Larvitar
0x08DD97F8	rom	0x20	gMonFootprint_Larvitar
0x08DD9818	rom	0x2F0	gMonFrontPic_Pupitar
0x08DD9B08	rom	0x28	gMonPalette_Pupitar
0x08DD9B30	rom	0x338	gMonBackPic_Pupitar
0x08DD9E68	rom	0x28	gMonShinyPalette_Pupitar
0x08DD9E90	rom	0x400	gMonIcon_Pupitar
0x08DDA290	rom	0x20	gMonFootprint_Pupitar
0x08DDA2B0	rom	0x53C	gMonFrontPic_Tyranitar
0x08DDA7EC	rom	0x28	gMonPalette_Tyranitar
0x08DDA814	rom	0x3EC	gMonBackPic_Tyranitar
0x08DDAC00	rom	0x28	gMonShinyPalette_Tyranitar
0x08DDAC28	rom	0x400	gMonIcon_Tyranitar
0x08DDB028	rom	0x20	gMonFootprint_Tyranitar
0x08DDB048	rom	0x4C4	gMonFrontPic_Lugia
0x08DDB50C	rom	0x28	gMonPalette_Lugia
0x08DDB534	rom	0x3D4	gMonBackPic_Lugia
0x08DDB908	rom	0x28	gMonShinyPalette_Lugia
0x08DDB930	rom	0x400	gMonIcon_Lugia
0x08DDBD30	rom	0x20	gMonFootprint_Lugia
0x08DDBD50	rom	0x654	gMonFrontPic_HoOh
0x08DDC3A4	rom	0x28	gMonPalette_HoOh
0x08DDC3CC	rom	0x410	gMonBackPic_HoOh
0x08DDC7DC	rom	0x28	gMonShinyPalette_HoOh
0x08DDC804	rom	0x400	gMonIcon_HoOh
0x08DDCC04	rom	0x20	gMonFootprint_HoOh
0x08DDCC24	rom	0x278	gMonFrontPic_Celebi
0x08DDCE9C	rom	0x28	gMonPalette_Celebi
0x08DDCEC4	rom	0x3AC	gMonBackPic_Celebi
0x08DDD270	rom	0x28	gMonShinyPalette_Celebi
0x08DDD298	rom	0x400	gMonIcon_Celebi
0x08DDD698	rom	0x20	gMonFootprint_Celebi
0x08DDD6B8	rom	0x180	gMonFrontPic_QuestionMark
0x08DDD838	rom	0x14	gMonPalette_QuestionMark
0x08DDD84C	rom	0x184	gMonBackPic_QuestionMark
0x08DDD9D0	rom	0x14	gMonShinyPalette_QuestionMark
0x08DDD9E4	rom	0x308	gMonFrontPic_Treecko
0x08DDDCEC	rom	0x28	gMonPalette_Treecko
0x08DDDD14	rom	0x300	gMonBackPic_Treecko
0x08DDE014	rom	0x28	gMonShinyPalette_Treecko
0x08DDE03C	rom	0x400	gMonIcon_Treecko
0x08DDE43C	rom	0x20	gMonFootprint_Treecko
0x08DDE45C	rom	0x48C	gMonFrontPic_Grovyle
0x08DDE8E8	rom	0x28	gMonPalette_Grovyle
0x08DDE910	rom	0x33C	gMonBackPic_Grovyle
0x08DDEC4C	rom	0x28	gMonShinyPalette_Grovyle
0x08DDEC74	rom	0x400	gMonIcon_Grovyle
0x08DDF074	rom	0x20	gMonFootprint_Grovyle
0x08DDF094	rom	0x504	gMonFrontPic_Sceptile
0x08DDF598	rom	0x28	gMonPalette_Sceptile
0x08DDF5C0	rom	0x3FC	gMonBackPic_Sceptile
0x08DDF9BC	rom	0x28	gMonShinyPalette_Sceptile
0x08DDF9E4	rom	0x400	gMonIcon_Sceptile
0x08DDFDE4	rom	0x20	gMonFootprint_Sceptile
0x08DDFE04	rom	0x29C	gMonFrontPic_Torchic
0x08DE00A0	rom	0x28	gMonPalette_Torchic
0x08DE00C8	rom	0x2D8	gMonBackPic_Torchic
0x08DE03A0	rom	0x28	gMonShinyPalette_Torchic
0x08DE03C8	rom	0x400	gMonIcon_Torchic
0x08DE07C8	rom	0x20	gMonFootprint_Torchic
0x08DE07E8	rom	0x3EC	gMonFrontPic_Combusken
0x08DE0BD4	rom	0x28	gMonPalette_Combusken
0x08DE0BFC	rom	0x3D0	gMonBackPic_Combusken
0x08DE0FCC	rom	0x28	gMonShinyPalette_Combusken
0x08DE0FF4	rom	0x400	gMonIcon_Combusken
0x08DE13F4	rom	0x20	gMonFootprint_Combusken
0x08DE1414	rom	0x478	gMonFrontPic_Blaziken
0x08DE188C	rom	0x28	gMonPalette_Blaziken
0x08DE18B4	rom	0x3DC	gMonBackPic_Blaziken
0x08DE1C90	rom	0x28	gMonShinyPalette_Blaziken
0x08DE1CB8	rom	0x400	gMonIcon_Blaziken
0x08DE20B8	rom	0x20	gMonFootprint_Blaziken
0x08DE20D8	rom	0x2B8	gMonFrontPic_Mudkip
0x08DE2390	rom	0x28	gMonPalette_Mudkip
0x08DE23B8	rom	0x2E0	gMonBackPic_Mudkip
0x08DE2698	rom	0x28	gMonShinyPalette_Mudkip
0x08DE26C0	rom	0x400	gMonIcon_Mudkip
0x08DE2AC0	rom	0x20	gMonFootprint_Mudkip
0x08DE2AE0	rom	0x388	gMonFrontPic_Marshtomp
0x08DE2E68	rom	0x28	gMonPalette_Marshtomp
0x08DE2E90	rom	0x3B0	gMonBackPic_Marshtomp
0x08DE3240	rom	0x28	gMonShinyPalette_Marshtomp
0x08DE3268	rom	0x400	gMonIcon_Marshtomp
0x08DE3668	rom	0x20	gMonFootprint_Marshtomp
0x08DE3688	rom	0x57C	gMonFrontPic_Swampert
0x08DE3C04	rom	0x28	gMonPalette_Swampert
0x08DE3C2C	rom	0x3B4	gMonBackPic_Swampert
0x08DE3FE0	rom	0x28	gMonShinyPalette_Swampert
0x08DE4008	rom	0x400	gMonIcon_Swampert
0x08DE4408	rom	0x20	gMonFootprint_Swampert
0x08DE4428	rom	0x2C8	gMonFrontPic_Poochyena
0x08DE46F0	rom	0x28	gMonPalette_Poochyena
0x08DE4718	rom	0x32C	gMonBackPic_Poochyena
0x08DE4A44	rom	0x28	gMonShinyPalette_Poochyena
0x08DE4A6C	rom	0x400	gMonIcon_Poochyena
0x08DE4E6C	rom	0x20	gMonFootprint_Poochyena
0x08DE4E8C	rom	0x438	gMonFrontPic_Mightyena
0x08DE52C4	rom	0x28	gMonPalette_Mightyena
0x08DE52EC	rom	0x378	gMonBackPic_Mightyena
0x08DE5664	rom	0x28	gMonShinyPalette_Mightyena
0x08DE568C	rom	0x400	gMonIcon_Mightyena
0x08DE5A8C	rom	0x20	gMonFootprint_Mightyena
0x08DE5AAC	rom	0x3D0	gMonFrontPic_Zigzagoon
0x08DE5E7C	rom	0x28	gMonPalette_Zigzagoon
0x08DE5EA4	rom	0x340	gMonBackPic_Zigzagoon
0x08DE61E4	rom	0x28	gMonShinyPalette_Zigzagoon
0x08DE620C	rom	0x400	gMonIcon_Zigzagoon
0x08DE660C	rom	0x20	gMonFootprint_Zigzagoon
0x08DE662C	rom	0x370	gMonFrontPic_Linoone
0x08DE699C	rom	0x28	gMonPalette_Linoone
0x08DE69C4	rom	0x2D4	gMonBackPic_Linoone
0x08DE6C98	rom	0x28	gMonShinyPalette_Linoone
0x08DE6CC0	rom	0x400	gMonIcon_Linoone
0x08DE70C0	rom	0x20	gMonFootprint_Linoone
0x08DE70E0	rom	0x288	gMonFrontPic_Wurmple
0x08DE7368	rom	0x28	gMonPalette_Wurmple
0x08DE7390	rom	0x24C	gMonBackPic_Wurmple
0x08DE75DC	rom	0x28	gMonShinyPalette_Wurmple
0x08DE7604	rom	0x400	gMonIcon_Wurmple
0x08DE7A04	rom	0x20	gMonFootprint_Wurmple
0x08DE7A24	rom	0x280	gMonFrontPic_Silcoon
0x08DE7CA4	rom	0x28	gMonPalette_Silcoon
0x08DE7CCC	rom	0x21C	gMonBackPic_Silcoon
0x08DE7EE8	rom	0x28	gMonShinyPalette_Silcoon
0x08DE7F10	rom	0x400	gMonIcon_Silcoon
0x08DE8310	rom	0x20	gMonFootprint_Silcoon
0x08DE8330	rom	0x358	gMonFrontPic_Beautifly
0x08DE8688	rom	0x28	gMonPalette_Beautifly
0x08DE86B0	rom	0x3B0	gMonBackPic_Beautifly
0x08DE8A60	rom	0x28	gMonShinyPalette_Beautifly
0x08DE8A88	rom	0x400	gMonIcon_Beautifly
0x08DE8E88	rom	0x20	gMonFootprint_Beautifly
0x08DE8EA8	rom	0x26C	gMonFrontPic_Cascoon
0x08DE9114	rom	0x28	gMonPalette_Cascoon
0x08DE913C	rom	0x210	gMonBackPic_Cascoon
0x08DE934C	rom	0x28	gMonShinyPalette_Cascoon
0x08DE9374	rom	0x400	gMonIcon_Cascoon
0x08DE9774	rom	0x20	gMonFootprint_Cascoon
0x08DE9794	rom	0x368	gMonFrontPic_Dustox
0x08DE9AFC	rom	0x28	gMonPalette_Dustox
0x08DE9B24	rom	0x258	gMonBackPic_Dustox
0x08DE9D7C	rom	0x28	gMonShinyPalette_Dustox
0x08DE9DA4	rom	0x400	gMonIcon_Dustox
0x08DEA1A4	rom	0x20	gMonFootprint_Dustox
0x08DEA1C4	rom	0x260	gMonFrontPic_Lotad
0x08DEA424	rom	0x28	gMonPalette_Lotad
0x08DEA44C	rom	0x2E8	gMonBackPic_Lotad
0x08DEA734	rom	0x28	gMonShinyPalette_Lotad
0x08DEA75C	rom	0x400	gMonIcon_Lotad
0x08DEAB5C	rom	0x20	gMonFootprint_Lotad
0x08DEAB7C	rom	0x318	gMonFrontPic_Lombre
0x08DEAE94	rom	0x28	gMonPalette_Lombre
0x08DEAEBC	rom	0x2FC	gMonBackPic_Lombre
0x08DEB1B8	rom	0x28	gMonShinyPalette_Lombre
0x08DEB1E0	rom	0x400	gMonIcon_Lombre
0x08DEB5E0	rom	0x20	gMonFootprint_Lombre
0x08DEB600	rom	0x4E4	gMonFrontPic_Ludicolo
0x08DEBAE4	rom	0x28	gMonPalette_Ludicolo
0x08DEBB0C	rom	0x2FC	gMonBackPic_Ludicolo
0x08DEBE08	rom	0x28	gMonShinyPalette_Ludicolo
0x08DEBE30	rom	0x400	gMonIcon_Ludicolo
0x08DEC230	rom	0x20	gMonFootprint_Ludicolo
0x08DEC250	rom	0x294	gMonFrontPic_Seedot
0x08DEC4E4	rom	0x28	gMonPalette_Seedot
0x08DEC50C	rom	0x2E0	gMonBackPic_Seedot
0x08DEC7EC	rom	0x28	gMonShinyPalette_Seedot
0x08DEC814	rom	0x400	gMonIcon_Seedot
0x08DECC14	rom	0x20	gMonFootprint_Seedot
0x08DECC34	rom	0x2EC	gMonFrontPic_Nuzleaf
0x08DECF20	rom	0x28	gMonPalette_Nuzleaf
0x08DECF48	rom	0x2C8	gMonBackPic_Nuzleaf
0x08DED210	rom	0x28	gMonShinyPalette_Nuzleaf
0x08DED238	rom	0x400	gMonIcon_Nuzleaf
0x08DED638	rom	0x20	gMonFootprint_Nuzleaf
0x08DED658	rom	0x4BC	gMonFrontPic_Shiftry
0x08DEDB14	rom	0x28	gMonPalette_Shiftry
0x08DEDB3C	rom	0x2C4	gMonBackPic_Shiftry
0x08DEDE00	rom	0x28	gMonShinyPalette_Shiftry
0x08DEDE28	rom	0x400	gMonIcon_Shiftry
0x08DEE228	rom	0x20	gMonFootprint_Shiftry
0x08DEE248	rom	0x2A0	gMonFrontPic_Nincada
0x08DEE4E8	rom	0x28	gMonPalette_Nincada
0x08DEE510	rom	0x2B8	gMonBackPic_Nincada
0x08DEE7C8	rom	0x28	gMonShinyPalette_Nincada
0x08DEE7F0	rom	0x400	gMonIcon_Nincada
0x08DEEBF0	rom	0x20	gMonFootprint_Nincada
0x08DEEC10	rom	0x370	gMonFrontPic_Ninjask
0x08DEEF80	rom	0x28	gMonPalette_Ninjask
0x08DEEFA8	rom	0x3CC	gMonBackPic_Ninjask
0x08DEF374	rom	0x28	gMonShinyPalette_Ninjask
0x08DEF39C	rom	0x400	gMonIcon_Ninjask
0x08DEF79C	rom	0x20	gMonFootprint_Ninjask
0x08DEF7BC	rom	0x320	gMonFrontPic_Shedinja
0x08DEFADC	rom	0x28	gMonPalette_Shedinja
0x08DEFB04	rom	0x3A0	gMonBackPic_Shedinja
0x08DEFEA4	rom	0x28	gMonShinyPalette_Shedinja
0x08DEFECC	rom	0x400	gMonIcon_Shedinja
0x08DF02CC	rom	0x20	gMonFootprint_Shedinja
0x08DF02EC	rom	0x258	gMonFrontPic_Taillow
0x08DF0544	rom	0x28	gMonPalette_Taillow
0x08DF056C	rom	0x220	gMonBackPic_Taillow
0x08DF078C	rom	0x28	gMonShinyPalette_Taillow
0x08DF07B4	rom	0x400	gMonIcon_Taillow
0x08DF0BB4	rom	0x20	gMonFootprint_Taillow
0x08DF0BD4	rom	0x3C4	gMonFrontPic_Swellow
0x08DF0F98	rom	0x28	gMonPalette_Swellow
0x08DF0FC0	rom	0x338	gMonBackPic_Swellow
0x08DF12F8	rom	0x28	gMonShinyPalette_Swellow
0x08DF1320	rom	0x400	gMonIcon_Swellow
0x08DF1720	rom	0x20	gMonFootprint_Swellow
0x08DF1740	rom	0x268	gMonFrontPic_Shroomish
0x08DF19A8	rom	0x28	gMonPalette_Shroomish
0x08DF19D0	rom	0x2E0	gMonBackPic_Shroomish
0x08DF1CB0	rom	0x28	gMonShinyPalette_Shroomish
0x08DF1CD8	rom	0x400	gMonIcon_Shroomish
0x08DF20D8	rom	0x20	gMonFootprint_Shroomish
0x08DF20F8	rom	0x3E8	gMonFrontPic_Breloom
0x08DF24E0	rom	0x28	gMonPalette_Breloom
0x08DF2508	rom	0x3E0	gMonBackPic_Breloom
0x08DF28E8	rom	0x28	gMonShinyPalette_Breloom
0x08DF2910	rom	0x400	gMonIcon_Breloom
0x08DF2D10	rom	0x20	gMonFootprint_Breloom
0x08DF2D30	rom	0x2F4	gMonFrontPic_Spinda
0x08DF3024	rom	0x28	gMonPalette_Spinda
0x08DF304C	rom	0x33C	gMonBackPic_Spinda
0x08DF3388	rom	0x28	gMonShinyPalette_Spinda
0x08DF33B0	rom	0x400	gMonIcon_Spinda
0x08DF37B0	rom	0x20	gMonFootprint_Spinda
0x08DF37D0	rom	0x23C	gMonFrontPic_Wingull
0x08DF3A0C	rom	0x28	gMonPalette_Wingull
0x08DF3A34	rom	0x350	gMonBackPic_Wingull
0x08DF3D84	rom	0x28	gMonShinyPalette_Wingull
0x08DF3DAC	rom	0x400	gMonIcon_Wingull
0x08DF41AC	rom	0x20	gMonFootprint_Wingull
0x08DF41CC	rom	0x398	gMonFrontPic_Pelipper
0x08DF4564	rom	0x28	gMonPalette_Pelipper
0x08DF458C	rom	0x380	gMonBackPic_Pelipper
0x08DF490C	rom	0x28	gMonShinyPalette_Pelipper
0x08DF4934	rom	0x400	gMonIcon_Pelipper
0x08DF4D34	rom	0x20	gMonFootprint_Pelipper
0x08DF4D54	rom	0x20C	gMonFrontPic_Surskit
0x08DF4F60	rom	0x28	gMonPalette_Surskit
0x08DF4F88	rom	0x238	gMonBackPic_Surskit
0x08DF51C0	rom	0x28	gMonShinyPalette_Surskit
0x08DF51E8	rom	0x400	gMonIcon_Surskit
0x08DF55E8	rom	0x20	gMonFootprint_Surskit
0x08DF5608	rom	0x39C	gMonFrontPic_Masquerain
0x08DF59A4	rom	0x28	gMonPalette_Masquerain
0x08DF59CC	rom	0x358	gMonBackPic_Masquerain
0x08DF5D24	rom	0x28	gMonShinyPalette_Masquerain
0x08DF5D4C	rom	0x400	gMonIcon_Masquerain
0x08DF614C	rom	0x20	gMonFootprint_Masquerain
0x08DF616C	rom	0x2E0	gMonFrontPic_Wailmer
0x08DF644C	rom	0x28	gMonPalette_Wailmer
0x08DF6474	rom	0x1E4	gMonBackPic_Wailmer
0x08DF6658	rom	0x28	gMonShinyPalette_Wailmer
0x08DF6680	rom	0x400	gMonIcon_Wailmer
0x08DF6A80	rom	0x20	gMonFootprint_Wailmer
0x08DF6AA0	rom	0x3C4	gMonFrontPic_Wailord
0x08DF6E64	rom	0x28	gMonPalette_Wailord
0x08DF6E8C	rom	0x218	gMonBackPic_Wailord
0x08DF70A4	rom	0x28	gMonShinyPalette_Wailord
0x08DF70CC	rom	0x400	gMonIcon_Wailord
0x08DF74CC	rom	0x20	gMonFootprint_Wailord
0x08DF74EC	rom	0x300	gMonFrontPic_Skitty
0x08DF77EC	rom	0x28	gMonPalette_Skitty
0x08DF7814	rom	0x348	gMonBackPic_Skitty
0x08DF7B5C	rom	0x28	gMonShinyPalette_Skitty
0x08DF7B84	rom	0x400	gMonIcon_Skitty
0x08DF7F84	rom	0x20	gMonFootprint_Skitty
0x08DF7FA4	rom	0x38C	gMonFrontPic_Delcatty
0x08DF8330	rom	0x28	gMonPalette_Delcatty
0x08DF8358	rom	0x39C	gMonBackPic_Delcatty
0x08DF86F4	rom	0x28	gMonShinyPalette_Delcatty
0x08DF871C	rom	0x400	gMonIcon_Delcatty
0x08DF8B1C	rom	0x20	gMonFootprint_Delcatty
0x08DF8B3C	rom	0x380	gMonFrontPic_Kecleon
0x08DF8EBC	rom	0x28	gMonPalette_Kecleon
0x08DF8EE4	rom	0x3D8	gMonBackPic_Kecleon
0x08DF92BC	rom	0x28	gMonShinyPalette_Kecleon
0x08DF92E4	rom	0x400	gMonIcon_Kecleon
0x08DF96E4	rom	0x20	gMonFootprint_Kecleon
0x08DF9704	rom	0x224	gMonFrontPic_Baltoy
0x08DF9928	rom	0x20	gMonPalette_Baltoy
0x08DF9948	rom	0x2A8	gMonBackPic_Baltoy
0x08DF9BF0	rom	0x20	gMonShinyPalette_Baltoy
0x08DF9C10	rom	0x400	gMonIcon_Baltoy
0x08DFA010	rom	0x20	gMonFootprint_Baltoy
0x08DFA030	rom	0x3B8	gMonFrontPic_Claydol
0x08DFA3E8	rom	0x28	gMonPalette_Claydol
0x08DFA410	rom	0x3D4	gMonBackPic_Claydol
0x08DFA7E4	rom	0x28	gMonShinyPalette_Claydol
0x08DFA80C	rom	0x400	gMonIcon_Claydol
0x08DFAC0C	rom	0x20	gMonFootprint_Claydol
0x08DFAC2C	rom	0x2CC	gMonFrontPic_Nosepass
0x08DFAEF8	rom	0x28	gMonPalette_Nosepass
0x08DFAF20	rom	0x2A0	gMonBackPic_Nosepass
0x08DFB1C0	rom	0x28	gMonShinyPalette_Nosepass
0x08DFB1E8	rom	0x400	gMonIcon_Nosepass
0x08DFB5E8	rom	0x20	gMonFootprint_Nosepass
0x08DFB608	rom	0x4AC	gMonFrontPic_Torkoal
0x08DFBAB4	rom	0x28	gMonPalette_Torkoal
0x08DFBADC	rom	0x2C8	gMonBackPic_Torkoal
0x08DFBDA4	rom	0x28	gMonShinyPalette_Torkoal
0x08DFBDCC	rom	0x400	gMonIcon_Torkoal
0x08DFC1CC	rom	0x20	gMonFootprint_Torkoal
0x08DFC1EC	rom	0x2D4	gMonFrontPic_Sableye
0x08DFC4C0	rom	0x28	gMonPalette_Sableye
0x08DFC4E8	rom	0x328	gMonBackPic_Sableye
0x08DFC810	rom	0x28	gMonShinyPalette_Sableye
0x08DFC838	rom	0x400	gMonIcon_Sableye
0x08DFCC38	rom	0x20	gMonFootprint_Sableye
0x08DFCC58	rom	0x290	gMonFrontPic_Barboach
0x08DFCEE8	rom	0x28	gMonPalette_Barboach
0x08DFCF10	rom	0x290	gMonBackPic_Barboach
0x08DFD1A0	rom	0x28	gMonShinyPalette_Barboach
0x08DFD1C8	rom	0x400	gMonIcon_Barboach
0x08DFD5C8	rom	0x20	gMonFootprint_Barboach
0x08DFD5E8	rom	0x378	gMonFrontPic_Whiscash
0x08DFD960	rom	0x28	gMonPalette_Whiscash
0x08DFD988	rom	0x34C	gMonBackPic_Whiscash
0x08DFDCD4	rom	0x28	gMonShinyPalette_Whiscash
0x08DFDCFC	rom	0x400	gMonIcon_Whiscash
0x08DFE0FC	rom	0x20	gMonFootprint_Whiscash
0x08DFE11C	rom	0x1C0	gMonFrontPic_Luvdisc
0x08DFE2DC	rom	0x24	gMonPalette_Luvdisc
0x08DFE300	rom	0x1D4	gMonBackPic_Luvdisc
0x08DFE4D4	rom	0x24	gMonShinyPalette_Luvdisc
0x08DFE4F8	rom	0x400	gMonIcon_Luvdisc
0x08DFE8F8	rom	0x20	gMonFootprint_Luvdisc
0x08DFE918	rom	0x35C	gMonFrontPic_Corphish
0x08DFEC74	rom	0x28	gMonPalette_Corphish
0x08DFEC9C	rom	0x31C	gMonBackPic_Corphish
0x08DFEFB8	rom	0x28	gMonShinyPalette_Corphish
0x08DFEFE0	rom	0x400	gMonIcon_Corphish
0x08DFF3E0	rom	0x20	gMonFootprint_Corphish
0x08DFF400	rom	0x490	gMonFrontPic_Crawdaunt
0x08DFF890	rom	0x28	gMonPalette_Crawdaunt
0x08DFF8B8	rom	0x3E4	gMonBackPic_Crawdaunt
0x08DFFC9C	rom	0x28	gMonShinyPalette_Crawdaunt
0x08DFFCC4	rom	0x400	gMonIcon_Crawdaunt
0x08E000C4	rom	0x20	gMonFootprint_Crawdaunt
0x08E000E4	rom	0x28C	gMonFrontPic_Feebas
0x08E00370	rom	0x28	gMonPalette_Feebas
0x08E00398	rom	0x338	gMonBackPic_Feebas
0x08E006D0	rom	0x28	gMonShinyPalette_Feebas
0x08E006F8	rom	0x400	gMonIcon_Feebas
0x08E00AF8	rom	0x20	gMonFootprint_Feebas
0x08E00B18	rom	0x490	gMonFrontPic_Milotic
0x08E00FA8	rom	0x28	gMonPalette_Milotic
0x08E00FD0	rom	0x2F4	gMonBackPic_Milotic
0x08E012C4	rom	0x28	gMonShinyPalette_Milotic
0x08E012EC	rom	0x400	gMonIcon_Milotic
0x08E016EC	rom	0x20	gMonFootprint_Milotic
0x08E0170C	rom	0x32C	gMonFrontPic_Carvanha
0x08E01A38	rom	0x28	gMonPalette_Carvanha
0x08E01A60	rom	0x310	gMonBackPic_Carvanha
0x08E01D70	rom	0x28	gMonShinyPalette_Carvanha
0x08E01D98	rom	0x400	gMonIcon_Carvanha
0x08E02198	rom	0x20	gMonFootprint_Carvanha
0x08E021B8	rom	0x390	gMonFrontPic_Sharpedo
0x08E02548	rom	0x28	gMonPalette_Sharpedo
0x08E02570	rom	0x358	gMonBackPic_Sharpedo
0x08E028C8	rom	0x28	gMonShinyPalette_Sharpedo
0x08E028F0	rom	0x400	gMonIcon_Sharpedo
0x08E02CF0	rom	0x20	gMonFootprint_Sharpedo
0x08E02D10	rom	0x21C	gMonFrontPic_Trapinch
0x08E02F2C	rom	0x28	gMonPalette_Trapinch
0x08E02F54	rom	0x220	gMonBackPic_Trapinch
0x08E03174	rom	0x28	gMonShinyPalette_Trapinch
0x08E0319C	rom	0x400	gMonIcon_Trapinch
0x08E0359C	rom	0x20	gMonFootprint_Trapinch
0x08E035BC	rom	0x370	gMonFrontPic_Vibrava
0x08E0392C	rom	0x28	gMonPalette_Vibrava
0x08E03954	rom	0x278	gMonBackPic_Vibrava
0x08E03BCC	rom	0x28	gMonShinyPalette_Vibrava
0x08E03BF4	rom	0x400	gMonIcon_Vibrava
0x08E03FF4	rom	0x20	gMonFootprint_Vibrava
0x08E04014	rom	0x4F0	gMonFrontPic_Flygon
0x08E04504	rom	0x28	gMonPalette_Flygon
0x08E0452C	rom	0x43C	gMonBackPic_Flygon
0x08E04968	rom	0x28	gMonShinyPalette_Flygon
0x08E04990	rom	0x400	gMonIcon_Flygon
0x08E04D90	rom	0x20	gMonFootprint_Flygon
0x08E04DB0	rom	0x318	gMonFrontPic_Makuhita
0x08E050C8	rom	0x28	gMonPalette_Makuhita
0x08E050F0	rom	0x2F0	gMonBackPic_Makuhita
0x08E053E0	rom	0x24	gMonShinyPalette_Makuhita
0x08E05404	rom	0x400	gMonIcon_Makuhita
0x08E05804	rom	0x20	gMonFootprint_Makuhita
0x08E05824	rom	0x4B0	gMonFrontPic_Hariyama
0x08E05CD4	rom	0x28	gMonPalette_Hariyama
0x08E05CFC	rom	0x3E0	gMonBackPic_Hariyama
0x08E060DC	rom	0x28	gMonShinyPalette_Hariyama
0x08E06104	rom	0x400	gMonIcon_Hariyama
0x08E06504	rom	0x20	gMonFootprint_Hariyama
0x08E06524	rom	0x290	gMonFrontPic_Electrike
0x08E067B4	rom	0x28	gMonPalette_Electrike
0x08E067DC	rom	0x28C	gMonBackPic_Electrike
0x08E06A68	rom	0x28	gMonShinyPalette_Electrike
0x08E06A90	rom	0x400	gMonIcon_Electrike
0x08E06E90	rom	0x20	gMonFootprint_Electrike
0x08E06EB0	rom	0x330	gMonFrontPic_Manectric
0x08E071E0	rom	0x28	gMonPalette_Manectric
0x08E07208	rom	0x22C	gMonBackPic_Manectric
0x08E07434	rom	0x28	gMonShinyPalette_Manectric
0x08E0745C	rom	0x400	gMonIcon_Manectric
0x08E0785C	rom	0x20	gMonFootprint_Manectric
0x08E0787C	rom	0x2D0	gMonFrontPic_Numel
0x08E07B4C	rom	0x28	gMonPalette_Numel
0x08E07B74	rom	0x2BC	gMonBackPic_Numel
0x08E07E30	rom	0x28	gMonShinyPalette_Numel
0x08E07E58	rom	0x400	gMonIcon_Numel
0x08E08258	rom	0x20	gMonFootprint_Numel
0x08E08278	rom	0x418	gMonFrontPic_Camerupt
0x08E08690	rom	0x28	gMonPalette_Camerupt
0x08E086B8	rom	0x2C4	gMonBackPic_Camerupt
0x08E0897C	rom	0x28	gMonShinyPalette_Camerupt
0x08E089A4	rom	0x400	gMonIcon_Camerupt
0x08E08DA4	rom	0x20	gMonFootprint_Camerupt
0x08E08DC4	rom	0x274	gMonFrontPic_Spheal
0x08E09038	rom	0x28	gMonPalette_Spheal
0x08E09060	rom	0x1FC	gMonBackPic_Spheal
0x08E0925C	rom	0x28	gMonShinyPalette_Spheal
0x08E09284	rom	0x400	gMonIcon_Spheal
0x08E09684	rom	0x20	gMonFootprint_Spheal
0x08E096A4	rom	0x380	gMonFrontPic_Sealeo
0x08E09A24	rom	0x28	gMonPalette_Sealeo
0x08E09A4C	rom	0x27C	gMonBackPic_Sealeo
0x08E09CC8	rom	0x28	gMonShinyPalette_Sealeo
0x08E09CF0	rom	0x400	gMonIcon_Sealeo
0x08E0A0F0	rom	0x20	gMonFootprint_Sealeo
0x08E0A110	rom	0x4A0	gMonFrontPic_Walrein
0x08E0A5B0	rom	0x28	gMonPalette_Walrein
0x08E0A5D8	rom	0x388	gMonBackPic_Walrein
0x08E0A960	rom	0x28	gMonShinyPalette_Walrein
0x08E0A988	rom	0x400	gMonIcon_Walrein
0x08E0AD88	rom	0x20	gMonFootprint_Walrein
0x08E0ADA8	rom	0x310	gMonFrontPic_Cacnea
0x08E0B0B8	rom	0x28	gMonPalette_Cacnea
0x08E0B0E0	rom	0x360	gMonBackPic_Cacnea
0x08E0B440	rom	0x28	gMonShinyPalette_Cacnea
0x08E0B468	rom	0x400	gMonIcon_Cacnea
0x08E0B868	rom	0x20	gMonFootprint_Cacnea
0x08E0B888	rom	0x438	gMonFrontPic_Cacturne
0x08E0BCC0	rom	0x28	gMonPalette_Cacturne
0x08E0BCE8	rom	0x300	gMonBackPic_Cacturne
0x08E0BFE8	rom	0x28	gMonShinyPalette_Cacturne
0x08E0C010	rom	0x400	gMonIcon_Cacturne
0x08E0C410	rom	0x20	gMonFootprint_Cacturne
0x08E0C430	rom	0x2C4	gMonFrontPic_Snorunt
0x08E0C6F4	rom	0x28	gMonPalette_Snorunt
0x08E0C71C	rom	0x2E4	gMonBackPic_Snorunt
0x08E0CA00	rom	0x28	gMonShinyPalette_Snorunt
0x08E0CA28	rom	0x400	gMonIcon_Snorunt
0x08E0CE28	rom	0x20	gMonFootprint_Snorunt
0x08E0CE48	rom	0x3C8	gMonFrontPic_Glalie
0x08E0D210	rom	0x28	gMonPalette_Glalie
0x08E0D238	rom	0x3B0	gMonBackPic_Glalie
0x08E0D5E8	rom	0x28	gMonShinyPalette_Glalie
0x08E0D610	rom	0x400	gMonIcon_Glalie
0x08E0DA10	rom	0x20	gMonFootprint_Glalie
0x08E0DA30	rom	0x328	gMonFrontPic_Lunatone
0x08E0DD58	rom	0x28	gMonPalette_Lunatone
0x08E0DD80	rom	0x358	gMonBackPic_Lunatone
0x08E0E0D8	rom	0x28	gMonShinyPalette_Lunatone
0x08E0E100	rom	0x400	gMonIcon_Lunatone
0x08E0E500	rom	0x20	gMonFootprint_Lunatone
0x08E0E520	rom	0x44C	gMonFrontPic_Solrock
0x08E0E96C	rom	0x28	gMonPalette_Solrock
0x08E0E994	rom	0x3EC	gMonBackPic_Solrock
0x08E0ED80	rom	0x28	gMonShinyPalette_Solrock
0x08E0EDA8	rom	0x400	gMonIcon_Solrock
0x08E0F1A8	rom	0x20	gMonFootprint_Solrock
0x08E0F1C8	rom	0x2C8	gMonFrontPic_Azurill
0x08E0F490	rom	0x28	gMonPalette_Azurill
0x08E0F4B8	rom	0x318	gMonBackPic_Azurill
0x08E0F7D0	rom	0x28	gMonShinyPalette_Azurill
0x08E0F7F8	rom	0x400	gMonIcon_Azurill
0x08E0FBF8	rom	0x20	gMonFootprint_Azurill
0x08E0FC18	rom	0x26C	gMonFrontPic_Spoink
0x08E0FE84	rom	0x28	gMonPalette_Spoink
0x08E0FEAC	rom	0x240	gMonBackPic_Spoink
0x08E100EC	rom	0x28	gMonShinyPalette_Spoink
0x08E10114	rom	0x400	gMonIcon_Spoink
0x08E10514	rom	0x20	gMonFootprint_Spoink
0x08E10534	rom	0x3BC	gMonFrontPic_Grumpig
0x08E108F0	rom	0x28	gMonPalette_Grumpig
0x08E10918	rom	0x360	gMonBackPic_Grumpig
0x08E10C78	rom	0x28	gMonShinyPalette_Grumpig
0x08E10CA0	rom	0x400	gMonIcon_Grumpig
0x08E110A0	rom	0x20	gMonFootprint_Grumpig
0x08E110C0	rom	0x28C	gMonFrontPic_Plusle
0x08E1134C	rom	0x28	gMonPalette_Plusle
0x08E11374	rom	0x2B8	gMonBackPic_Plusle
0x08E1162C	rom	0x28	gMonShinyPalette_Plusle
0x08E11654	rom	0x400	gMonIcon_Plusle
0x08E11A54	rom	0x20	gMonFootprint_Plusle
0x08E11A74	rom	0x268	gMonFrontPic_Minun
0x08E11CDC	rom	0x28	gMonPalette_Minun
0x08E11D04	rom	0x2C8	gMonBackPic_Minun
0x08E11FCC	rom	0x28	gMonShinyPalette_Minun
0x08E11FF4	rom	0x400	gMonIcon_Minun
0x08E123F4	rom	0x20	gMonFootprint_Minun
0x08E12414	rom	0x3BC	gMonFrontPic_Mawile
0x08E127D0	rom	0x28	gMonPalette_Mawile
0x08E127F8	rom	0x400	gMonBackPic_Mawile
0x08E12BF8	rom	0x28	gMonShinyPalette_Mawile
0x08E12C20	rom	0x400	gMonIcon_Mawile
0x08E13020	rom	0x20	gMonFootprint_Mawile
0x08E13040	rom	0x2B8	gMonFrontPic_Meditite
0x08E132F8	rom	0x28	gMonPalette_Meditite
0x08E13320	rom	0x2C8	gMonBackPic_Meditite
0x08E135E8	rom	0x24	gMonShinyPalette_Meditite
0x08E1360C	rom	0x400	gMonIcon_Meditite
0x08E13A0C	rom	0x20	gMonFootprint_Meditite
0x08E13A2C	rom	0x330	gMonFrontPic_Medicham
0x08E13D5C	rom	0x28	gMonPalette_Medicham
0x08E13D84	rom	0x338	gMonBackPic_Medicham
0x08E140BC	rom	0x28	gMonShinyPalette_Medicham
0x08E140E4	rom	0x400	gMonIcon_Medicham
0x08E144E4	rom	0x20	gMonFootprint_Medicham
0x08E14504	rom	0x2D8	gMonFrontPic_Swablu
0x08E147DC	rom	0x28	gMonPalette_Swablu
0x08E14804	rom	0x3B8	gMonBackPic_Swablu
0x08E14BBC	rom	0x28	gMonShinyPalette_Swablu
0x08E14BE4	rom	0x400	gMonIcon_Swablu
0x08E14FE4	rom	0x20	gMonFootprint_Swablu
0x08E15004	rom	0x3DC	gMonFrontPic_Altaria
0x08E153E0	rom	0x28	gMonPalette_Altaria
0x08E15408	rom	0x378	gMonBackPic_Altaria
0x08E15780	rom	0x28	gMonShinyPalette_Altaria
0x08E157A8	rom	0x400	gMonIcon_Altaria
0x08E15BA8	rom	0x20	gMonFootprint_Altaria
0x08E15BC8	rom	0x298	gMonFrontPic_Wynaut
0x08E15E60	rom	0x28	gMonPalette_Wynaut
0x08E15E88	rom	0x290	gMonBackPic_Wynaut
0x08E16118	rom	0x28	gMonShinyPalette_Wynaut
0x08E16140	rom	0x400	gMonIcon_Wynaut
0x08E16540	rom	0x20	gMonFootprint_Wynaut
0x08E16560	rom	0x2F0	gMonFrontPic_Duskull
0x08E16850	rom	0x28	gMonPalette_Duskull
0x08E16878	rom	0x2B0	gMonBackPic_Duskull
0x08E16B28	rom	0x28	gMonShinyPalette_Duskull
0x08E16B50	rom	0x400	gMonIcon_Duskull
0x08E16F50	rom	0x20	gMonFootprint_Duskull
0x08E16F70	rom	0x3A0	gMonFrontPic_Dusclops
0x08E17310	rom	0x28	gMonPalette_Dusclops
0x08E17338	rom	0x2EC	gMonBackPic_Dusclops
0x08E17624	rom	0x28	gMonShinyPalette_Dusclops
0x08E1764C	rom	0x400	gMonIcon_Dusclops
0x08E17A4C	rom	0x20	gMonFootprint_Dusclops
0x08E17A6C	rom	0x36C	gMonFrontPic_Roselia
0x08E17DD8	rom	0x28	gMonPalette_Roselia
0x08E17E00	rom	0x3C8	gMonBackPic_Roselia
0x08E181C8	rom	0x28	gMonShinyPalette_Roselia
0x08E181F0	rom	0x400	gMonIcon_Roselia
0x08E185F0	rom	0x20	gMonFootprint_Roselia
0x08E18610	rom	0x2E8	gMonFrontPic_Slakoth
0x08E188F8	rom	0x28	gMonPalette_Slakoth
0x08E18920	rom	0x2E8	gMonBackPic_Slakoth
0x08E18C08	rom	0x28	gMonShinyPalette_Slakoth
0x08E18C30	rom	0x400	gMonIcon_Slakoth
0x08E19030	rom	0x20	gMonFootprint_Slakoth
0x08E19050	rom	0x3FC	gMonFrontPic_Vigoroth
0x08E1944C	rom	0x28	gMonPalette_Vigoroth
0x08E19474	rom	0x2C8	gMonBackPic_Vigoroth
0x08E1973C	rom	0x28	gMonShinyPalette_Vigoroth
0x08E19764	rom	0x400	gMonIcon_Vigoroth
0x08E19B64	rom	0x20	gMonFootprint_Vigoroth
0x08E19B84	rom	0x4D4	gMonFrontPic_Slaking
0x08E1A058	rom	0x28	gMonPalette_Slaking
0x08E1A080	rom	0x3C4	gMonBackPic_Slaking
0x08E1A444	rom	0x28	gMonShinyPalette_Slaking
0x08E1A46C	rom	0x400	gMonIcon_Slaking
0x08E1A86C	rom	0x20	gMonFootprint_Slaking
0x08E1A88C	rom	0x218	gMonFrontPic_Gulpin
0x08E1AAA4	rom	0x28	gMonPalette_Gulpin
0x08E1AACC	rom	0x284	gMonBackPic_Gulpin
0x08E1AD50	rom	0x28	gMonShinyPalette_Gulpin
0x08E1AD78	rom	0x400	gMonIcon_Gulpin
0x08E1B178	rom	0x20	gMonFootprint_Gulpin
0x08E1B198	rom	0x344	gMonFrontPic_Swalot
0x08E1B4DC	rom	0x28	gMonPalette_Swalot
0x08E1B504	rom	0x348	gMonBackPic_Swalot
0x08E1B84C	rom	0x28	gMonShinyPalette_Swalot
0x08E1B874	rom	0x400	gMonIcon_Swalot
0x08E1BC74	rom	0x20	gMonFootprint_Swalot
0x08E1BC94	rom	0x578	gMonFrontPic_Tropius
0x08E1C20C	rom	0x28	gMonPalette_Tropius
0x08E1C234	rom	0x324	gMonBackPic_Tropius
0x08E1C558	rom	0x28	gMonShinyPalette_Tropius
0x08E1C580	rom	0x400	gMonIcon_Tropius
0x08E1C980	rom	0x20	gMonFootprint_Tropius
0x08E1C9A0	rom	0x294	gMonFrontPic_Whismur
0x08E1CC34	rom	0x28	gMonPalette_Whismur
0x08E1CC5C	rom	0x270	gMonBackPic_Whismur
0x08E1CECC	rom	0x28	gMonShinyPalette_Whismur
0x08E1CEF4	rom	0x400	gMonIcon_Whismur
0x08E1D2F4	rom	0x20	gMonFootprint_Whismur
0x08E1D314	rom	0x478	gMonFrontPic_Loudred
0x08E1D78C	rom	0x28	gMonPalette_Loudred
0x08E1D7B4	rom	0x370	gMonBackPic_Loudred
0x08E1DB24	rom	0x28	gMonShinyPalette_Loudred
0x08E1DB4C	rom	0x400	gMonIcon_Loudred
0x08E1DF4C	rom	0x20	gMonFootprint_Loudred
0x08E1DF6C	rom	0x568	gMonFrontPic_Exploud
0x08E1E4D4	rom	0x28	gMonPalette_Exploud
0x08E1E4FC	rom	0x40C	gMonBackPic_Exploud
0x08E1E908	rom	0x28	gMonShinyPalette_Exploud
0x08E1E930	rom	0x400	gMonIcon_Exploud
0x08E1ED30	rom	0x20	gMonFootprint_Exploud
0x08E1ED50	rom	0x2D8	gMonFrontPic_Clamperl
0x08E1F028	rom	0x28	gMonPalette_Clamperl
0x08E1F050	rom	0x294	gMonBackPic_Clamperl
0x08E1F2E4	rom	0x28	gMonShinyPalette_Clamperl
0x08E1F30C	rom	0x400	gMonIcon_Clamperl
0x08E1F70C	rom	0x20	gMonFootprint_Clamperl
0x08E1F72C	rom	0x3CC	gMonFrontPic_Huntail
0x08E1FAF8	rom	0x28	gMonPalette_Huntail
0x08E1FB20	rom	0x354	gMonBackPic_Huntail
0x08E1FE74	rom	0x28	gMonShinyPalette_Huntail
0x08E1FE9C	rom	0x400	gMonIcon_Huntail
0x08E2029C	rom	0x20	gMonFootprint_Huntail
0x08E202BC	rom	0x310	gMonFrontPic_Gorebyss
0x08E205CC	rom	0x28	gMonPalette_Gorebyss
0x08E205F4	rom	0x2E8	gMonBackPic_Gorebyss
0x08E208DC	rom	0x28	gMonShinyPalette_Gorebyss
0x08E20904	rom	0x400	gMonIcon_Gorebyss
0x08E20D04	rom	0x20	gMonFootprint_Gorebyss
0x08E20D24	rom	0x430	gMonFrontPic_Absol
0x08E21154	rom	0x28	gMonPalette_Absol
0x08E2117C	rom	0x360	gMonBackPic_Absol
0x08E214DC	rom	0x28	gMonShinyPalette_Absol
0x08E21504	rom	0x400	gMonIcon_Absol
0x08E21904	rom	0x20	gMonFootprint_Absol
0x08E21924	rom	0x238	gMonFrontPic_Shuppet
0x08E21B5C	rom	0x28	gMonPalette_Shuppet
0x08E21B84	rom	0x298	gMonBackPic_Shuppet
0x08E21E1C	rom	0x28	gMonShinyPalette_Shuppet
0x08E21E44	rom	0x400	gMonIcon_Shuppet
0x08E22244	rom	0x20	gMonFootprint_Shuppet
0x08E22264	rom	0x2B4	gMonFrontPic_Banette
0x08E22518	rom	0x28	gMonPalette_Banette
0x08E22540	rom	0x27C	gMonBackPic_Banette
0x08E227BC	rom	0x28	gMonShinyPalette_Banette
0x08E227E4	rom	0x400	gMonIcon_Banette
0x08E22BE4	rom	0x20	gMonFootprint_Banette
0x08E22C04	rom	0x420	gMonFrontPic_Seviper
0x08E23024	rom	0x28	gMonPalette_Seviper
0x08E2304C	rom	0x48C	gMonBackPic_Seviper
0x08E234D8	rom	0x28	gMonShinyPalette_Seviper
0x08E23500	rom	0x400	gMonIcon_Seviper
0x08E23900	rom	0x20	gMonFootprint_Seviper
0x08E23920	rom	0x3CC	gMonFrontPic_Zangoose
0x08E23CEC	rom	0x28	gMonPalette_Zangoose
0x08E23D14	rom	0x374	gMonBackPic_Zangoose
0x08E24088	rom	0x28	gMonShinyPalette_Zangoose
0x08E240B0	rom	0x400	gMonIcon_Zangoose
0x08E244B0	rom	0x20	gMonFootprint_Zangoose
0x08E244D0	rom	0x394	gMonFrontPic_Relicanth
0x08E24864	rom	0x28	gMonPalette_Relicanth
0x08E2488C	rom	0x358	gMonBackPic_Relicanth
0x08E24BE4	rom	0x28	gMonShinyPalette_Relicanth
0x08E24C0C	rom	0x400	gMonIcon_Relicanth
0x08E2500C	rom	0x20	gMonFootprint_Relicanth
0x08E2502C	rom	0x1E8	gMonFrontPic_Aron
0x08E25214	rom	0x28	gMonPalette_Aron
0x08E2523C	rom	0x228	gMonBackPic_Aron
0x08E25464	rom	0x28	gMonShinyPalette_Aron
0x08E2548C	rom	0x400	gMonIcon_Aron
0x08E2588C	rom	0x20	gMonFootprint_Aron
0x08E258AC	rom	0x3CC	gMonFrontPic_Lairon
0x08E25C78	rom	0x28	gMonPalette_Lairon
0x08E25CA0	rom	0x2EC	gMonBackPic_Lairon
0x08E25F8C	rom	0x28	gMonShinyPalette_Lairon
0x08E25FB4	rom	0x400	gMonIcon_Lairon
0x08E263B4	rom	0x20	gMonFootprint_Lairon
0x08E263D4	rom	0x57C	gMonFrontPic_Aggron
0x08E26950	rom	0x28	gMonPalette_Aggron
0x08E26978	rom	0x428	gMonBackPic_Aggron
0x08E26DA0	rom	0x28	gMonShinyPalette_Aggron
0x08E26DC8	rom	0x400	gMonIcon_Aggron
0x08E271C8	rom	0x20	gMonFootprint_Aggron
0x08E271E8	rom	0xA88	gMonFrontPic_Castform
0x08E27C70	rom	0x80	gMonPalette_Castform
0x08E27CF0	rom	0x9BC	gMonBackPic_Castform
0x08E286AC	rom	0x7C	gMonShinyPalette_Castform
0x08E28728	rom	0x400	gMonIcon_Castform
0x08E28B28	rom	0x20	gMonFootprint_Castform
0x08E28B48	rom	0x390	gMonFrontPic_Volbeat
0x08E28ED8	rom	0x28	gMonPalette_Volbeat
0x08E28F00	rom	0x360	gMonBackPic_Volbeat
0x08E29260	rom	0x28	gMonShinyPalette_Volbeat
0x08E29288	rom	0x400	gMonIcon_Volbeat
0x08E29688	rom	0x20	gMonFootprint_Volbeat
0x08E296A8	rom	0x374	gMonFrontPic_Illumise
0x08E29A1C	rom	0x28	gMonPalette_Illumise
0x08E29A44	rom	0x31C	gMonBackPic_Illumise
0x08E29D60	rom	0x28	gMonShinyPalette_Illumise
0x08E29D88	rom	0x400	gMonIcon_Illumise
0x08E2A188	rom	0x20	gMonFootprint_Illumise
0x08E2A1A8	rom	0x344	gMonFrontPic_Lileep
0x08E2A4EC	rom	0x28	gMonPalette_Lileep
0x08E2A514	rom	0x344	gMonBackPic_Lileep
0x08E2A858	rom	0x28	gMonShinyPalette_Lileep
0x08E2A880	rom	0x400	gMonIcon_Lileep
0x08E2AC80	rom	0x20	gMonFootprint_Lileep
0x08E2ACA0	rom	0x41C	gMonFrontPic_Cradily
0x08E2B0BC	rom	0x28	gMonPalette_Cradily
0x08E2B0E4	rom	0x3FC	gMonBackPic_Cradily
0x08E2B4E0	rom	0x28	gMonShinyPalette_Cradily
0x08E2B508	rom	0x400	gMonIcon_Cradily
0x08E2B908	rom	0x20	gMonFootprint_Cradily
0x08E2B928	rom	0x324	gMonFrontPic_Anorith
0x08E2BC4C	rom	0x28	gMonPalette_Anorith
0x08E2BC74	rom	0x248	gMonBackPic_Anorith
0x08E2BEBC	rom	0x28	gMonShinyPalette_Anorith
0x08E2BEE4	rom	0x400	gMonIcon_Anorith
0x08E2C2E4	rom	0x20	gMonFootprint_Anorith
0x08E2C304	rom	0x580	gMonFrontPic_Armaldo
0x08E2C884	rom	0x28	gMonPalette_Armaldo
0x08E2C8AC	rom	0x438	gMonBackPic_Armaldo
0x08E2CCE4	rom	0x28	gMonShinyPalette_Armaldo
0x08E2CD0C	rom	0x400	gMonIcon_Armaldo
0x08E2D10C	rom	0x20	gMonFootprint_Armaldo
0x08E2D12C	rom	0x230	gMonFrontPic_Ralts
0x08E2D35C	rom	0x28	gMonPalette_Ralts
0x08E2D384	rom	0x23C	gMonBackPic_Ralts
0x08E2D5C0	rom	0x28	gMonShinyPalette_Ralts
0x08E2D5E8	rom	0x400	gMonIcon_Ralts
0x08E2D9E8	rom	0x20	gMonFootprint_Ralts
0x08E2DA08	rom	0x2FC	gMonFrontPic_Kirlia
0x08E2DD04	rom	0x28	gMonPalette_Kirlia
0x08E2DD2C	rom	0x374	gMonBackPic_Kirlia
0x08E2E0A0	rom	0x28	gMonShinyPalette_Kirlia
0x08E2E0C8	rom	0x400	gMonIcon_Kirlia
0x08E2E4C8	rom	0x20	gMonFootprint_Kirlia
0x08E2E4E8	rom	0x37C	gMonFrontPic_Gardevoir
0x08E2E864	rom	0x28	gMonPalette_Gardevoir
0x08E2E88C	rom	0x334	gMonBackPic_Gardevoir
0x08E2EBC0	rom	0x28	gMonShinyPalette_Gardevoir
0x08E2EBE8	rom	0x400	gMonIcon_Gardevoir
0x08E2EFE8	rom	0x20	gMonFootprint_Gardevoir
0x08E2F008	rom	0x278	gMonFrontPic_Bagon
0x08E2F280	rom	0x28	gMonPalette_Bagon
0x08E2F2A8	rom	0x2E8	gMonBackPic_Bagon
0x08E2F590	rom	0x28	gMonShinyPalette_Bagon
0x08E2F5B8	rom	0x400	gMonIcon_Bagon
0x08E2F9B8	rom	0x20	gMonFootprint_Bagon
0x08E2F9D8	rom	0x304	gMonFrontPic_Shelgon
0x08E2FCDC	rom	0x28	gMonPalette_Shelgon
0x08E2FD04	rom	0x2E8	gMonBackPic_Shelgon
0x08E2FFEC	rom	0x28	gMonShinyPalette_Shelgon
0x08E30014	rom	0x400	gMonIcon_Shelgon
0x08E30414	rom	0x20	gMonFootprint_Shelgon
0x08E30434	rom	0x464	gMonFrontPic_Salamence
0x08E30898	rom	0x28	gMonPalette_Salamence
0x08E308C0	rom	0x2E4	gMonBackPic_Salamence
0x08E30BA4	rom	0x28	gMonShinyPalette_Salamence
0x08E30BCC	rom	0x400	gMonIcon_Salamence
0x08E30FCC	rom	0x20	gMonFootprint_Salamence
0x08E30FEC	rom	0x270	gMonFrontPic_Beldum
0x08E3125C	rom	0x28	gMonPalette_Beldum
0x08E31284	rom	0x2F0	gMonBackPic_Beldum
0x08E31574	rom	0x28	gMonShinyPalette_Beldum
0x08E3159C	rom	0x400	gMonIcon_Beldum
0x08E3199C	rom	0x20	gMonFootprint_Beldum
0x08E319BC	rom	0x45C	gMonFrontPic_Metang
0x08E31E18	rom	0x28	gMonPalette_Metang
0x08E31E40	rom	0x324	gMonBackPic_Metang
0x08E32164	rom	0x28	gMonShinyPalette_Metang
0x08E3218C	rom	0x400	gMonIcon_Metang
0x08E3258C	rom	0x20	gMonFootprint_Metang
0x08E325AC	rom	0x464	gMonFrontPic_Metagross
0x08E32A10	rom	0x28	gMonPalette_Metagross
0x08E32A38	rom	0x2CC	gMonBackPic_Metagross
0x08E32D04	rom	0x28	gMonShinyPalette_Metagross
0x08E32D2C	rom	0x400	gMonIcon_Metagross
0x08E3312C	rom	0x20	gMonFootprint_Metagross
0x08E3314C	rom	0x4BC	gMonFrontPic_Regirock
0x08E33608	rom	0x28	gMonPalette_Regirock
0x08E33630	rom	0x44C	gMonBackPic_Regirock
0x08E33A7C	rom	0x28	gMonShinyPalette_Regirock
0x08E33AA4	rom	0x400	gMonIcon_Regirock
0x08E33EA4	rom	0x20	gMonFootprint_Regirock
0x08E33EC4	rom	0x448	gMonFrontPic_Regice
0x08E3430C	rom	0x28	gMonPalette_Regice
0x08E34334	rom	0x2F0	gMonBackPic_Regice
0x08E34624	rom	0x28	gMonShinyPalette_Regice
0x08E3464C	rom	0x400	gMonIcon_Regice
0x08E34A4C	rom	0x20	gMonFootprint_Regice
0x08E34A6C	rom	0x488	gMonFrontPic_Registeel
0x08E34EF4	rom	0x28	gMonPalette_Registeel
0x08E34F1C	rom	0x338	gMonBackPic_Registeel
0x08E35254	rom	0x28	gMonShinyPalette_Registeel
0x08E3527C	rom	0x400	gMonIcon_Registeel
0x08E3567C	rom	0x20	gMonFootprint_Registeel
0x08E3569C	rom	0x470	gMonFrontPic_Kyogre
0x08E35B0C	rom	0x28	gMonPalette_Kyogre
0x08E35B34	rom	0x278	gMonBackPic_Kyogre
0x08E35DAC	rom	0x28	gMonShinyPalette_Kyogre
0x08E35DD4	rom	0x400	gMonIcon_Kyogre
0x08E361D4	rom	0x20	gMonFootprint_Kyogre
0x08E361F4	rom	0x594	gMonFrontPic_Groudon
0x08E36788	rom	0x28	gMonPalette_Groudon
0x08E367B0	rom	0x468	gMonBackPic_Groudon
0x08E36C18	rom	0x28	gMonShinyPalette_Groudon
0x08E36C40	rom	0x400	gMonIcon_Groudon
0x08E37040	rom	0x20	gMonFootprint_Groudon
0x08E37060	rom	0x510	gMonFrontPic_Rayquaza
0x08E37570	rom	0x28	gMonPalette_Rayquaza
0x08E37598	rom	0x338	gMonBackPic_Rayquaza
0x08E378D0	rom	0x28	gMonShinyPalette_Rayquaza
0x08E378F8	rom	0x400	gMonIcon_Rayquaza
0x08E37CF8	rom	0x20	gMonFootprint_Rayquaza
0x08E37D18	rom	0x424	gMonFrontPic_Latias
0x08E3813C	rom	0x28	gMonPalette_Latias
0x08E38164	rom	0x2FC	gMonBackPic_Latias
0x08E38460	rom	0x28	gMonShinyPalette_Latias
0x08E38488	rom	0x400	gMonIcon_Latias
0x08E38888	rom	0x20	gMonFootprint_Latias
0x08E388A8	rom	0x454	gMonFrontPic_Latios
0x08E38CFC	rom	0x28	gMonPalette_Latios
0x08E38D24	rom	0x360	gMonBackPic_Latios
0x08E39084	rom	0x28	gMonShinyPalette_Latios
0x08E390AC	rom	0x400	gMonIcon_Latios
0x08E394AC	rom	0x20	gMonFootprint_Latios
0x08E394CC	rom	0x30C	gMonFrontPic_Jirachi
0x08E397D8	rom	0x28	gMonPalette_Jirachi
0x08E39800	rom	0x3A0	gMonBackPic_Jirachi
0x08E39BA0	rom	0x28	gMonShinyPalette_Jirachi
0x08E39BC8	rom	0x400	gMonIcon_Jirachi
0x08E39FC8	rom	0x20	gMonFootprint_Jirachi
0x08E39FE8	rom	0x3DC	gMonFrontPic_Deoxys
0x08E3A3C4	rom	0x28	gMonPalette_Deoxys
0x08E3A3EC	rom	0x354	gMonBackPic_Deoxys
0x08E3A740	rom	0x28	gMonShinyPalette_Deoxys
0x08E3A768	rom	0x400	gMonIcon_Deoxys
0x08E3AB68	rom	0x20	gMonFootprint_Deoxys
0x08E3AB88	rom	0x24C	gMonFrontPic_Chimecho
0x08E3ADD4	rom	0x28	gMonPalette_Chimecho
0x08E3ADFC	rom	0x274	gMonBackPic_Chimecho
0x08E3B070	rom	0x28	gMonShinyPalette_Chimecho
0x08E3B098	rom	0x400	gMonIcon_Chimecho
0x08E3B498	rom	0x20	gMonFootprint_Chimecho
0x08E3B4B8	rom	0x1B4	gMonPic_Egg
0x08E3B66C	rom	0x20	gMonPalette_Egg
0x08E3B68C	rom	0x1D8	gMonFrontPic_UnownB
0x08E3B864	rom	0x204	gMonBackPic_UnownB
0x08E3BA68	rom	0x400	gMonIcon_UnownB
0x08E3BE68	rom	0x214	gMonFrontPic_UnownC
0x08E3C07C	rom	0x2AC	gMonBackPic_UnownC
0x08E3C328	rom	0x400	gMonIcon_UnownC
0x08E3C728	rom	0x1F8	gMonFrontPic_UnownD
0x08E3C920	rom	0x258	gMonBackPic_UnownD
0x08E3CB78	rom	0x400	gMonIcon_UnownD
0x08E3CF78	rom	0x1B8	gMonFrontPic_UnownE
0x08E3D130	rom	0x200	gMonBackPic_UnownE
0x08E3D330	rom	0x400	gMonIcon_UnownE
0x08E3D730	rom	0x1F4	gMonFrontPic_UnownF
0x08E3D924	rom	0x21C	gMonBackPic_UnownF
0x08E3DB40	rom	0x400	gMonIcon_UnownF
0x08E3DF40	rom	0x1DC	gMonFrontPic_UnownG
0x08E3E11C	rom	0x24C	gMonBackPic_UnownG
0x08E3E368	rom	0x400	gMonIcon_UnownG
0x08E3E768	rom	0x244	gMonFrontPic_UnownH
0x08E3E9AC	rom	0x2C4	gMonBackPic_UnownH
0x08E3EC70	rom	0x400	gMonIcon_UnownH
0x08E3F070	rom	0x198	gMonFrontPic_UnownI
0x08E3F208	rom	0x1A8	gMonBackPic_UnownI
0x08E3F3B0	rom	0x400	gMonIcon_UnownI
0x08E3F7B0	rom	0x1C4	gMonFrontPic_UnownJ
0x08E3F974	rom	0x1E8	gMonBackPic_UnownJ
0x08E3FB5C	rom	0x400	gMonIcon_UnownJ
0x08E3FF5C	rom	0x1D0	gMonFrontPic_UnownK
0x08E4012C	rom	0x1F8	gMonBackPic_UnownK
0x08E40324	rom	0x400	gMonIcon_UnownK
0x08E40724	rom	0x1B0	gMonFrontPic_UnownL
0x08E408D4	rom	0x1D4	gMonBackPic_UnownL
0x08E40AA8	rom	0x400	gMonIcon_UnownL
0x08E40EA8	rom	0x224	gMonFrontPic_UnownM
0x08E410CC	rom	0x2A8	gMonBackPic_UnownM
0x08E41374	rom	0x400	gMonIcon_UnownM
0x08E41774	rom	0x1F8	gMonFrontPic_UnownN
0x08E4196C	rom	0x26C	gMonBackPic_UnownN
0x08E41BD8	rom	0x400	gMonIcon_UnownN
0x08E41FD8	rom	0x238	gMonFrontPic_UnownO
0x08E42210	rom	0x2C0	gMonBackPic_UnownO
0x08E424D0	rom	0x400	gMonIcon_UnownO
0x08E428D0	rom	0x1A0	gMonFrontPic_UnownP
0x08E42A70	rom	0x1C4	gMonBackPic_UnownP
0x08E42C34	rom	0x400	gMonIcon_UnownP
0x08E43034	rom	0x1B4	gMonFrontPic_UnownQ
0x08E431E8	rom	0x1CC	gMonBackPic_UnownQ
0x08E433B4	rom	0x400	gMonIcon_UnownQ
0x08E437B4	rom	0x1A4	gMonFrontPic_UnownR
0x08E43958	rom	0x1C8	gMonBackPic_UnownR
0x08E43B20	rom	0x400	gMonIcon_UnownR
0x08E43F20	rom	0x1E8	gMonFrontPic_UnownS
0x08E44108	rom	0x254	gMonBackPic_UnownS
0x08E4435C	rom	0x400	gMonIcon_UnownS
0x08E4475C	rom	0x1B0	gMonFrontPic_UnownT
0x08E4490C	rom	0x1B4	gMonBackPic_UnownT
0x08E44AC0	rom	0x400	gMonIcon_UnownT
0x08E44EC0	rom	0x218	gMonFrontPic_UnownU
0x08E450D8	rom	0x254	gMonBackPic_UnownU
0x08E4532C	rom	0x400	gMonIcon_UnownU
0x08E4572C	rom	0x1E4	gMonFrontPic_UnownV
0x08E45910	rom	0x230	gMonBackPic_UnownV
0x08E45B40	rom	0x400	gMonIcon_UnownV
0x08E45F40	rom	0x1D4	gMonFrontPic_UnownW
0x08E46114	rom	0x204	gMonBackPic_UnownW
0x08E46318	rom	0x400	gMonIcon_UnownW
0x08E46718	rom	0x1C4	gMonFrontPic_UnownX
0x08E468DC	rom	0x1F0	gMonBackPic_UnownX
0x08E46ACC	rom	0x400	gMonIcon_UnownX
0x08E46ECC	rom	0x1D8	gMonFrontPic_UnownY
0x08E470A4	rom	0x1F4	gMonBackPic_UnownY
0x08E47298	rom	0x400	gMonIcon_UnownY
0x08E47698	rom	0x1B0	gMonFrontPic_UnownZ
0x08E47848	rom	0x1DC	gMonBackPic_UnownZ
0x08E47A24	rom	0x400	gMonIcon_UnownZ
0x08E47E24	rom	0x190	gMonFrontPic_UnownExclamationMark
0x08E47FB4	rom	0x1C8	gMonBackPic_UnownExclamationMark
0x08E4817C	rom	0x400	gMonIcon_UnownExclamationMark
0x08E4857C	rom	0x1BC	gMonFrontPic_UnownQuestionMark
0x08E48738	rom	0x200	gMonBackPic_UnownQuestionMark
0x08E48938	rom	0x400	gMonIcon_UnownQuestionMark
0x08E48D38	rom	0x2D8	gTrainerFrontPic_Lass
0x08E49010	rom	0x2A8	gTrainerFrontPic_Youngster
0x08E492B8	rom	0x314	gTrainerFrontPic_Brendan
0x08E495CC	rom	0x300	gTrainerFrontPic_May
0x08E498CC	rom	0x480	gTrainerFrontPic_Hiker
0x08E49D4C	rom	0x2E8	gTrainerFrontPic_Beauty
0x08E4A034	rom	0x3E4	gTrainerFrontPic_Fisherman
0x08E4A418	rom	0x3B4	gTrainerFrontPic_Lady
0x08E4A7CC	rom	0x410	gTrainerFrontPic_CyclingTriathleteM
0x08E4ABDC	rom	0x360	gTrainerFrontPic_AquaGruntM
0x08E4AF3C	rom	0x3C4	gTrainerFrontPic_Twins
0x08E4B300	rom	0x2D0	gTrainerFrontPic_SwimmerF
0x08E4B5D0	rom	0x32C	gTrainerFrontPic_BugCatcher
0x08E4B8FC	rom	0x2C0	gTrainerFrontPic_SchoolKidM
0x08E4BBBC	rom	0x2B4	gTrainerFrontPic_RichBoy
0x08E4BE70	rom	0x470	gTrainerFrontPic_SrAndJr
0x08E4C2E0	rom	0x364	gTrainerFrontPic_BlackBelt
0x08E4C644	rom	0x2D0	gTrainerFrontPic_Wally
0x08E4C914	rom	0x33C	gTrainerFrontPic_AquaGruntF
0x08E4CC50	rom	0x2A4	gTrainerFrontPic_TuberF
0x08E4CEF4	rom	0x36C	gTrainerFrontPic_HexManiac
0x08E4D260	rom	0x334	gTrainerFrontPic_PokemonBreederF
0x08E4D594	rom	0x380	gTrainerFrontPic_MagmaGruntM
0x08E4D914	rom	0x38C	gTrainerFrontPic_MagmaGruntF
0x08E4DCA0	rom	0x4A4	gTrainerFrontPic_Interviewer
0x08E4E144	rom	0x28C	gTrainerFrontPic_TuberM
0x08E4E3D0	rom	0x3C0	gTrainerFrontPic_YoungCouple
0x08E4E790	rom	0x384	gTrainerFrontPic_Guitarist
0x08E4EB14	rom	0x300	gTrainerFrontPic_Gentleman
0x08E4EE14	rom	0x338	gTrainerFrontPic_Steven
0x08E4F14C	rom	0x2F4	gTrainerFrontPic_Maxie
0x08E4F440	rom	0x2A4	gTrainerFrontPic_RunningTriathleteF
0x08E4F6E4	rom	0x2B8	gTrainerFrontPic_RunningTriathleteM
0x08E4F99C	rom	0x320	gTrainerFrontPic_BattleGirl
0x08E4FCBC	rom	0x40C	gTrainerFrontPic_CyclingTriathleteF
0x08E500C8	rom	0x2C0	gTrainerFrontPic_SwimmerM
0x08E50388	rom	0x3CC	gTrainerFrontPic_PokefanF
0x08E50754	rom	0x340	gTrainerFrontPic_ExpertM
0x08E50A94	rom	0x31C	gTrainerFrontPic_ExpertF
0x08E50DB0	rom	0x32C	gTrainerFrontPic_SwimmingTriathleteM
0x08E510DC	rom	0x2DC	gTrainerFrontPic_SwimmingTriathleteF
0x08E513B8	rom	0x354	gTrainerFrontPic_DragonTamer
0x08E5170C	rom	0x338	gTrainerFrontPic_BirdKeeper
0x08E51A44	rom	0x2DC	gTrainerFrontPic_NinjaBoy
0x08E51D20	rom	0x338	gTrainerFrontPic_ParasolLady
0x08E52058	rom	0x450	gTrainerFrontPic_BugManiac
0x08E524A8	rom	0x3B0	gTrainerFrontPic_Sailor
0x08E52858	rom	0x404	gTrainerFrontPic_Collector
0x08E52C5C	rom	0x330	gTrainerFrontPic_PokemonBreederM
0x08E52F8C	rom	0x348	gTrainerFrontPic_PokemonRangerM
0x08E532D4	rom	0x334	gTrainerFrontPic_PokemonRangerF
0x08E53608	rom	0x3D8	gTrainerFrontPic_MagmaAdminM
0x08E539E0	rom	0x3B0	gTrainerFrontPic_MagmaAdminF
0x08E53D90	rom	0x2C4	gTrainerFrontPic_AromaLady
0x08E54054	rom	0x39C	gTrainerFrontPic_RuinManiac
0x08E543F0	rom	0x2E8	gTrainerFrontPic_CoolTrainerM
0x08E546D8	rom	0x314	gTrainerFrontPic_CoolTrainerF
0x08E549EC	rom	0x370	gTrainerFrontPic_Pokemaniac
0x08E54D5C	rom	0x36C	gTrainerFrontPic_Kindler
0x08E550C8	rom	0x2E8	gTrainerFrontPic_Camper
0x08E553B0	rom	0x2E0	gTrainerFrontPic_Picnicker
0x08E55690	rom	0x32C	gTrainerFrontPic_PsychicM
0x08E559BC	rom	0x328	gTrainerFrontPic_PsychicF
0x08E55CE4	rom	0x29C	gTrainerFrontPic_SchoolKidF
0x08E55F80	rom	0x3BC	gTrainerFrontPic_PokefanM
0x08E5633C	rom	0x44C	gTrainerFrontPic_SisAndBro
0x08E56788	rom	0x510	gTrainerFrontPic_OldCouple
0x08E56C98	rom	0x3B4	gTrainerFrontPic_AquaAdminM
0x08E5704C	rom	0x3C4	gTrainerFrontPic_AquaAdminF
0x08E57410	rom	0x37C	gTrainerFrontPic_UnusedAqua
0x08E5778C	rom	0x33C	gTrainerFrontPic_Archie
0x08E57AC8	rom	0xDD4	gTrainerBackPic_Brendan
0x08E5889C	rom	0xCEC	gTrainerBackPic_May
0x08E59588	rom	0xA50	gTrainerBackPic_Wally
0x08E59FD8	rom	0x28	gTrainerPalette_Lass
0x08E5A000	rom	0x28	gTrainerPalette_Youngster
0x08E5A028	rom	0x28	gTrainerPalette_Brendan
0x08E5A050	rom	0x28	gTrainerPalette_May
0x08E5A078	rom	0x28	gTrainerPalette_Hiker
0x08E5A0A0	rom	0x28	gTrainerPalette_Beauty
0x08E5A0C8	rom	0x28	gTrainerPalette_Fisherman
0x08E5A0F0	rom	0x28	gTrainerPalette_Lady
0x08E5A118	rom	0x28	gTrainerPalette_CyclingTriathleteM
0x08E5A140	rom	0x28	gTrainerPalette_AquaGruntM
0x08E5A168	rom	0x28	gTrainerPalette_Twins
0x08E5A190	rom	0x28	gTrainerPalette_SwimmerF
0x08E5A1B8	rom	0x28	gTrainerPalette_BugCatcher
0x08E5A1E0	rom	0x28	gTrainerPalette_SchoolKidM
0x08E5A208	rom	0x28	gTrainerPalette_RichBoy
0x08E5A230	rom	0x28	gTrainerPalette_SrAndJr
0x08E5A258	rom	0x28	gTrainerPalette_BlackBelt
0x08E5A280	rom	0x28	gTrainerPalette_Wally
0x08E5A2A8	rom	0x28	gTrainerPalette_AquaGruntF
0x08E5A2D0	rom	0x28	gTrainerPalette_TuberF
0x08E5A2F8	rom	0x28	gTrainerPalette_HexManiac
0x08E5A320	rom	0x28	gTrainerPalette_PokemonBreederF
0x08E5A348	rom	0x28	gTrainerPalette_MagmaGruntM
0x08E5A370	rom	0x28	gTrainerPalette_MagmaGruntF
0x08E5A398	rom	0x28	gTrainerPalette_Interviewer
0x08E5A3C0	rom	0x28	gTrainerPalette_TuberM
0x08E5A3E8	rom	0x28	gTrainerPalette_YoungCouple
0x08E5A410	rom	0x28	gTrainerPalette_Guitarist
0x08E5A438	rom	0x28	gTrainerPalette_Gentleman
0x08E5A460	rom	0x28	gTrainerPalette_Steven
0x08E5A488	rom	0x28	gTrainerPalette_Maxie
0x08E5A4B0	rom	0x28	gTrainerPalette_RunningTriathleteF
0x08E5A4D8	rom	0x28	gTrainerPalette_RunningTriathleteM
0x08E5A500	rom	0x28	gTrainerPalette_BattleGirl
0x08E5A528	rom	0x28	gTrainerPalette_CyclingTriathleteF
0x08E5A550	rom	0x28	gTrainerPalette_SwimmerM
0x08E5A578	rom	0x28	gTrainerPalette_PokefanF
0x08E5A5A0	rom	0x28	gTrainerPalette_ExpertM
0x08E5A5C8	rom	0x28	gTrainerPalette_ExpertF
0x08E5A5F0	rom	0x28	gTrainerPalette_SwimmingTriathleteM
0x08E5A618	rom	0x28	gTrainerPalette_SwimmingTriathleteF
0x08E5A640	rom	0x28	gTrainerPalette_DragonTamer
0x08E5A668	rom	0x28	gTrainerPalette_BirdKeeper
0x08E5A690	rom	0x28	gTrainerPalette_NinjaBoy
0x08E5A6B8	rom	0x28	gTrainerPalette_ParasolLady
0x08E5A6E0	rom	0x28	gTrainerPalette_BugManiac
0x08E5A708	rom	0x28	gTrainerPalette_Sailor
0x08E5A730	rom	0x28	gTrainerPalette_Collector
0x08E5A758	rom	0x28	gTrainerPalette_PokemonBreederM
0x08E5A780	rom	0x28	gTrainerPalette_PokemonRangerM
0x08E5A7A8	rom	0x28	gTrainerPalette_PokemonRangerF
0x08E5A7D0	rom	0x28	gTrainerPalette_MagmaAdminM
0x08E5A7F8	rom	0x28	gTrainerPalette_MagmaAdminF
0x08E5A820	rom	0x28	gTrainerPalette_AromaLady
0x08E5A848	rom	0x28	gTrainerPalette_RuinManiac
0x08E5A870	rom	0x28	gTrainerPalette_CoolTrainerM
0x08E5A898	rom	0x28	gTrainerPalette_CoolTrainerF
0x08E5A8C0	rom	0x28	gTrainerPalette_Pokemaniac
0x08E5A8E8	rom	0x28	gTrainerPalette_Kindler
0x08E5A910	rom	0x28	gTrainerPalette_Camper
0x08E5A938	rom	0x28	gTrainerPalette_Picnicker
0x08E5A960	rom	0x28	gTrainerPalette_PsychicM
0x08E5A988	rom	0x28	gTrainerPalette_PsychicF
0x08E5A9B0	rom	0x28	gTrainerPalette_SchoolKidF
0x08E5A9D8	rom	0x28	gTrainerPalette_PokefanM
0x08E5AA00	rom	0x28	gTrainerPalette_SisAndBro
0x08E5AA28	rom	0x28	gTrainerPalette_OldCouple
0x08E5AA50	rom	0x28	gTrainerPalette_AquaAdminM
0x08E5AA78	rom	0x28	gTrainerPalette_AquaAdminF
0x08E5AAA0	rom	0x28	gTrainerPalette_UnusedAqua
0x08E5AAC8	rom	0x28	gTrainerPalette_Archie
0x08E5AAF0	rom	0x2EC	gTrainerFrontPic_Roxanne
0x08E5ADDC	rom	0x394	gTrainerFrontPic_Brawly
0x08E5B170	rom	0x348	gTrainerFrontPic_Wattson
0x08E5B4B8	rom	0x380	gTrainerFrontPic_Flannery
0x08E5B838	rom	0x33C	gTrainerFrontPic_Norman
0x08E5BB74	rom	0x380	gTrainerFrontPic_Winona
0x08E5BEF4	rom	0x444	gTrainerFrontPic_TateAndLiza
0x08E5C338	rom	0x378	gTrainerFrontPic_Wallace
0x08E5C6B0	rom	0x334	gTrainerFrontPic_Sidney
0x08E5C9E4	rom	0x300	gTrainerFrontPic_Phoebe
0x08E5CCE4	rom	0x384	gTrainerFrontPic_Glacia
0x08E5D068	rom	0x3A8	gTrainerFrontPic_Drake
0x08E5D410	rom	0x28	gTrainerPalette_Roxanne
0x08E5D438	rom	0x28	gTrainerPalette_Brawly
0x08E5D460	rom	0x28	gTrainerPalette_Wattson
0x08E5D488	rom	0x28	gTrainerPalette_Flannery
0x08E5D4B0	rom	0x28	gTrainerPalette_Norman
0x08E5D4D8	rom	0x28	gTrainerPalette_Winona
0x08E5D500	rom	0x28	gTrainerPalette_TateAndLiza
0x08E5D528	rom	0x28	gTrainerPalette_Wallace
0x08E5D550	rom	0x28	gTrainerPalette_Sidney
0x08E5D578	rom	0x28	gTrainerPalette_Phoebe
0x08E5D5A0	rom	0x28	gTrainerPalette_Glacia
0x08E5D5C8	rom	0x28	gTrainerPalette_Drake
0x08E5D5F0	rom	0x400	gMonIcon_QuestionMark
0x08E5D9F0	rom	0x20	gMonFootprint_QuestionMark
0x08E5DA10	rom	0xE8	gVersusFrameGfx
0x08E5DAF8	rom	0x10C	gVersusFrameTilemap
0x08E5DC04	rom	0x28	gVersusFramePal
0x08E5DC2C	rom	0x210	gUnknown_08E5DC2C
0x08E5DE3C	rom	0x5B0	gBattleEnvironmentTiles_TallGrass
0x08E5E3EC	rom	0x38	gBattleEnvironmentPalette_TallGrass
0x08E5E424	rom	0x2B0	gBattleEnvironmentTilemap_TallGrass
0x08E5E6D4	rom	0x678	gBattleEnvironmentTiles_LongGrass
0x08E5ED4C	rom	0x40	gBattleEnvironmentPalette_LongGrass
0x08E5ED8C	rom	0x2B0	gBattleEnvironmentTilemap_LongGrass
0x08E5F03C	rom	0x5F8	gBattleEnvironmentTiles_Sand
0x08E5F634	rom	0x48	gBattleEnvironmentPalette_Sand
0x08E5F67C	rom	0x2B0	gBattleEnvironmentTilemap_Sand
0x08E5F92C	rom	0x5B8	gBattleEnvironmentTiles_Underwater
0x08E5FEE4	rom	0x48	gBattleEnvironmentPalette_Underwater
0x08E5FF2C	rom	0x2B0	gBattleEnvironmentTilemap_Underwater
0x08E601DC	rom	0x5D4	gBattleEnvironmentTiles_Water
0x08E607B0	rom	0x44	gBattleEnvironmentPalette_Water
0x08E607F4	rom	0x2B0	gBattleEnvironmentTilemap_Water
0x08E60AA4	rom	0x5A8	gBattleEnvironmentTiles_PondWater
0x08E6104C	rom	0x40	gBattleEnvironmentPalette_PondWater
0x08E6108C	rom	0x2B0	gBattleEnvironmentTilemap_PondWater
0x08E6133C	rom	0x5C0	gBattleEnvironmentTiles_Rock
0x08E618FC	rom	0x3C	gBattleEnvironmentPalette_Rock
0x08E61938	rom	0x2B0	gBattleEnvironmentTilemap_Rock
0x08E61BE8	rom	0x5F8	gBattleEnvironmentTiles_Cave
0x08E621E0	rom	0x48	gBattleEnvironmentPalette_Cave
0x08E62228	rom	0x2B0	gBattleEnvironmentTilemap_Cave
0x08E624D8	rom	0x3C	gBattleEnvironmentPalette_Plain
0x08E62514	rom	0x5AC	gBattleEnvironmentTiles_Building
0x08E62AC0	rom	0x3C	gBattleEnvironmentPalette_BattleTower
0x08E62AFC	rom	0x2B0	gBattleEnvironmentTilemap_Building
0x08E62DAC	rom	0x608	gBattleEnvironmentTiles_Stadium
0x08E633B4	rom	0x2B0	gBattleEnvironmentTilemap_Stadium
0x08E63664	rom	0x40	gBattleEnvironmentPalette_Building
0x08E636A4	rom	0x3C	gBattleEnvironmentPalette_Kyogre
0x08E636E0	rom	0x58	gBattleEnvironmentPalette_Groudon
0x08E63738	rom	0x3C	gBattleEnvironmentPalette_BuildingGym
0x08E63774	rom	0x3C	gBattleEnvironmentPalette_BuildingLeader
0x08E637B0	rom	0x60	gBattleEnvironmentPalette_StadiumAqua
0x08E63810	rom	0x6C	gBattleEnvironmentPalette_StadiumMagma
0x08E6387C	rom	0x50	gBattleEnvironmentPalette_StadiumSidney
0x08E638CC	rom	0x48	gBattleEnvironmentPalette_StadiumPhoebe
0x08E63914	rom	0x44	gBattleEnvironmentPalette_StadiumGlacia
0x08E63958	rom	0x50	gBattleEnvironmentPalette_StadiumDrake
0x08E639A8	rom	0x3C	gBattleEnvironmentPalette_StadiumSteven
0x08E639E4	rom	0x588	gBattleEnvironmentAnimTiles_TallGrass
0x08E63F6C	rom	0x1BC	gBattleEnvironmentAnimTilemap_TallGrass
0x08E64128	rom	0x710	gBattleEnvironmentAnimTiles_LongGrass
0x08E64838	rom	0x238	gBattleEnvironmentAnimTilemap_LongGrass
0x08E64A70	rom	0x544	gBattleEnvironmentAnimTiles_Sand
0x08E64FB4	rom	0x1A8	gBattleEnvironmentAnimTilemap_Sand
0x08E6515C	rom	0x4CC	gBattleEnvironmentAnimTiles_Underwater
0x08E65628	rom	0x190	gBattleEnvironmentAnimTilemap_Underwater
0x08E657B8	rom	0x60C	gBattleEnvironmentAnimTiles_Water
0x08E65DC4	rom	0x1A4	gBattleEnvironmentAnimTilemap_Water
0x08E65F68	rom	0x54C	gBattleEnvironmentAnimTiles_PondWater
0x08E664B4	rom	0x14C	gBattleEnvironmentAnimTilemap_PondWater
0x08E66600	rom	0x5E0	gBattleEnvironmentAnimTiles_Rock
0x08E66BE0	rom	0x194	gBattleEnvironmentAnimTilemap_Rock
0x08E66D74	rom	0x81C	gBattleEnvironmentAnimTiles_Cave
0x08E67590	rom	0x2A8	gBattleEnvironmentAnimTilemap_Cave
0x08E67838	rom	0x410	gBattleEnvironmentAnimTiles_Building
0x08E67C48	rom	0x124	gBattleEnvironmentAnimTilemap_Building
0x08E67D6C	rom	0x16C	gBattleAnimSpriteSheet_261
0x08E67ED8	rom	0x17C	gBattleAnimBackgroundTilemap_SandstormBrew
0x08E68054	rom	0x52C	gBattleAnimBackgroundImage_SandstormBrew
0x08E68580	rom	0x28	gBattleAnimSpritePalette_261
0x08E685A8	rom	0x1BC	gBattleAnimSpriteSheet_260
0x08E68764	rom	0x18	gBattleAnimSpritePalette_260
0x08E6877C	rom	0x970	gBattleAnimBackgroundImage_15
0x08E690EC	rom	0x24	gBattleAnimBackgroundPalette_15
0x08E69110	rom	0x1F8	gBattleAnimBackgroundTilemap_15
0x08E69308	rom	0xD4	gBattleAnimSpriteSheet_262
0x08E693DC	rom	0x28	gBattleAnimSpritePalette_262
0x08E69404	rom	0x74	gContestNextTurnGfx
0x08E69478	rom	0x100	gContestNextTurnNumbersGfx
0x08E69578	rom	0x40	gContestNextTurnRandomGfx
0x08E695B8	rom	0x20	gBattleAnimSpriteSheet_264
0x08E695D8	rom	0x18	gBattleAnimSpritePalette_264
0x08E695F0	rom	0x18	gBattleAnimSpritePalette_265
0x08E69608	rom	0x20	gBattleAnimSpritePalette_067
0x08E69628	rom	0x20	gBattleAnimSpritePalette_068
0x08E69648	rom	0x144	gContestApplauseGfx
0x08E6978C	rom	0x80	gContestApplauseMeterGfx
0x08E6980C	rom	0x20	gContestPal
0x08E6982C	rom	0x21C	gBattleAnimSpriteSheet_272
0x08E69A48	rom	0x24	gBattleAnimSpritePalette_272
0x08E69A6C	rom	0x28	gBattleAnimSpriteSheet_273
0x08E69A94	rom	0x54	gBattleAnimSpriteSheet_269
0x08E69AE8	rom	0x18	gBattleAnimSpritePalette_269
0x08E69B00	rom	0x180	gBattleAnimSpriteSheet_274
0x08E69C80	rom	0x16C	gBattleAnimSpriteSheet_275
0x08E69DEC	rom	0x168	gBattleAnimSpriteSheet_276
0x08E69F54	rom	0x28	gBattleAnimSpritePalette_274
0x08E69F7C	rom	0x15C	gBattleAnimBackgroundImage_17
0x08E6A0D8	rom	0x28	gBattleAnimBackgroundPalette_17
0x08E6A100	rom	0x1E8	gBattleAnimBackgroundTilemap_17
0x08E6A2E8	rom	0x3FC	gBattleAnimSpriteSheet_280
0x08E6A6E4	rom	0x20	gBattleAnimSpritePalette_280
0x08E6A704	rom	0x24	gBattleAnimBackgroundImageMuddyWater_Pal
0x08E6A728	rom	0x30	gEnemyMonShadow_Gfx
0x08E6A758	rom	0x84	gBattleGfx_BallStatusBar
0x08E6A7DC	rom	0x400	gMonIcon_Egg
0x08E6ABDC	rom	0xCC8	gBattleAnimBackgroundImage_02
0x08E6B8A4	rom	0x1C	gBattleAnimBackgroundPalette_02
0x08E6B8C0	rom	0x2F4	gBattleAnimBackgroundTilemap_02
0x08E6BBB4	rom	0x28	gBattleAnimSpritePalette_287
0x08E6BBDC	rom	0x28	gBattleAnimBackgroundPalette_24
0x08E6BC04	rom	0x4FC	unused_unknown_E6BC04
0x08E6C100	rom	0x820	gUnknown_08E6C100
0x08E6C920	rom	0xA34	gUnknown_08E6C920
0x08E6D354	rom	0x314	gUnknown_08E6D354
0x08E6D668	rom	0x28	gBattleAnimBackgroundPalette_16
0x08E6D690	rom	0x260	gBattleAnimBackgroundImage_16
0x08E6D8F0	rom	0x13C	gBattleAnimBackgroundTilemap_16
0x08E6DA2C	rom	0x28	gBattleAnimSpritePalette_277
0x08E6DA54	rom	0x3F4	gBattleAnimSpriteSheet_277
0x08E6DE48	rom	0x178	gBattleAnimFogTilemap
0x08E6DFC0	rom	0x1C	gBattleAnimSpritePalette_283
0x08E6DFDC	rom	0x124	gBattleAnimSpriteSheet_283
0x08E6E100	rom	0x1E4	gBattleAnimBackgroundTilemap_ScaryFacePlayer
0x08E6E2E4	rom	0x1E4	gBattleAnimBackgroundTilemap_ScaryFaceOpponent
0x08E6E4C8	rom	0x1E4	gBattleAnimBackgroundTilemap_ScaryFaceContest
0x08E6E6AC	rom	0x40	gBattleAnimSpriteSheet_263
0x08E6E6EC	rom	0x18	gBattleAnimSpritePalette_263
0x08E6E704	rom	0x40	gBattleAnimSpriteSheet_266
0x08E6E744	rom	0x18	gBattleAnimSpritePalette_266
0x08E6E75C	rom	0x18	gBattleAnimSpritePalette_267
0x08E6E774	rom	0x18	gBattleAnimSpritePalette_268
0x08E6E78C	rom	0x20C	gBattleAnimSpriteSheet_278
0x08E6E998	rom	0x1C	gBattleAnimSpritePalette_278
0x08E6E9B4	rom	0x4C	gBattleAnimSpriteSheet_279
0x08E6EA00	rom	0x1C	gBattleAnimSpritePalette_279
0x08E6EA1C	rom	0x188	gBattleAnimSpriteSheet_281
0x08E6EBA4	rom	0x20	gBattleAnimSpritePalette_281
0x08E6EBC4	rom	0x2F4	gBattleAnimBackgroundImage_21
0x08E6EEB8	rom	0x1C	gBattleAnimBackgroundPalette_21
0x08E6EED4	rom	0x2EC	gBattleAnimBackgroundTilemap_21
0x08E6F1C0	rom	0x37C	gBattleAnimSpriteSheet_284
0x08E6F53C	rom	0x1C	gBattleAnimSpritePalette_284
0x08E6F558	rom	0xA0	gBattleAnimSpriteSheet_285
0x08E6F5F8	rom	0x28	gBattleAnimSpritePalette_285
0x08E6F620	rom	0x1320	gBattleAnimBackgroundImage_Surf
0x08E70940	rom	0x28	gBattleAnimBackgroundPalette_Surf
0x08E70968	rom	0x2D0	gUnknown_08E70968
0x08E70C38	rom	0x2D4	gUnknown_08E70C38
0x08E70F0C	rom	0x2F4	gUnknown_08E70F0C
0x08E71200	rom	0x28	gBattleAnimSpritePalette_286
0x08E71228	rom	0x114	gBattleAnimSpriteSheet_188
0x08E7133C	rom	0x18	gBattleAnimSpritePalette_188
0x08E71354	rom	0x34C	gPartyMenuMisc_Gfx
0x08E716A0	rom	0xE8	gPartyMenuMisc_Pal
0x08E71788	rom	0x10C	gPartyMenuMisc_Tilemap
0x08E71894	rom	0xA0	gPartyMenuHpBar_Gfx
0x08E71934	rom	0x3DC	gPartyMenuOrderText_Gfx
0x08E71D10	rom	0x9D4	gMoveTypes_Gfx
0x08E726E4	rom	0x68	gMoveTypes_Pal
0x08E7274C	rom	0xFC	gMenuSummaryGfx
0x08E72848	rom	0x18	gMenuSummaryPal
0x08E72860	rom	0x1F0	gStatusGfx_Icons
0x08E72A50	rom	0x28	gStatusPal_Icons
0x08E72A78	rom	0x9F0	gStatusScreen_Gfx
0x08E73468	rom	0xA0	gStatusScreen_Pal
0x08E73508	rom	0x800	gUnknown_08E73508
0x08E73D08	rom	0x180	gStatusScreen_Tilemap
0x08E73E88	rom	0x800	gUnknown_08E73E88
0x08E74688	rom	0x800	gUnknown_08E74688
0x08E74E88	rom	0x19C	gUnknown_08E74E88
0x08E75024	rom	0xB7C	gBagMaleTiles
0x08E75BA0	rom	0xB60	gBagFemaleTiles
0x08E76700	rom	0x28	gBagPalette
0x08E76728	rom	0x86C	gBagScreen_Gfx
0x08E76F94	rom	0x38	gBagScreenMale_Pal
0x08E76FCC	rom	0x38	gBagScreenFemale_Pal
0x08E77004	rom	0x800	gBagScreen_Tilemap
0x08E77804	rom	0xFC	gBuyMenuFrame_Gfx
0x08E77900	rom	0x28	gMenuMoneyPal
0x08E77928	rom	0x134	gBuyMenuFrame_Tilemap
0x08E77A5C	rom	0x88	gMenuMoneyGfx
0x08E77AE4	rom	0x23C	gMenuPokeblock_Gfx
0x08E77D20	rom	0x70	gMenuPokeblock_Pal
0x08E77D90	rom	0x2C0	gMenuPokeblockDevice_Gfx
0x08E78050	rom	0x28	gMenuPokeblockDevice_Pal
0x08E78078	rom	0x150	gMenuPokeblock_Tilemap
0x08E781C8	rom	0x1C	gPokeblock_Gfx
0x08E781E4	rom	0x14	gPokeblockRed_Pal
0x08E781F8	rom	0x14	gPokeblockBlue_Pal
0x08E7820C	rom	0x14	gPokeblockPink_Pal
0x08E78220	rom	0x14	gPokeblockGreen_Pal
0x08E78234	rom	0x14	gPokeblockYellow_Pal
0x08E78248	rom	0x14	gPokeblockPurple_Pal
0x08E7825C	rom	0x14	gPokeblockIndigo_Pal
0x08E78270	rom	0x14	gPokeblockBrown_Pal
0x08E78284	rom	0x14	gPokeblockLiteBlue_Pal
0x08E78298	rom	0x14	gPokeblockOlive_Pal
0x08E782AC	rom	0x14	gPokeblockGray_Pal
0x08E782C0	rom	0x14	gPokeblockBlack_Pal
0x08E782D4	rom	0x14	gPokeblockWhite_Pal
0x08E782E8	rom	0x14	gPokeblockGold_Pal
0x08E782FC	rom	0x100	gUnknown_08E782FC
0x08E783FC	rom	0x440	gBerryCheck_Gfx
0x08E7883C	rom	0xA8	gBerryCheck_Pal
0x08E788E4	rom	0x1A0	gUnknown_08E788E4
0x08E78A84	rom	0x130	gUnknown_08E78A84
0x08E78BB4	rom	0x14C	gBerryCheckCircle_Gfx
0x08E78D00	rom	0x154	gBerryPic_Cheri
0x08E78E54	rom	0x174	gBerryPic_Oran
0x08E78FC8	rom	0x174	gBerryPic_Pecha
0x08E7913C	rom	0x198	gBerryPic_Rawst
0x08E792D4	rom	0x1A8	gBerryPic_Aspear
0x08E7947C	rom	0x170	gBerryPic_Leppa
0x08E795EC	rom	0x1E4	gBerryPic_Chesto
0x08E797D0	rom	0x150	gBerryPic_Persim
0x08E79920	rom	0x11C	gBerryPic_Lum
0x08E79A3C	rom	0x1A4	gBerryPic_Sitrus
0x08E79BE0	rom	0x1AC	gBerryPic_Figy
0x08E79D8C	rom	0x1F4	gBerryPic_Wiki
0x08E79F80	rom	0x1B4	gBerryPic_Mago
0x08E7A134	rom	0x174	gBerryPic_Aguav
0x08E7A2A8	rom	0x2B8	gBerryPic_Iapapa
0x08E7A560	rom	0x230	gBerryPic_Razz
0x08E7A790	rom	0x1E8	gBerryPic_Bluk
0x08E7A978	rom	0x174	gBerryPic_Nanab
0x08E7AAEC	rom	0x1C8	gBerryPic_Wepear
0x08E7ACB4	rom	0x214	gBerryPic_Pinap
0x08E7AEC8	rom	0x1A8	gBerryPic_Pomeg
0x08E7B070	rom	0x1A8	gBerryPic_Kelpsy
0x08E7B218	rom	0x1CC	gBerryPic_Qualot
0x08E7B3E4	rom	0x258	gBerryPic_Hondew
0x08E7B63C	rom	0x190	gBerryPic_Grepa
0x08E7B7CC	rom	0x2C4	gBerryPic_Tamato
0x08E7BA90	rom	0x204	gBerryPic_Cornn
0x08E7BC94	rom	0x1A4	gBerryPic_Magost
0x08E7BE38	rom	0x2F4	gBerryPic_Rabuta
0x08E7C12C	rom	0x1DC	gBerryPic_Nomel
0x08E7C308	rom	0x1F0	gBerryPic_Spelon
0x08E7C4F8	rom	0x250	gBerryPic_Pamtre
0x08E7C748	rom	0x2E4	gBerryPic_Watmel
0x08E7CA2C	rom	0x3CC	gBerryPic_Durin
0x08E7CDF8	rom	0x2D8	gBerryPic_Belue
0x08E7D0D0	rom	0x258	gBerryPic_Liechi
0x08E7D328	rom	0x198	gBerryPic_Ganlon
0x08E7D4C0	rom	0x244	gBerryPic_Salac
0x08E7D704	rom	0x2A8	gBerryPic_Petaya
0x08E7D9AC	rom	0x190	gBerryPic_Apicot
0x08E7DB3C	rom	0x1F4	gBerryPic_Lansat
0x08E7DD30	rom	0x1D0	gBerryPic_Starf
0x08E7DF00	rom	0x218	gBerryPic_Enigma
0x08E7E118	rom	0x28	gBerryPalette_Cheri
0x08E7E140	rom	0x28	gBerryPalette_Oran
0x08E7E168	rom	0x28	gBerryPalette_Pecha
0x08E7E190	rom	0x28	gBerryPalette_Rawst
0x08E7E1B8	rom	0x28	gBerryPalette_Aspear
0x08E7E1E0	rom	0x28	gBerryPalette_Leppa
0x08E7E208	rom	0x28	gBerryPalette_Chesto
0x08E7E230	rom	0x28	gBerryPalette_Persim
0x08E7E258	rom	0x28	gBerryPalette_Lum
0x08E7E280	rom	0x28	gBerryPalette_Sitrus
0x08E7E2A8	rom	0x28	gBerryPalette_Figy
0x08E7E2D0	rom	0x28	gBerryPalette_Wiki
0x08E7E2F8	rom	0x28	gBerryPalette_Mago
0x08E7E320	rom	0x28	gBerryPalette_Aguav
0x08E7E348	rom	0x28	gBerryPalette_Iapapa
0x08E7E370	rom	0x28	gBerryPalette_Razz
0x08E7E398	rom	0x28	gBerryPalette_Bluk
0x08E7E3C0	rom	0x28	gBerryPalette_Nanab
0x08E7E3E8	rom	0x28	gBerryPalette_Wepear
0x08E7E410	rom	0x28	gBerryPalette_Pinap
0x08E7E438	rom	0x28	gBerryPalette_Pomeg
0x08E7E460	rom	0x28	gBerryPalette_Kelpsy
0x08E7E488	rom	0x28	gBerryPalette_Qualot
0x08E7E4B0	rom	0x28	gBerryPalette_Hondew
0x08E7E4D8	rom	0x28	gBerryPalette_Grepa
0x08E7E500	rom	0x28	gBerryPalette_Tamato
0x08E7E528	rom	0x28	gBerryPalette_Cornn
0x08E7E550	rom	0x28	gBerryPalette_Magost
0x08E7E578	rom	0x28	gBerryPalette_Rabuta
0x08E7E5A0	rom	0x28	gBerryPalette_Nomel
0x08E7E5C8	rom	0x28	gBerryPalette_Spelon
0x08E7E5F0	rom	0x28	gBerryPalette_Pamtre
0x08E7E618	rom	0x28	gBerryPalette_Watmel
0x08E7E640	rom	0x28	gBerryPalette_Durin
0x08E7E668	rom	0x28	gBerryPalette_Belue
0x08E7E690	rom	0x28	gBerryPalette_Liechi
0x08E7E6B8	rom	0x28	gBerryPalette_Ganlon
0x08E7E6E0	rom	0x28	gBerryPalette_Salac
0x08E7E708	rom	0x28	gBerryPalette_Petaya
0x08E7E730	rom	0x28	gBerryPalette_Apicot
0x08E7E758	rom	0x28	gBerryPalette_Lansat
0x08E7E780	rom	0x28	gBerryPalette_Starf
0x08E7E7A8	rom	0x28	gBerryPalette_Enigma
0x08E7E7D0	rom	0x28	gBattleAnimSpritePalette_282
0x08E7E7F8	rom	0x1E8	gBattleAnimSpriteSheet_282
0x08E7E9E0	rom	0x1C	gBattleAnimSpritePalette_270
0x08E7E9FC	rom	0x128	gBattleAnimSpriteSheet_270
0x08E7EB24	rom	0x18	gBattleAnimSpritePalette_271
0x08E7EB3C	rom	0x60	gBattleAnimSpriteSheet_271
0x08E7EB9C	rom	0x80	gCableCarBG_Pal
0x08E7EC1C	rom	0x20	gCableCar_Pal
0x08E7EC3C	rom	0x19D8	gCableCarBG_Gfx
0x08E80614	rom	0x300	gCableCar_Gfx
0x08E80914	rom	0x30	gCableCarDoor_Gfx
0x08E80944	rom	0x28	gCableCarCord_Gfx
0x08E8096C	rom	0x72C	gUnknown_08E8096C
0x08E81098	rom	0x10A8	gRouletteWheelTiles
0x08E82140	rom	0x37C	gRouletteCenter_Gfx
0x08E824BC	rom	0x624	gRouletteHeadersTiles
0x08E82AE0	rom	0x150	gRouletteCreditTiles
0x08E82C30	rom	0xE4	gRouletteNumbersTiles
0x08E82D14	rom	0x188	gRouletteMultiplierTiles
0x08E82E9C	rom	0x20	gMailPalette_Orange
0x08E82EBC	rom	0x20	gMailPalette_Harbor
0x08E82EDC	rom	0x20	gMailPalette_Glitter
0x08E82EFC	rom	0x20	gMailPalette_Mech
0x08E82F1C	rom	0x20	gMailPalette_Wood
0x08E82F3C	rom	0x20	gMailPalette_Wave
0x08E82F5C	rom	0x20	gMailPalette_Bead
0x08E82F7C	rom	0x20	gMailPalette_Shadow
0x08E82F9C	rom	0x20	gMailPalette_Tropic
0x08E82FBC	rom	0x20	gMailPalette_Dream
0x08E82FDC	rom	0x20	gMailPalette_Fab
0x08E82FFC	rom	0x20	gMailPalette_Retro
0x08E8301C	rom	0x1A0	gMailTiles_Orange
0x08E831BC	rom	0x13C	gMailTiles_Harbor
0x08E832F8	rom	0x210	gMailTiles_Glitter
0x08E83508	rom	0xD8	gMailTiles_Mech
0x08E835E0	rom	0x1F8	gMailTiles_Wood
0x08E837D8	rom	0x180	gMailTiles_Wave
0x08E83958	rom	0xA8	gMailTiles_Bead
0x08E83A00	rom	0x190	gMailTiles_Shadow
0x08E83B90	rom	0x140	gMailTiles_Tropic
0x08E83CD0	rom	0x168	gMailTiles_Dream
0x08E83E38	rom	0x150	gMailTiles_Fab
0x08E83F88	rom	0x2A0	gMailTiles_Retro
0x08E84228	rom	0xD8	gMailTilemap_Orange
0x08E84300	rom	0xE0	gMailTilemap_Harbor
0x08E843E0	rom	0x10C	gMailTilemap_Glitter
0x08E844EC	rom	0xDC	gMailTilemap_Mech
0x08E845C8	rom	0xF0	gMailTilemap_Wood
0x08E846B8	rom	0xE0	gMailTilemap_Wave
0x08E84798	rom	0xE0	gMailTilemap_Bead
0x08E84878	rom	0x10C	gMailTilemap_Shadow
0x08E84984	rom	0xF0	gMailTilemap_Tropic
0x08E84A74	rom	0xF8	gMailTilemap_Dream
0x08E84B6C	rom	0x118	gMailTilemap_Fab
0x08E84C84	rom	0x114	gMailTilemap_Retro
0x08E84D98	rom	0x1E0	gNamingScreenBackButtonTiles
0x08E84F78	rom	0x20	gNamingScreenRightPointingTriangleTiles
0x08E84F98	rom	0x1E0	gNamingScreenOKButtonTiles
0x08E85178	rom	0x20	gNamingScreenUnderscoreTiles
0x08E85198	rom	0x280	gNamingScreenChangeKeyboardBoxTiles
0x08E85418	rom	0x100	gNamingScreenChangeKeyboardButtonTiles
0x08E85598	rom	0x60	gNamingScreenOthersTextTiles
0x08E855F8	rom	0x80	gNamingScreenCursorTiles
0x08E85678	rom	0x80	gNamingScreenActiveCursorSmallTiles
0x08E856F8	rom	0x80	gNamingScreenActiveCursorBigTiles
0x08E85778	rom	0x60	gNamingScreenLowerTextTiles
0x08E857D8	rom	0x60	gNamingScreenUpperTextTiles
0x08E85998	rom	0x800	gNamingScreenMenu_Gfx
0x08E86198	rom	0xC0	gNamingScreenPalettes
0x08E86258	rom	0x500	gUnknown_08E86258
0x08E86758	rom	0xD70	gPokedexMenu_Gfx
0x08E874C8	rom	0x62C	gPokedexMenu2_Gfx
0x08E87AF4	rom	0x60	gPokedexMenu_Pal
0x08E87B54	rom	0x60	gPokedexMenu2_Pal
0x08E87BB4	rom	0x1DC	gAreaUnknownTiles
0x08E87D90	rom	0x20	gAreaUnknownPalette
0x08E87DB0	rom	0x528	gPokedexMenuSearch_Gfx
0x08E882D8	rom	0x80	gPokedexMenuSearch_Pal
0x08E88358	rom	0x174	gPokenavMainMenu_Gfx
0x08E884CC	rom	0x55C	gPokenavMenuOptions_Gfx
0x08E88A28	rom	0x20	gPokenavMenuOptions1_Pal
0x08E88A48	rom	0x20	gPokenavMenuOptions2_Pal
0x08E88A68	rom	0x20	gPokenavMenuOptions3_Pal
0x08E88A88	rom	0x2C4	gPokenavHoennMapHeader_Gfx
0x08E88D4C	rom	0x578	gPokenavHoennMapMisc_Gfx
0x08E892C4	rom	0x364	gPokenavHoennMapSquares_Gfx
0x08E89628	rom	0x20	gPokenavHoennMap1_Pal
0x08E89648	rom	0x20	gPokenavHoennMapSquares_Pal
0x08E89668	rom	0x2F0	gPokenavConditionMenu_Gfx
0x08E89958	rom	0x20	gPokenavConditionMenu_Pal
0x08E89978	rom	0x160	gPokenavConditionMenuHeader_Gfx
0x08E89AD8	rom	0x6E8	gPokenavConditionView_Gfx
0x08E8A1C0	rom	0x20	gPokenavConditionMenu2_Pal
0x08E8A1E0	rom	0x2B8	gPokenavConditionMenuOptions_Gfx
0x08E8A498	rom	0x100	gPokenavConditionMenuCancel_Gfx
0x08E8A598	rom	0x20	gPokenavConditionPokeball_Pal
0x08E8A5B8	rom	0x20	gPokenavCondition4_Pal
0x08E8A5D8	rom	0x1EC	gPokenavConditionMenuOptions2_Gfx
0x08E8A7C4	rom	0x520	gPokenavConditionMenuMisc_Gfx
0x08E8ACE4	rom	0x20	gPokenavCondition5_Pal
0x08E8AD04	rom	0x4C0	gPokenavConditionSearch_Gfx
0x08E8B1C4	rom	0x20	gPokenavCondition6_Pal
0x08E8B1E4	rom	0x20	gPokenavCondition7_Pal
0x08E8B204	rom	0x19C	gPokenavTrainersEyesHeader_Gfx
0x08E8B3A0	rom	0x140	gPokenavRibbonsHeader_Gfx
0x08E8B4E0	rom	0x1400	gMenuTrainerCard_Gfx
0x08E8C8E0	rom	0x60	gMenuTrainerCard0Star_Pal
0x08E8C940	rom	0x60	gMenuTrainerCard1Star_Pal
0x08E8C9A0	rom	0x60	gMenuTrainerCard2Star_Pal
0x08E8CA00	rom	0x60	gMenuTrainerCard3Star_Pal
0x08E8CA60	rom	0x60	gMenuTrainerCard4Star_Pal
0x08E8CAC0	rom	0x500	gMenuTrainerCardFront_Tilemap
0x08E8CFC0	rom	0x500	gMenuTrainerCardBack_Tilemap
0x08E8D4C0	rom	0x500	gMenuTrainerCardFront2_Tilemap
0x08E8D9C0	rom	0x500	gMenuTrainerCardBackground_Tilemap
0x08E8DEC0	rom	0x228	gPSSMenuHeader_Gfx
0x08E8E0E8	rom	0x20	gPSSMenu1_Pal
0x08E8E108	rom	0x20	gPSSMenu2_Pal
0x08E8E128	rom	0x11C	gPSSMenuHeader_Tilemap
0x08E8E244	rom	0x464	gPSSMenuMisc_Gfx
0x08E8E6A8	rom	0x20	gPSSMenu3_Pal
0x08E8E6C8	rom	0x20	gPSSMenu4_Pal
0x08E8E6E8	rom	0x1C8	gPSSMenuMisc_Tilemap
0x08E8E8B0	rom	0x1C8	gHallOfFame_Gfx
0x08E8EA78	rom	0x20	gHallOfFame_Pal
0x08E8EA98	rom	0x380	gMenuWordGroupIndicator_Gfx
0x08E8EE18	rom	0x340	gMenuWordGroupFrame_Gfx
0x08E8F158	rom	0x20	gMenuWordGroupIndicator_Pal
0x08E8F178	rom	0x20	gMenuWordGroupFrame1_Pal
0x08E8F198	rom	0x20	gMenuWordGroupFrame2_Pal
0x08E8F1B8	rom	0x64C	gMiscClock_Gfx
0x08E8F804	rom	0x20	gMiscClockMale_Pal
0x08E8F824	rom	0x20	gMiscClockFemale_Pal
0x08E8F844	rom	0xBB4	gSlotMachine_Gfx
0x08E903F8	rom	0x20	gBattleInterfaceStatusIcons_DynPal
0x08E90418	rom	0x200	gUnusedArrowGfx
0x08E90618	rom	0x200	gBerryBlenderMarubatsuTiles
0x08E90818	rom	0xE0	gBerryBlenderParticlesTiles
0x08E90A18	rom	0x600	gBerryBlenderCountdownNumbersTiles
0x08E91018	rom	0x400	gBerryBlenderStartTiles
0x08E91418	rom	0x20	gUnknown_08E91418
0x08E91618	rom	0x800	gBerryBlenderArrowTiles
0x08E920D8	rom	0x20	gBerryBlenderMiscPalette
0x08E920F8	rom	0x20	gBerryBlenderArrowPalette
0x08E92118	rom	0x21F8	gTilesetTiles_General
0x08E94310	rom	0x200	gTilesetPalettes_General
0x08E94510	rom	0x40	gUnknown_08E94510
0x08E94550	rom	0x40	gUnknown_08E94550
0x08E94590	rom	0x40	gUnknown_08E94590
0x08E945D0	rom	0x500	gUnknown_08E945D0
0x08E94AD0	rom	0x900	gUnknown_08E94AD0
0x08E953D0	rom	0xE0	gUnknown_08E953D0
0x08E954B0	rom	0x2C4	gUnknown_08E954B0
0x08E95774	rom	0x2A4	gUnknown_08E95774
0x08E95A18	rom	0xA0	gUnknown_08E95A18
0x08E95AB8	rom	0x500	gUnknown_08E95AB8
0x08E95FB8	rom	0x500	gUnknown_08E95FB8
0x08E964B8	rom	0x200	gUnknown_08E964B8
0x08E966B8	rom	0x20	gUnknown_08E966B8
0x08E966D8	rom	0x60	gMonIconPalettes
0x08E96738	rom	0x150	gUnknown_08E96738
0x08E96888	rom	0x10C	gPokedexStartMenuMain_Tilemap
0x08E96994	rom	0x138	gPokedexStartMenuSearchResults_Tilemap
0x08E96ACC	rom	0x8C	gPokedexScreenSelectBarMain_Tilemap
0x08E96B58	rom	0x7C	gPokedexScreenSelectBarSubmenu_Tilemap
0x08E96BD4	rom	0x158	gUnknown_08E96BD4
0x08E96D2C	rom	0x19C	gPokedexMenuSearch_Tilemap
0x08E96EC8	rom	0x800	gBagScreenLabels_Tilemap
0x08E976C8	rom	0x20	gSlotMachineSpritePalette0
0x08E976E8	rom	0x20	gSlotMachineSpritePalette1
0x08E97708	rom	0x20	gSlotMachineSpritePalette2
0x08E97728	rom	0x20	gSlotMachineSpritePalette3
0x08E97748	rom	0x20	gSlotMachineSpritePalette4
0x08E97768	rom	0x20	gSlotMachineSpritePalette5
0x08E97788	rom	0x20	gSlotMachineSpritePalette6
0x08E977A8	rom	0x200	gSlotMachineReelSymbol1Tiles
0x08E979A8	rom	0x200	gSlotMachineReelSymbol2Tiles
0x08E97BA8	rom	0x200	gSlotMachineReelSymbol3Tiles
0x08E97DA8	rom	0x200	gSlotMachineReelSymbol4Tiles
0x08E97FA8	rom	0x200	gSlotMachineReelSymbol5Tiles
0x08E981A8	rom	0x200	gSlotMachineReelSymbol6Tiles
0x08E983A8	rom	0x200	gSlotMachineReelSymbol7Tiles
0x08E985A8	rom	0x40	gSlotMachineNumber0Tiles
0x08E985E8	rom	0x40	gSlotMachineNumber1Tiles
0x08E98628	rom	0x40	gSlotMachineNumber2Tiles
0x08E98668	rom	0x40	gSlotMachineNumber3Tiles
0x08E986A8	rom	0x40	gSlotMachineNumber4Tiles
0x08E986E8	rom	0x40	gSlotMachineNumber5Tiles
0x08E98728	rom	0x40	gSlotMachineNumber6Tiles
0x08E98768	rom	0x40	gSlotMachineNumber7Tiles
0x08E987A8	rom	0x40	gSlotMachineNumber8Tiles
0x08E987E8	rom	0x40	gSlotMachineNumber9Tiles
0x08E98828	rom	0x20	gSpriteImage_8E98828
0x08E98848	rom	0x20	gSpriteImage_8E98848
0x08E98868	rom	0x80	gSpriteImage_8E98868
0x08E988E8	rom	0x80	gSpriteImage_8E988E8
0x08E98968	rom	0x80	gSpriteImage_8E98968
0x08E989E8	rom	0x80	gSpriteImage_8E989E8
0x08E98A68	rom	0x80	gSpriteImage_8E98A68
0x08E98AE8	rom	0x80	gSpriteImage_8E98AE8
0x08E98B68	rom	0x80	gSpriteImage_8E98B68
0x08E98BE8	rom	0x100	gSpriteImage_8E98BE8
0x08E98CE8	rom	0x100	gSpriteImage_8E98CE8
0x08E98DE8	rom	0x200	gSpriteImage_8E98DE8
0x08E98FE8	rom	0x200	gSpriteImage_8E98FE8
0x08E991E8	rom	0x200	gSpriteImage_8E991E8
0x08E993E8	rom	0x400	gSpriteImage_8E993E8
0x08E997E8	rom	0x20	gUnknownPalette_08E997E8
0x08E99808	rom	0x40	gSpriteImage_8E99808
0x08E99848	rom	0x768	gSlotMachineReelTimeLights_Gfx
0x08E99FB0	rom	0x150	gUnknown_08E99FB0
0x08E9A100	rom	0x200	gUnknown_08E9A100
0x08E9A300	rom	0x800	gUnknown_08E9A300
0x08E9AB00	rom	0x40	gUnknown_08E9AB00
0x08E9AB40	rom	0x20	gUnknown_08E9AB40
0x08E9AB60	rom	0x54	gUnknown_08E9AB60
0x08E9ABB4	rom	0x78	gUnknown_08E9ABB4
0x08E9AC2C	rom	0x20	gUnknown_08E9AC2C
0x08E9AC4C	rom	0x190	gUnknown_08E9AC4C
0x08E9ADDC	rom	0x120	gTextWindowFrame1_Gfx
0x08E9AEFC	rom	0x20	gTextWindowFrame1_Pal
0x08E9AF1C	rom	0x120	gTextWindowFrame2_Gfx
0x08E9B03C	rom	0x20	gTextWindowFrame2_Pal
0x08E9B05C	rom	0x120	gTextWindowFrame3_Gfx
0x08E9B17C	rom	0x20	gTextWindowFrame3_Pal
0x08E9B19C	rom	0x120	gTextWindowFrame4_Gfx
0x08E9B2BC	rom	0x20	gTextWindowFrame4_Pal
0x08E9B2DC	rom	0x120	gTextWindowFrame5_Gfx
0x08E9B3FC	rom	0x20	gTextWindowFrame5_Pal
0x08E9B41C	rom	0x120	gTextWindowFrame6_Gfx
0x08E9B53C	rom	0x20	gTextWindowFrame6_Pal
0x08E9B55C	rom	0x120	gTextWindowFrame7_Gfx
0x08E9B67C	rom	0x20	gTextWindowFrame7_Pal
0x08E9B69C	rom	0x120	gTextWindowFrame8_Gfx
0x08E9B7BC	rom	0x20	gTextWindowFrame8_Pal
0x08E9B7DC	rom	0x120	gTextWindowFrame9_Gfx
0x08E9B8FC	rom	0x20	gTextWindowFrame9_Pal
0x08E9B91C	rom	0x120	gTextWindowFrame10_Gfx
0x08E9BA3C	rom	0x20	gTextWindowFrame10_Pal
0x08E9BA5C	rom	0x120	gTextWindowFrame11_Gfx
0x08E9BB7C	rom	0x20	gTextWindowFrame11_Pal
0x08E9BB9C	rom	0x120	gTextWindowFrame12_Gfx
0x08E9BCBC	rom	0x20	gTextWindowFrame12_Pal
0x08E9BCDC	rom	0x120	gTextWindowFrame13_Gfx
0x08E9BDFC	rom	0x20	gTextWindowFrame13_Pal
0x08E9BE1C	rom	0x120	gTextWindowFrame14_Gfx
0x08E9BF3C	rom	0x20	gTextWindowFrame14_Pal
0x08E9BF5C	rom	0x120	gTextWindowFrame15_Gfx
0x08E9C07C	rom	0x20	gTextWindowFrame15_Pal
0x08E9C09C	rom	0x120	gTextWindowFrame16_Gfx
0x08E9C1BC	rom	0x20	gTextWindowFrame16_Pal
0x08E9C1DC	rom	0x120	gTextWindowFrame17_Gfx
0x08E9C2FC	rom	0x20	gTextWindowFrame17_Pal
0x08E9C31C	rom	0x120	gTextWindowFrame18_Gfx
0x08E9C43C	rom	0x20	gTextWindowFrame18_Pal
0x08E9C45C	rom	0x120	gTextWindowFrame19_Gfx
0x08E9C57C	rom	0x20	gTextWindowFrame19_Pal
0x08E9C59C	rom	0x120	gTextWindowFrame20_Gfx
0x08E9C6BC	rom	0x20	gTextWindowFrame20_Pal
0x08E9C6DC	rom	0xBC	gUnknown_08E9C6DC
0x08E9C798	rom	0x28C	gIntroCopyright_Gfx
0x08E9CA24	rom	0x20	gIntroCopyright_Pal
0x08E9CA44	rom	0x500	gIntroCopyright_Tilemap
0x08E9CF44	rom	0x700	gInterviewOutlineCursorTiles
0x08E9D644	rom	0x268	gTitleScreenPressStart_Gfx
0x08E9D8AC	rom	0x20	gTitleScreenLogoShinePalette
0x08E9D8CC	rom	0x1704	gUnknown_08E9D8CC
0x08E9EFD0	rom	0x800	gVersionTiles
0x08E9F7D0	rom	0x1C0	gUnknown_08E9F624
0x08E9F990	rom	0x184	gUnknown_08E9F7E4
0x08E9FB14	rom	0x20	gPokenavArrowsPalette
0x08E9FB34	rom	0x20	gUnknown_08E9F988
0x08E9FB54	rom	0x40	gPokenavArrow_Gfx
0x08E9FB94	rom	0x20	gUnknown_08E9F9E8
0x08E9FBB4	rom	0xF4	gPokenavConditionSearch2_Gfx
0x08E9FCA8	rom	0x20	gPokenavRibbonView_Pal
0x08E9FCC8	rom	0x84	gPokenavRibbonView_Gfx
0x08E9FD4C	rom	0xC4	gUnknown_08E9FBA0
0x08E9FE10	rom	0xB8	gUnknown_08E9FC64
0x08E9FEC8	rom	0x48	gUnknown_08E9FD1C
0x08E9FF10	rom	0xF0	gUnknown_08E9FD64
0x08EA0000	rom	0x60	gUnknown_08E9FE54
0x08EA0060	rom	0xA4	gUnknown_08E9FEB4
0x08EA0104	rom	0xD0	gUnknown_08E9FF58
0x08EA01D4	rom	0xE0	gPokenavRibbonPokeView_Gfx
0x08EA02B4	rom	0x1C0	gDialogueFrame_Gfx
0x08EA0474	rom	0x60	gUnknown_08EA02C8
0x08EA04D4	rom	0x20	gUnknown_08EA0328
0x08EA04F4	rom	0x1280	gUnknown_08EA0348
0x08EA1774	rom	0x800	gUnknown_08EA15C8
0x08EA1F74	rom	0x24	gTradeMonBoxTilemap
0x08EA1F98	rom	0x800	gUnknown_08EA1DEC
0x08EA2798	rom	0x20	gUnknown_08EA25EC
0x08EA27B8	rom	0x438	gCreditsCopyrightEnd_Gfx
0x08EA2BF0	rom	0x200	gDecoration10000_Gfx
0x08EA2DF0	rom	0x3F80	gFont3LatinGlyphs
0x08EA6D70	rom	0x1B80	gFont4LatinGlyphs
0x08EA88F0	rom	0x3F80	gFont3JapaneseGlyphs
0x08EAC870	rom	0x1B80	gFont4JapaneseGlyphs
